d,q,gamma,v,ordering_class,T_xx,T_yy,T_zz,Q,fixed_chsh,s_max,concurrence,diqkd_rate_raw,chsh_valid,entangled,chsh_violating,shared_p,p
0.001,0.001,0.001,0.5,1,4.961782051235522e-01,-4.961782051235522e-01,4.976717191120000e-01,2.511641404440003e-01,1.405516041817391e+00,1.405517628837893e+00,2.450140646795522e-01,,False,True,False,True,0.001
0.001,0.001,0.001,0.5,2,4.961782051235521e-01,-4.961782051235521e-01,4.976717164471113e-01,2.511641417764445e-01,1.405516038048669e+00,1.405517625063512e+00,2.450140633471077e-01,,False,True,False,True,0.001
0.001,0.001,0.001,0.6,1,5.954138461482628e-01,-5.954138461482628e-01,5.972058629343999e-01,2.013970685328002e-01,1.686618967338156e+00,1.686620871338059e+00,3.940167776154627e-01,,False,True,False,True,0.001
0.001,0.001,0.001,0.6,2,5.954138461482626e-01,-5.954138461482626e-01,5.972058602695116e-01,2.013970698652445e-01,1.686618963569435e+00,1.686620867563679e+00,3.940167762830185e-01,,False,True,False,True,0.001
0.001,0.001,0.001,0.7,1,6.946494871729730e-01,-6.946494871729730e-01,6.967400067568006e-01,1.516299966216000e-01,1.967721892858923e+00,1.967724113838260e+00,5.430194905513733e-01,,False,True,False,True,0.001
0.001,0.001,0.001,0.7,2,6.946494871729728e-01,-6.946494871729728e-01,6.967400040919116e-01,1.516299979540444e-01,1.967721889090200e+00,1.967724110063879e+00,5.430194892189286e-01,,False,True,False,True,0.001
0.001,0.001,0.001,0.8,1,7.938851281976835e-01,-7.938851281976835e-01,7.962741505792003e-01,1.018629247104001e-01,2.248824818379688e+00,2.248827356338480e+00,6.920222034872836e-01,-2.747814140775139e-01,True,True,True,True,0.001
0.001,0.001,0.001,0.8,2,7.938851281976835e-01,-7.938851281976835e-01,7.962741479143114e-01,1.018629260428444e-01,2.248824814610966e+00,2.248827352564100e+00,6.920222021548392e-01,-2.747814216407737e-01,True,True,True,True,0.001
0.001,0.001,0.001,0.85,1,8.435029487100388e-01,-8.435029487100388e-01,8.460412224904003e-01,7.697938875480005e-02,2.389376281140071e+00,2.389378977588596e+00,7.665235599552389e-01,-5.634347273982554e-02,True,True,True,True,0.001
0.001,0.001,0.001,0.85,2,8.435029487100388e-01,-8.435029487100388e-01,8.460412198255114e-01,7.697939008724448e-02,2.389376277371349e+00,2.389378973814217e+00,7.665235586227945e-01,-5.634348139891610e-02,True,True,True,True,0.001
0.001,0.001,0.001,0.9,1,8.931207692223938e-01,-8.931207692223938e-01,8.958082944015998e-01,5.209585279920002e-02,2.529927743900453e+00,2.529930598838714e+00,8.410249164231938e-01,1.968826231836913e-01,True,True,True,True,0.001
0.001,0.001,0.001,0.9,2,8.931207692223938e-01,-8.931207692223938e-01,8.958082917367114e-01,5.209585413164445e-02,2.529927740131732e+00,2.529930595064335e+00,8.410249150907495e-01,1.968826130259086e-01,True,True,True,True,0.001
0.001,0.001,0.001,0.95,1,9.427385897347489e-01,-9.427385897347489e-01,9.455753663128001e-01,2.721231684360003e-02,2.670479206660836e+00,2.670482220088836e+00,9.155262728911490e-01,5.019366193020689e-01,True,True,True,True,0.001
0.001,0.001,0.001,0.95,2,9.427385897347490e-01,-9.427385897347490e-01,9.455753636479114e-01,2.721231817604448e-02,2.670479202892114e+00,2.670482216314457e+00,9.155262715587047e-01,5.019366066938670e-01,True,True,True,True,0.001
0.001,0.001,0.001,1.0,1,9.923564102471044e-01,-9.923564102471044e-01,9.953424382240003e-01,2.328780888000000e-03,2.811030669421220e+00,2.811033841338960e+00,9.900276293591046e-01,9.221133134309875e-01,True,True,True,True,0.001
0.001,0.001,0.001,1.0,2,9.923564102471042e-01,-9.923564102471042e-01,9.953424355591112e-01,2.328782220444445e-03,2.811030665652497e+00,2.811033837564580e+00,9.900276280266598e-01,9.221132919514007e-01,True,True,True,True,0.001
0.002,0.002,0.002,0.5,1,4.923794188656643e-01,-4.923794188656643e-01,4.953535306808896e-01,2.523232346595555e-01,1.396865333251516e+00,1.396871665516217e+00,2.400561842061091e-01,,False,True,False,True,0.002
0.002,0.002,0.002,0.5,2,4.923794188656641e-01,-4.923794188656641e-01,4.953535093759999e-01,2.523232453120002e-01,1.396865303121852e+00,1.396871635295968e+00,2.400561735536641e-01,,False,True,False,True,0.002
0.002,0.002,0.002,0.6,1,5.908553026387968e-01,-5.908553026387968e-01,5.944234368170669e-01,2.027882815914668e-01,1.676237268530968e+00,1.676244863847520e+00,3.880670210473303e-01,,False,True,False,True,0.002
0.002,0.002,0.002,0.6,2,5.908553026387970e-01,-5.908553026387970e-01,5.944234155121775e-01,2.027882922439112e-01,1.676237238401305e+00,1.676244833627292e+00,3.880670103948858e-01,,False,True,False,True,0.002
0.002,0.002,0.002,0.7,1,6.893311864119298e-01,-6.893311864119298e-01,6.934933429532442e-01,1.532533285233779e-01,1.955609203810421e+00,1.955618062179366e+00,5.360778578885519e-01,,False,True,False,True,0.002
0.002,0.002,0.002,0.7,2,6.893311864119298e-01,-6.893311864119298e-01,6.934933216483555e-01,1.532533391758223e-01,1.955609173680759e+00,1.955618031959154e+00,5.360778472361076e-01,,False,True,False,True,0.002
0.002,0.002,0.002,0.8,1,7.878070701850627e-01,-7.878070701850627e-01,7.925632490894226e-01,1.037183754552888e-01,2.234981139089875e+00,2.234991260511552e+00,6.840886947297740e-01,-2.929135481200285e-01,True,True,True,True,0.002
0.002,0.002,0.002,0.8,2,7.878070701850625e-01,-7.878070701850625e-01,7.925632277845335e-01,1.037183861077334e-01,2.234981108960212e+00,2.234991230291350e+00,6.840886840773293e-01,-2.929136079314716e-01,True,True,True,True,0.002
0.002,0.002,0.002,0.85,1,8.370450120716290e-01,-8.370450120716290e-01,8.420982021575117e-01,7.895089892124448e-02,2.374667106729602e+00,2.374677859677735e+00,7.580941131503849e-01,-7.841127413224869e-02,True,True,True,True,0.002
0.002,0.002,0.002,0.85,2,8.370450120716288e-01,-8.370450120716288e-01,8.420981808526227e-01,7.895090957368890e-02,2.374667076599939e+00,2.374677829457537e+00,7.580941024979402e-01,-7.841134246010417e-02,True,True,True,True,0.002
0.002,0.002,0.002,0.9,1,8.862829539581955e-01,-8.862829539581955e-01,8.916331552256002e-01,5.418342238720000e-02,2.514353074369328e+00,2.514364458843963e+00,8.320995315709956e-01,1.694684315206533e-01,True,True,True,True,0.002
0.002,0.002,0.002,0.9,2,8.862829539581955e-01,-8.862829539581955e-01,8.916331339207116e-01,5.418343303964446e-02,2.514353044239666e+00,2.514364428623770e+00,8.320995209185513e-01,1.694683516841609e-01,True,True,True,True,0.002
0.002,0.002,0.002,0.95,1,9.355208958447618e-01,-9.355208958447618e-01,9.411681082936892e-01,2.941594585315558e-02,2.654039042009054e+00,2.654051058010231e+00,9.061049499916065e-01,4.660852030237963e-01,True,True,True,True,0.002
0.002,0.002,0.002,0.95,2,9.355208958447617e-01,-9.355208958447617e-01,9.411680869888006e-01,2.941595650560004e-02,2.654039011879392e+00,2.654051027790042e+00,9.061049393391620e-01,4.660851048953918e-01,True,True,True,True,0.002
0.002,0.002,0.002,1.0,1,9.847588377313286e-01,-9.847588377313286e-01,9.907030613617782e-01,4.648469319111111e-03,2.793725009648782e+00,2.793737657176533e+00,9.801103684122177e-01,8.613143767990825e-01,True,True,True,True,0.002
0.002,0.002,0.002,1.0,2,9.847588377313282e-01,-9.847588377313282e-01,9.907030400568896e-01,4.648479971555556e-03,2.793724979519119e+00,2.793737626956347e+00,9.801103577597730e-01,8.613142261234908e-01,True,True,True,True,0.002
0.003,0.003,0.003,0.5,1,4.886035390071360e-01,-4.886035390071360e-01,4.930454160720001e-01,2.534772919639999e-01,1.388261265762291e+00,1.388275477907623e+00,2.351262470431361e-01,,False,True,False,True,0.003
0.003,0.003,0.003,0.5,2,4.886035390071359e-01,-4.886035390071359e-01,4.930453442159998e-01,2.534773278920000e-01,1.388261164142561e+00,1.388275375829121e+00,2.351262111151358e-01,,False,True,False,True,0.003
0.003,0.003,0.003,0.6,1,5.863242468085632e-01,-5.863242468085632e-01,5.916526992863995e-01,2.041736503568001e-01,1.665910973330336e+00,1.665928016414289e+00,3.821505964517630e-01,,False,True,False,True,0.003
0.003,0.003,0.003,0.6,2,5.863242468085629e-01,-5.863242468085629e-01,5.916526274304001e-01,2.041736862848000e-01,1.665910871710607e+00,1.665927914335941e+00,3.821505605237629e-01,,False,True,False,True,0.003
0.003,0.003,0.003,0.7,1,6.840449546099903e-01,-6.840449546099903e-01,6.902599825008001e-01,1.548700087496000e-01,1.943560680898383e+00,1.943580554923710e+00,5.291749458603903e-01,,False,True,False,True,0.003
0.003,0.003,0.003,0.7,2,6.840449546099905e-01,-6.840449546099905e-01,6.902599106448000e-01,1.548700446776000e-01,1.943560579278653e+00,1.943580452845471e+00,5.291749099323905e-01,,False,True,False,True,0.003
0.003,0.003,0.003,0.8,1,7.817656624114177e-01,-7.817656624114177e-01,7.888672657151996e-01,1.055663671424000e-01,2.221210388466429e+00,2.221233093434850e+00,6.761992952690175e-01,-3.107487181391512e-01,True,True,True,True,0.003
0.003,0.003,0.003,0.8,2,7.817656624114174e-01,-7.817656624114174e-01,7.888671938591995e-01,1.055664030704000e-01,2.221210286846699e+00,2.221232991356692e+00,6.761992593410171e-01,-3.107489177131844e-01,True,True,True,True,0.003
0.003,0.003,0.003,0.85,1,8.306260163121311e-01,-8.306260163121311e-01,8.381709073223998e-01,8.091454633880002e-02,2.360035242250452e+00,2.360059362690876e+00,7.497114699733309e-01,-1.000678495250258e-01,True,True,True,True,0.003
0.003,0.003,0.003,0.85,2,8.306260163121307e-01,-8.306260163121307e-01,8.381708354663999e-01,8.091458226679998e-02,2.360035140630722e+00,2.360059260612752e+00,7.497114340453307e-01,-1.000680770424371e-01,True,True,True,True,0.003
0.003,0.003,0.003,0.9,1,8.794863702128447e-01,-8.794863702128447e-01,8.874745489295999e-01,5.626272553520000e-02,2.498860096034475e+00,2.498885631947138e+00,8.232236446776446e-01,1.426760096231077e-01,True,True,True,True,0.003
0.003,0.003,0.003,0.9,2,8.794863702128446e-01,-8.794863702128446e-01,8.874744770735998e-01,5.626276146319999e-02,2.498859994414745e+00,2.498885529869045e+00,8.232236087496445e-01,1.426757447640656e-01,True,True,True,True,0.003
0.003,0.003,0.003,0.95,1,9.283467241135580e-01,-9.283467241135580e-01,9.367781905367992e-01,3.161090473160003e-02,2.637684949818496e+00,2.637711901203597e+00,8.967358193819577e-01,4.313930438985913e-01,True,True,True,True,0.003
0.003,0.003,0.003,0.95,2,9.283467241135580e-01,-9.283467241135580e-01,9.367781186807997e-01,3.161094065960002e-02,2.637684848198767e+00,2.637711799125532e+00,8.967357834539579e-01,4.313927211686894e-01,True,True,True,True,0.003
0.003,0.003,0.003,1.0,1,9.772070780142720e-01,-9.772070780142720e-01,9.860818321440000e-01,6.959083927999999e-03,2.776509803602521e+00,2.776538170460229e+00,9.702479940862720e-01,8.070121702513082e-01,True,True,True,True,0.003
0.003,0.003,0.003,1.0,2,9.772070780142719e-01,-9.772070780142719e-01,9.860817602879999e-01,6.959119855999997e-03,2.776509701982791e+00,2.776538068382187e+00,9.702479581582718e-01,8.070117033659463e-01,True,True,True,True,0.003
0.004,0.004,0.004,0.5,1,4.848504636265816e-01,-4.848504636265816e-01,4.907473566720000e-01,2.546263216640003e-01,1.379703668887884e+00,1.379728872147664e+00,2.302241419625816e-01,,False,True,False,True,0.004
0.004,0.004,0.004,0.5,2,4.848504636265814e-01,-4.848504636265814e-01,4.907471864604446e-01,2.546264067697781e-01,1.379703428172393e+00,1.379728629981640e+00,2.302240568568037e-01,,False,True,False,True,0.004
0.004,0.004,0.004,0.6,1,5.818205563518978e-01,-5.818205563518978e-01,5.888936280064001e-01,2.055531859968000e-01,1.655639877182061e+00,1.655670093829290e+00,3.762673703550978e-01,,False,True,False,True,0.004
0.004,0.004,0.004,0.6,2,5.818205563518977e-01,-5.818205563518977e-01,5.888934577948444e-01,2.055532711025778e-01,1.655639636466570e+00,1.655669851663912e+00,3.762672852493198e-01,,False,True,False,True,0.004
0.004,0.004,0.004,0.7,1,6.787906490772142e-01,-6.787906490772142e-01,6.870398993408001e-01,1.564800503296001e-01,1.931576085476238e+00,1.931611315519644e+00,5.223105987476142e-01,,False,True,False,True,0.004
0.004,0.004,0.004,0.7,2,6.787906490772140e-01,-6.787906490772140e-01,6.870397291292444e-01,1.564801354353779e-01,1.931575844760747e+00,1.931611073354728e+00,5.223105136418362e-01,,False,True,False,True,0.004
0.004,0.004,0.004,0.8,1,7.757607418025304e-01,-7.757607418025304e-01,7.851861706752008e-01,1.074069146624000e-01,2.207512293770416e+00,2.207552537215455e+00,6.683538271401308e-01,-3.282944369497147e-01,True,True,True,True,0.004
0.004,0.004,0.004,0.8,2,7.757607418025304e-01,-7.757607418025304e-01,7.851860004636447e-01,1.074069997681778e-01,2.207512053054925e+00,2.207552295050885e+00,6.683537420343528e-01,-3.282949047110031e-01,True,True,True,True,0.004
0.004,0.004,0.004,0.85,1,8.242457881651883e-01,-8.242457881651883e-01,8.342593063424000e-01,8.287034682880008e-02,2.345480397917503e+00,2.345523148064802e+00,7.413754413363883e-01,-1.213266042392516e-01,True,True,True,True,0.004
0.004,0.004,0.004,0.85,2,8.242457881651882e-01,-8.242457881651882e-01,8.342591361308449e-01,8.287043193457783e-02,2.345480157202013e+00,2.345522905900376e+00,7.413753562306107e-01,-1.213271364397748e-01,True,True,True,True,0.004
0.004,0.004,0.004,0.9,1,8.727308345278468e-01,-8.727308345278468e-01,8.833324420096001e-01,5.833377899520002e-02,2.483448502064592e+00,2.483493758914900e+00,8.143970555326470e-01,1.164764010898582e-01,True,True,True,True,0.004
0.004,0.004,0.004,0.9,2,8.727308345278468e-01,-8.727308345278468e-01,8.833322717980446e-01,5.833386410097779e-02,2.483448261349102e+00,2.483493516750601e+00,8.143969704268692e-01,1.164757836725197e-01,True,True,True,True,0.004
0.004,0.004,0.004,0.95,1,9.212158808905047e-01,-9.212158808905047e-01,9.324055776768000e-01,3.379721116160003e-02,2.621416606211680e+00,2.621464369765628e+00,8.874186697289046e-01,3.977645770980683e-01,True,True,True,True,0.004
0.004,0.004,0.004,0.95,2,9.212158808905048e-01,-9.212158808905048e-01,9.324054074652446e-01,3.379729626737782e-02,2.621416365496190e+00,2.621464127601442e+00,8.874185846231271e-01,3.977638305796611e-01,True,True,True,True,0.004
0.004,0.004,0.004,1.0,1,9.697009272531631e-01,-9.697009272531631e-01,9.814787133440004e-01,9.260643328000001e-03,2.759384710358770e+00,2.759434980616894e+00,9.604402839251633e-01,7.569519008621923e-01,True,True,True,True,0.004
0.004,0.004,0.004,1.0,2,9.697009272531628e-01,-9.697009272531628e-01,9.814785431324445e-01,9.260728433777782e-03,2.759384469643278e+00,2.759434738452808e+00,9.604401988193851e-01,7.569508640403536e-01,True,True,True,True,0.004
0.005,0.005,0.005,0.5,1,4.811200910999997e-01,-4.811200910999997e-01,4.884593338888880e-01,2.557703330555555e-01,1.371192372617192e+00,1.371231655006911e+00,2.253497580444437e-01,,False,True,False,True,0.005
0.005,0.005,0.005,0.5,2,4.811200910999996e-01,-4.811200910999996e-01,4.884590016666658e-01,2.557704991666666e-01,1.371191902784019e+00,1.371231181630972e+00,2.253495919333325e-01,,False,True,False,True,0.005
0.005,0.005,0.005,0.6,1,5.773441093199997e-01,-5.773441093199997e-01,5.861462006666660e-01,2.069268996666666e-01,1.645423776072819e+00,1.645470861635017e+00,3.704172096533327e-01,,False,True,False,True,0.005
0.005,0.005,0.005,0.6,2,5.773441093199997e-01,-5.773441093199997e-01,5.861458684444437e-01,2.069270657777777e-01,1.645423306239646e+00,1.645470388261053e+00,3.704170435422215e-01,,False,True,False,True,0.005
0.005,0.005,0.005,0.7,1,6.735681275399994e-01,-6.735681275399994e-01,6.838330674444436e-01,1.580834662777776e-01,1.919655179528445e+00,1.919710068284498e+00,5.154846612622213e-01,,False,True,False,True,0.005
0.005,0.005,0.005,0.7,2,6.735681275399996e-01,-6.735681275399996e-01,6.838327352222213e-01,1.580836323888888e-01,1.919654709695273e+00,1.919709594911945e+00,5.154844951511103e-01,,False,True,False,True,0.005
0.005,0.005,0.005,0.8,1,7.697921457599992e-01,-7.697921457599992e-01,7.815199342222215e-01,1.092400328888888e-01,2.193886582984072e+00,2.193949274947339e+00,6.605521128711100e-01,-3.455578849093740e-01,True,True,True,True,0.005
0.005,0.005,0.005,0.8,2,7.697921457599993e-01,-7.697921457599993e-01,7.815196019999991e-01,1.092401989999999e-01,2.193886113150900e+00,2.193948801575845e+00,6.605519467599990e-01,-3.455587883797450e-01,True,True,True,True,0.005
0.005,0.005,0.005,0.85,1,8.179041548699993e-01,-8.179041548699993e-01,8.303633676111104e-01,8.481831619444442e-02,2.331002284711886e+00,2.331068878282297e+00,7.330858386755545e-01,-1.422001425545344e-01,True,True,True,True,0.005
0.005,0.005,0.005,0.85,2,8.179041548699993e-01,-8.179041548699993e-01,8.303630353888882e-01,8.481848230555554e-02,2.331001814878713e+00,2.331068404911238e+00,7.330856725644435e-01,-1.422011685501692e-01,True,True,True,True,0.005
0.005,0.005,0.005,0.9,1,8.660161639799995e-01,-8.660161639799995e-01,8.792068009999990e-01,6.039659949999999e-02,2.468117986439699e+00,2.468188481619088e+00,8.056195644799991e-01,9.084319700437293e-02,True,True,True,True,0.005
0.005,0.005,0.005,0.9,2,8.660161639799995e-01,-8.660161639799995e-01,8.792064687777765e-01,6.039676561111108e-02,2.468117516606526e+00,2.468188008248416e+00,8.056193983688877e-01,9.084201055721830e-02,True,True,True,True,0.005
0.005,0.005,0.005,0.95,1,9.141281730899989e-01,-9.141281730899989e-01,9.280502343888881e-01,3.597488280555555e-02,2.605233688167512e+00,2.605308084957424e+00,8.781532902844430e-01,3.651190126862084e-01,True,True,True,True,0.005
0.005,0.005,0.005,0.95,2,9.141281730899992e-01,-9.141281730899992e-01,9.280499021666661e-01,3.597504891666665e-02,2.605233218334340e+00,2.605307611587099e+00,8.781531241733322e-01,3.651175881042910e-01,True,True,True,True,0.005
0.005,0.005,0.005,1.0,1,9.622401821999994e-01,-9.622401821999994e-01,9.768936677777771e-01,1.155316611111110e-02,2.742349389895326e+00,2.742427688297072e+00,9.506870160888879e-01,7.100609665243309e-01,True,True,True,True,0.005
0.005,0.005,0.005,1.0,2,9.622401821999992e-01,-9.622401821999992e-01,9.768933355555546e-01,1.155333222222221e-02,2.742348920062152e+00,2.742427214927058e+00,9.506868499777765e-01,7.100590471229993e-01,True,True,True,True,0.005
0.006,0.006,0.006,0.5,1,4.774123201003516e-01,-4.774123201003516e-01,4.861813291519997e-01,2.569093354239996e-01,1.362727207389258e+00,1.362783633889996e+00,2.205029846763514e-01,,False,True,False,True,0.006
0.006,0.006,0.006,0.5,2,4.774123201003516e-01,-4.774123201003516e-01,4.861807554559991e-01,2.569096222720001e-01,1.362726396060594e+00,1.362782815212118e+00,2.205026978283512e-01,,False,True,False,True,0.006
0.006,0.006,0.006,0.6,1,5.728947841204218e-01,-5.728947841204218e-01,5.834103949823994e-01,2.082948025087998e-01,1.635262466529460e+00,1.635330086124394e+00,3.645999816116215e-01,,False,True,False,True,0.006
0.006,0.006,0.006,0.6,2,5.728947841204218e-01,-5.728947841204218e-01,5.834098212863994e-01,2.082950893567999e-01,1.635261655200796e+00,1.635329267451437e+00,3.645996947636215e-01,,False,True,False,True,0.006
0.006,0.006,0.006,0.7,1,6.683772481404923e-01,-6.683772481404923e-01,6.806394608127997e-01,1.596802695935998e-01,1.907797725669663e+00,1.907876538403254e+00,5.086969785468921e-01,,False,True,False,True,0.006
0.006,0.006,0.006,0.7,2,6.683772481404924e-01,-6.683772481404924e-01,6.806388871167992e-01,1.596805564416000e-01,1.907796914340999e+00,1.907875719733811e+00,5.086966916988920e-01,,False,True,False,True,0.006
0.006,0.006,0.006,0.8,1,7.638597121605625e-01,-7.638597121605625e-01,7.778685266431996e-01,1.110657366783999e-01,2.180332984809866e+00,2.180422990709903e+00,6.527939754821623e-01,-3.625459324826277e-01,True,True,True,True,0.006
0.006,0.006,0.006,0.8,2,7.638597121605623e-01,-7.638597121605623e-01,7.778679529471995e-01,1.110660235263999e-01,2.180332173481202e+00,2.180422172043096e+00,6.527936886341620e-01,-3.625474765650758e-01,True,True,True,True,0.006
0.006,0.006,0.006,0.85,1,8.116009441705977e-01,-8.116009441705977e-01,8.264830595583996e-01,8.675847022079992e-02,2.316600614379967e+00,2.316696216870584e+00,7.248424739497975e-01,-1.627003401080701e-01,True,True,True,True,0.006
0.006,0.006,0.006,0.85,2,8.116009441705976e-01,-8.116009441705976e-01,8.264824858623991e-01,8.675875706879994e-02,2.316599803051303e+00,2.316695398204862e+00,7.248421871017972e-01,-1.627020904381992e-01,True,True,True,True,0.006
0.006,0.006,0.006,0.9,1,8.593421761806327e-01,-8.593421761806327e-01,8.750975924735993e-01,6.245120376319992e-02,2.452868243950068e+00,2.452969443035078e+00,7.968909724174323e-01,6.575220487418920e-02,True,True,True,True,0.006
0.006,0.006,0.006,0.9,2,8.593421761806329e-01,-8.593421761806329e-01,8.750970187775990e-01,6.245149061119996e-02,2.452867432621404e+00,2.452968624370322e+00,7.968906855694324e-01,6.575018693141321e-02,True,True,True,True,0.006
0.006,0.006,0.006,0.95,1,9.070834081906679e-01,-9.070834081906679e-01,9.237121253887988e-01,3.814393730560000e-02,2.589135873520169e+00,2.589242669202784e+00,8.689394708850673e-01,3.333871050675373e-01,True,True,True,True,0.006
0.006,0.006,0.006,0.95,2,9.070834081906680e-01,-9.070834081906680e-01,9.237115516927989e-01,3.814422415359998e-02,2.589135062191505e+00,2.589241850538892e+00,8.689391840370675e-01,3.333846973070285e-01,True,True,True,True,0.006
0.006,0.006,0.006,1.0,1,9.548246402007031e-01,-9.548246402007031e-01,9.723266583039993e-01,1.383667084799999e-02,2.725403503090271e+00,2.725515895373222e+00,9.409879693527028e-01,6.657064892277652e-01,True,True,True,True,0.006
0.006,0.006,0.006,1.0,2,9.548246402007032e-01,-9.548246402007032e-01,9.723260846079989e-01,1.383695769599999e-02,2.725402691761607e+00,2.725515076710106e+00,9.409876825047027e-01,6.657033214072072e-01,True,True,True,True,0.006
0.007,0.007,0.007,0.5,1,4.737270495971306e-01,-4.737270495971306e-01,4.839133239120002e-01,2.580433380440000e-01,1.354308004092649e+00,1.354384616834616e+00,2.156837115531307e-01,,False,True,False,True,0.007
0.007,0.007,0.007,0.5,2,4.737270495971306e-01,-4.737270495971306e-01,4.839124135137775e-01,2.580437932431112e-01,1.354306716595135e+00,1.354383315716391e+00,2.156832563540193e-01,,False,True,False,True,0.007
0.007,0.007,0.007,0.6,1,5.684724595165564e-01,-5.684724595165564e-01,5.806861886943996e-01,2.096569056528000e-01,1.625155745618266e+00,1.625247534339592e+00,3.588155538637562e-01,,False,True,False,True,0.007
0.007,0.007,0.007,0.6,2,5.684724595165567e-01,-5.684724595165567e-01,5.806852782961774e-01,2.096573608519111e-01,1.625154458120754e+00,1.625246233232014e+00,3.588150986646454e-01,,False,True,False,True,0.007
0.007,0.007,0.007,0.7,1,6.632178694359828e-01,-6.632178694359828e-01,6.774590534767997e-01,1.612704732615999e-01,1.896003487143885e+00,1.896110451927193e+00,5.019473961743827e-01,,False,True,False,True,0.007
0.007,0.007,0.007,0.7,2,6.632178694359827e-01,-6.632178694359827e-01,6.774581430785775e-01,1.612709284607111e-01,1.896002199646373e+00,1.896109150827218e+00,5.019469409752715e-01,,False,True,False,True,0.007
0.007,0.007,0.007,0.8,1,7.579632793554086e-01,-7.579632793554086e-01,7.742319182591993e-01,1.128840408704000e-01,2.166851228669503e+00,2.166973369566433e+00,6.450792384850084e-01,-3.792651607661244e-01,True,True,True,True,0.007
0.007,0.007,0.007,0.8,2,7.579632793554089e-01,-7.579632793554089e-01,7.742310078609776e-01,1.128844960695111e-01,2.166849941171991e+00,2.166972068472163e+00,6.450787832858977e-01,-3.792675861178756e-01,True,True,True,True,0.007
0.007,0.007,0.007,0.85,1,8.053359843151219e-01,-8.053359843151219e-01,8.226183506504001e-01,8.869082467479993e-02,2.302275099432314e+00,2.302404828399724e+00,7.166451596403219e-01,-1.828384076946581e-01,True,True,True,True,0.007
0.007,0.007,0.007,0.85,2,8.053359843151219e-01,-8.053359843151219e-01,8.226174402521776e-01,8.869127987391111e-02,2.302273811934800e+00,2.302403527307801e+00,7.166447044412108e-01,-1.828411522805510e-01,True,True,True,True,0.007
0.007,0.007,0.007,0.9,1,8.527086892748351e-01,-8.527086892748351e-01,8.710047830415997e-01,6.449760847919998e-02,2.437698970195123e+00,2.437836287240102e+00,7.882110807956350e-01,4.118117312657865e-02,True,True,True,True,0.007
0.007,0.007,0.007,0.9,2,8.527086892748349e-01,-8.527086892748349e-01,8.710038726433776e-01,6.449806367831110e-02,2.437697682697610e+00,2.437834986150267e+00,7.882106255965238e-01,4.117801790271647e-02,True,True,True,True,0.007
0.007,0.007,0.007,0.95,1,9.000813942345481e-01,-9.000813942345481e-01,9.193912154328001e-01,4.030439228360003e-02,2.573122840957932e+00,2.573267746086450e+00,8.597770019509482e-01,3.025088058180546e-01,True,True,True,True,0.007
0.007,0.007,0.007,0.95,2,9.000813942345480e-01,-9.000813942345480e-01,9.193903050345777e-01,4.030484748271114e-02,2.573121553460419e+00,2.573266444998482e+00,8.597765467518369e-01,3.025050625869939e-01,True,True,True,True,0.007
0.007,0.007,0.007,1.0,1,9.474540991942612e-01,-9.474540991942612e-01,9.677776478239996e-01,1.611117608799999e-02,2.708546711720741e+00,2.708699204937870e+00,9.313429231062609e-01,6.234694707990681e-01,True,True,True,True,0.007
0.007,0.007,0.007,1.0,2,9.474540991942612e-01,-9.474540991942612e-01,9.677767374257777e-01,1.611163128711111e-02,2.708545424223228e+00,2.708697903851584e+00,9.313424679071500e-01,6.234646400502206e-01,True,True,True,True,0.007
0.008,0.008,0.008,0.5,1,4.700641788559359e-01,-4.700641788559359e-01,4.816552996408885e-01,2.591723501795555e-01,1.345934594064858e+00,1.346034412510556e+00,2.108918286763801e-01,,False,True,False,True,0.008
0.008,0.008,0.008,0.5,2,4.700641788559358e-01,-4.700641788559358e-01,4.816539415893333e-01,2.591730292053332e-01,1.345932673489930e+00,1.346032468690181e+00,2.108911496506025e-01,,False,True,False,True,0.008
0.008,0.008,0.008,0.6,1,5.640770146271229e-01,-5.640770146271229e-01,5.779735595690662e-01,2.110132202154666e-01,1.615103410944231e+00,1.615222974070867e+00,3.530637944116560e-01,,False,True,False,True,0.008
0.008,0.008,0.008,0.6,2,5.640770146271228e-01,-5.640770146271228e-01,5.779722015175109e-01,2.110138992412444e-01,1.615101490369303e+00,1.615221030271270e+00,3.530631153858783e-01,,False,True,False,True,0.008
0.008,0.008,0.008,0.7,1,6.580898503983104e-01,-6.580898503983104e-01,6.742918194972440e-01,1.628540902513777e-01,1.884272227823605e+00,1.884411535772560e+00,4.952357601469324e-01,,False,True,False,True,0.008
0.008,0.008,0.008,0.7,2,6.580898503983101e-01,-6.580898503983101e-01,6.742904614456884e-01,1.628547692771557e-01,1.884270307248676e+00,1.884409591987803e+00,4.952350811211543e-01,,False,True,False,True,0.008
0.008,0.008,0.008,0.8,1,7.521026861694974e-01,-7.521026861694974e-01,7.706100794254217e-01,1.146949602872888e-01,2.153441044702978e+00,2.153600097562617e+00,6.374077258822082e-01,-3.957218802024183e-01,True,True,True,True,0.008
0.008,0.008,0.008,0.8,2,7.521026861694973e-01,-7.521026861694973e-01,7.706087213738665e-01,1.146956393130666e-01,2.153439124128050e+00,2.153598153788992e+00,6.374070468564306e-01,-3.957254616899383e-01,True,True,True,True,0.008
0.008,0.008,0.008,0.85,1,7.991091040550909e-01,-7.991091040550909e-01,8.187692093895115e-01,9.061539530524444e-02,2.288025453142666e+00,2.288194378481038e+00,7.084937087498466e-01,-2.026249477166533e-01,True,True,True,True,0.008
0.008,0.008,0.008,0.85,2,7.991091040550909e-01,-7.991091040550909e-01,8.187678513379557e-01,9.061607433102220e-02,2.288023532567737e+00,2.288192434711996e+00,7.084930297240688e-01,-2.026289939463486e-01,True,True,True,True,0.008
0.008,0.008,0.008,0.9,1,8.461155219406845e-01,-8.461155219406845e-01,8.669283393535994e-01,6.653583032319998e-02,2.422609861582351e+00,2.422788659411585e+00,7.795796916174842e-01,1.710955991182794e-02,True,True,True,True,0.008
0.008,0.008,0.008,0.9,2,8.461155219406845e-01,-8.461155219406845e-01,8.669269813020440e-01,6.653650934897777e-02,2.422607941007423e+00,2.422786715646618e+00,7.795790125917066e-01,1.710492074793379e-02,True,True,True,True,0.008
0.008,0.008,0.008,0.95,1,8.931219398262783e-01,-8.931219398262783e-01,9.150874693176891e-01,4.245626534115558e-02,2.557194270022039e+00,2.557382940352349e+00,8.506656744851229e-01,2.724315161228085e-01,True,True,True,True,0.008
0.008,0.008,0.008,0.95,2,8.931219398262782e-01,-8.931219398262782e-01,9.150861112661330e-01,4.245694436693337e-02,2.557192349447110e+00,2.557380996591026e+00,8.506649954593447e-01,2.724260411595769e-01,True,True,True,True,0.008
0.008,0.008,0.008,1.0,1,9.401283577118718e-01,-9.401283577118718e-01,9.632465992817772e-01,1.837670035911110e-02,2.691778678461724e+00,2.691977221301793e+00,9.217516573527604e-01,5.830514915097984e-01,True,True,True,True,0.008
0.008,0.008,0.008,1.0,2,9.401283577118716e-01,-9.401283577118716e-01,9.632452412302219e-01,1.837737938488889e-02,2.691776757886797e+00,2.691975277543751e+00,9.217509783269826e-01,5.830445384035485e-01,True,True,True,True,0.008
0.009,0.009,0.009,0.5,1,4.664236074380476e-01,-4.664236074380476e-01,4.794072378320000e-01,2.602963810839997e-01,1.337606809091710e+00,1.337732830218695e+00,2.061272263540476e-01,,False,True,False,True,0.009
0.009,0.009,0.009,0.5,2,4.664236074380477e-01,-4.664236074380477e-01,4.794053054959997e-01,2.602973472519999e-01,1.337604076355931e+00,1.337730060233730e+00,2.061262601860475e-01,,False,True,False,True,0.009
0.009,0.009,0.009,0.6,1,5.597083289256573e-01,-5.597083289256573e-01,5.752724853983995e-01,2.123637573007999e-01,1.605105260650341e+00,1.605256173855380e+00,3.473445716248570e-01,,False,True,False,True,0.009
0.009,0.009,0.009,0.6,2,5.597083289256571e-01,-5.597083289256571e-01,5.752705530623995e-01,2.123647234687999e-01,1.605102527914562e+00,1.605253403907895e+00,3.473436054568569e-01,,False,True,False,True,0.009
0.009,0.009,0.009,0.7,1,6.529930504132667e-01,-6.529930504132667e-01,6.711377329647996e-01,1.644311335175999e-01,1.872603712208972e+00,1.872779517719215e+00,4.885619168956665e-01,,False,True,False,True,0.009
0.009,0.009,0.009,0.7,2,6.529930504132667e-01,-6.529930504132667e-01,6.711358006287993e-01,1.644320996856000e-01,1.872600979473193e+00,1.872776747798501e+00,4.885609507276664e-01,,False,True,False,True,0.009
0.009,0.009,0.009,0.8,1,7.462777719008762e-01,-7.462777719008762e-01,7.670029805311988e-01,1.164985097343999e-01,2.140102163767602e+00,2.140302861725021e+00,6.297792621664755e-01,-4.119221476795853e-01,True,True,True,True,0.009
0.009,0.009,0.009,0.8,2,7.462777719008760e-01,-7.462777719008760e-01,7.670010481951997e-01,1.164994759023999e-01,2.140099431031825e+00,2.140300091824388e+00,6.297782959984758e-01,-4.119271929091244e-01,True,True,True,True,0.009
0.009,0.009,0.009,0.85,1,7.929201326446812e-01,-7.929201326446812e-01,8.149356043143995e-01,9.253219784280001e-02,2.273851389546919e+00,2.274064533765508e+00,7.003879348018809e-01,-2.220700043202937e-01,True,True,True,True,0.009
0.009,0.009,0.009,0.85,2,7.929201326446810e-01,-7.929201326446810e-01,8.149336719783995e-01,9.253316401079989e-02,2.273848656811141e+00,2.274061763873142e+00,7.003869686338807e-01,-2.220756952507624e-01,True,True,True,True,0.009
0.009,0.009,0.009,0.9,1,8.395624933884857e-01,-8.395624933884857e-01,8.628682280975994e-01,6.856588595119995e-02,2.407600615326235e+00,2.407826205825480e+00,7.709966074372854e-01,-6.481662397357590e-03,True,True,True,True,0.009
0.009,0.009,0.009,0.9,2,8.395624933884857e-01,-8.395624933884857e-01,8.628662957615991e-01,6.856685211919998e-02,2.407597882590456e+00,2.407823435940463e+00,7.709956412692852e-01,-6.488170784760605e-03,True,True,True,True,0.009
0.009,0.009,0.009,0.95,1,8.862048541322903e-01,-8.862048541322903e-01,9.108008518807990e-01,4.459957405959999e-02,2.541349841105550e+00,2.541587877901863e+00,8.416052800726899e-01,2.431087581461489e-01,True,True,True,True,0.009
0.009,0.009,0.009,0.95,2,8.862048541322903e-01,-8.862048541322903e-01,9.107989195447989e-01,4.460054022760000e-02,2.541347108369771e+00,2.541585108023422e+00,8.416043139046898e-01,2.431011140631519e-01,True,True,True,True,0.009
0.009,0.009,0.009,1.0,1,9.328472148760952e-01,-9.328472148760952e-01,9.587334756639991e-01,2.063326216799998e-02,2.675099066884866e+00,2.675349549992195e+00,9.122139527080948e-01,5.442289309598460e-01,True,True,True,True,0.009
0.009,0.009,0.009,1.0,2,9.328472148760953e-01,-9.328472148760953e-01,9.587315433279990e-01,2.063422833599999e-02,2.675096334149088e+00,2.675346780119673e+00,9.122129865400949e-01,5.442193543471986e-01,True,True,True,True,0.009
0.01,0.01,0.01,0.5,1,4.628052351999998e-01,-4.628052351999998e-01,4.771691200000000e-01,2.614154400000002e-01,1.329324481406745e+00,1.329479679889996e+00,2.013897951999998e-01,,False,True,False,True,0.01
0.01,0.01,0.01,0.5,2,4.628052351999998e-01,-4.628052351999998e-01,4.771664711111109e-01,2.614167644444444e-01,1.329320735312152e+00,1.329475876999892e+00,2.013884707555552e-01,,False,True,False,True,0.01
0.01,0.01,0.01,0.6,1,5.553662822399997e-01,-5.553662822399997e-01,5.725829439999996e-01,2.137085280000000e-01,1.595161093416846e+00,1.595346902976009e+00,3.416577542399996e-01,,False,True,False,True,0.01
0.01,0.01,0.01,0.6,2,5.553662822399998e-01,-5.553662822399998e-01,5.725802951111112e-01,2.137098524444444e-01,1.595157347322254e+00,1.595343100149440e+00,3.416564297955554e-01,,False,True,False,True,0.01
0.01,0.01,0.01,0.7,1,6.479273292799997e-01,-6.479273292799997e-01,6.679967679999996e-01,1.660016160000001e-01,1.860997705426947e+00,1.861214126409273e+00,4.819257132799996e-01,,False,True,False,True,0.01
0.01,0.01,0.01,0.7,2,6.479273292800000e-01,-6.479273292800000e-01,6.679941191111110e-01,1.660029404444445e-01,1.860993959332356e+00,1.861210323628087e+00,4.819243888355554e-01,,False,True,False,True,0.01
0.01,0.01,0.01,0.8,1,7.404883763199998e-01,-7.404883763199998e-01,7.634105920000001e-01,1.182947039999999e-01,2.126834317437049e+00,2.127081350059579e+00,6.221936723199998e-01,-4.278717821886167e-01,True,True,True,True,0.01
0.01,0.01,0.01,0.8,2,7.404883763199999e-01,-7.404883763199999e-01,7.634079431111108e-01,1.182960284444444e-01,2.126830571342457e+00,2.127077547312431e+00,6.221923478755553e-01,-4.278786301066164e-01,True,True,True,True,0.01
0.01,0.01,0.01,0.85,1,7.867688998399998e-01,-7.867688998399998e-01,8.111175039999995e-01,9.444124800000002e-02,2.259752623442099e+00,2.260014961942184e+00,6.923276518399994e-01,-2.411831080834778e-01,True,True,True,True,0.01
0.01,0.01,0.01,0.85,2,7.867688998399999e-01,-7.867688998399999e-01,8.111148551111105e-01,9.444257244444451e-02,2.259748877347507e+00,2.260011159209053e+00,6.923263273955551e-01,-2.411908207487129e-01,True,True,True,True,0.01
0.01,0.01,0.01,0.9,1,8.330494233599998e-01,-8.330494233599998e-01,8.588244159999996e-01,7.058779199999997e-02,2.392670929447150e+00,2.392948573854581e+00,7.624616313599996e-01,-2.961017368092311e-02,True,True,True,True,0.01
0.01,0.01,0.01,0.9,2,8.330494233599998e-01,-8.330494233599998e-01,8.588217671111108e-01,7.058911644444443e-02,2.392667183352558e+00,2.392944771133909e+00,7.624603069155551e-01,-2.961897312248152e-02,True,True,True,True,0.01
0.01,0.01,0.01,0.95,1,8.793299468799997e-01,-8.793299468799997e-01,9.065313279999995e-01,4.673433600000002e-02,2.525589235452200e+00,2.525882185792065e+00,8.325956108799994e-01,2.144991464559928e-01,True,True,True,True,0.01
0.01,0.01,0.01,0.95,2,8.793299468799997e-01,-8.793299468799997e-01,9.065286791111107e-01,4.673566044444445e-02,2.525585489357609e+00,2.525878383082541e+00,8.325942864355550e-01,2.144888572879590e-01,True,True,True,True,0.01
0.01,0.01,0.01,1.0,1,9.256104703999996e-01,-9.256104703999996e-01,9.542382399999996e-01,2.288088000000000e-02,2.658507541457251e+00,2.658815797750875e+00,9.027295903999993e-01,5.068278138488619e-01,True,True,True,True,0.01
0.01,0.01,0.01,1.0,2,9.256104703999996e-01,-9.256104703999996e-01,9.542355911111107e-01,2.288220444444445e-02,2.658503795362659e+00,2.658811995051384e+00,9.027282659555549e-01,5.068150736523517e-01,True,True,True,True,0.01
0.011,0.011,0.011,0.5,1,4.592089622931519e-01,-4.592089622931519e-01,4.749409276808886e-01,2.625295361595557e-01,1.321087443690622e+00,1.321274772084499e+00,1.966794261335962e-01,,False,True,False,True,0.011
0.011,0.011,0.011,0.5,2,4.592089622931519e-01,-4.592089622931519e-01,4.749374043760000e-01,2.625312978120001e-01,1.321082460985064e+00,1.321269706192896e+00,1.966776644811519e-01,,False,True,False,True,0.011
0.011,0.011,0.011,0.6,1,5.510507547517823e-01,-5.510507547517823e-01,5.699049132170660e-01,2.150475433914666e-01,1.585270708460537e+00,1.585494931460155e+00,3.360032113603154e-01,,False,True,False,True,0.011
0.011,0.011,0.011,0.6,2,5.510507547517822e-01,-5.510507547517822e-01,5.699013899121780e-01,2.150493050439111e-01,1.585265725754980e+00,1.585489865670974e+00,3.360014497078712e-01,,False,True,False,True,0.011
0.011,0.011,0.011,0.7,1,6.428925472104127e-01,-6.428925472104127e-01,6.648688987532441e-01,1.675655506233776e-01,1.849453973230453e+00,1.849715091345739e+00,4.753269965870347e-01,,False,True,False,True,0.011
0.011,0.011,0.011,0.7,2,6.428925472104128e-01,-6.428925472104128e-01,6.648653754483553e-01,1.675673122758222e-01,1.849448990524895e+00,1.849710025629721e+00,4.753252349345904e-01,,False,True,False,True,0.011
0.011,0.011,0.011,0.8,1,7.347343396690428e-01,-7.347343396690428e-01,7.598328842894216e-01,1.200835578552888e-01,2.113637238000367e+00,2.113935251550043e+00,6.146507818137537e-01,-4.435763791889547e-01,True,True,True,True,0.011
0.011,0.011,0.011,0.8,2,7.347343396690431e-01,-7.347343396690431e-01,7.598293609845330e-01,1.200853195077333e-01,2.113632255294810e+00,2.113930185888899e+00,6.146490201613096e-01,-4.435853987471454e-01,True,True,True,True,0.011
0.011,0.011,0.011,0.85,1,7.806552358983582e-01,-7.806552358983582e-01,8.073148770575110e-01,9.634256147124441e-02,2.245728870385326e+00,2.246045331736566e+00,6.843126744271137e-01,-2.599733159809349e-01,True,True,True,True,0.011
0.011,0.011,0.011,0.85,2,7.806552358983582e-01,-7.806552358983582e-01,8.073113537526224e-01,9.634432312368886e-02,2.245723887679768e+00,2.246040266098017e+00,6.843109127746694e-01,-2.599834597960720e-01,True,True,True,True,0.011
0.011,0.011,0.011,0.9,1,8.265761321276733e-01,-8.265761321276733e-01,8.547968698255994e-01,7.260156508719995e-02,2.377820502770283e+00,2.378155411966836e+00,7.539745670404731e-01,-5.229244874394301e-02,True,True,True,True,0.011
0.011,0.011,0.011,0.9,2,8.265761321276733e-01,-8.265761321276733e-01,8.547933465207109e-01,7.260332673964447e-02,2.377815520064725e+00,2.378150346348372e+00,7.539728053880288e-01,-5.230399569047472e-02,True,True,True,True,0.011
0.011,0.011,0.011,0.95,1,8.724970283569887e-01,-8.724970283569887e-01,9.022788625936888e-01,4.886056870315557e-02,2.509912135155241e+00,2.510265492233949e+00,8.236364596538331e-01,1.865655790363546e-01,True,True,True,True,0.011
0.011,0.011,0.011,0.95,2,8.724970283569885e-01,-8.724970283569885e-01,9.022753392887997e-01,4.886233035560002e-02,2.509907152449682e+00,2.510260426633455e+00,8.236346980013883e-01,1.865521325446637e-01,True,True,True,True,0.011
0.011,0.011,0.011,1.0,1,9.184179245863038e-01,-9.184179245863038e-01,9.497608553617773e-01,2.511957231911110e-02,2.642003767540198e+00,2.642375572532374e+00,8.932983522671925e-01,4.707088221251186e-01,True,True,True,True,0.011
0.011,0.011,0.011,1.0,2,9.184179245863038e-01,-9.184179245863038e-01,9.497573320568883e-01,2.512133397155555e-02,2.641998784834640e+00,2.642370506948056e+00,8.932965906147479e-01,4.706923418138412e-01,True,True,True,True,0.011
0.012,0.012,0.012,0.5,1,4.556346891632639e-01,-4.556346891632639e-01,4.727226424319998e-01,2.636386787840001e-01,1.312895529070518e+00,1.313117917990302e+00,1.919960103792638e-01,,False,True,False,True,0.012
0.012,0.012,0.012,0.5,2,4.556346891632638e-01,-4.556346891632638e-01,4.727180712959997e-01,2.636409643520000e-01,1.312889064507992e+00,1.313111335567116e+00,1.919937248112637e-01,,False,True,False,True,0.012
0.012,0.012,0.012,0.6,1,5.467616269959167e-01,-5.467616269959167e-01,5.672383709183997e-01,2.163808145408000e-01,1.575433905534026e+00,1.575700030078545e+00,3.303808124551165e-01,,False,True,False,True,0.012
0.012,0.012,0.012,0.6,2,5.467616269959167e-01,-5.467616269959167e-01,5.672337997824000e-01,2.163831001088000e-01,1.575427440971499e+00,1.575693447813758e+00,3.303785268871167e-01,,False,True,False,True,0.012
0.012,0.012,0.012,0.7,1,6.378885648285697e-01,-6.378885648285697e-01,6.617540994047990e-01,1.691229502976001e-01,1.837972281997532e+00,1.838282142891138e+00,4.687656145309692e-01,,False,True,False,True,0.012
0.012,0.012,0.012,0.7,2,6.378885648285696e-01,-6.378885648285696e-01,6.617495282688000e-01,1.691252358656000e-01,1.837965817435007e+00,1.838275560739501e+00,4.687633289629696e-01,,False,True,False,True,0.012
0.012,0.012,0.012,0.8,1,7.290155026612223e-01,-7.290155026612223e-01,7.562698278911999e-01,1.218650860544000e-01,2.100510658461041e+00,2.100864256156480e+00,6.071504166068222e-01,-4.590413238138866e-01,True,True,True,True,0.012
0.012,0.012,0.012,0.8,2,7.290155026612223e-01,-7.290155026612223e-01,7.562652567552000e-01,1.218673716224000e-01,2.100504193898514e+00,2.100857674089707e+00,6.071481310388223e-01,-4.590529126944926e-01,True,True,True,True,0.012
0.012,0.012,0.012,0.85,1,7.745789715775485e-01,-7.745789715775485e-01,8.035276921343997e-01,9.823615393280001e-02,2.231779846692794e+00,2.232155312908998e+00,6.763428176447484e-01,-2.784492472391280e-01,True,True,True,True,0.012
0.012,0.012,0.012,0.85,2,7.745789715775486e-01,-7.745789715775486e-01,8.035231209984000e-01,9.823843950079998e-02,2.231773382130268e+00,2.232148730877172e+00,6.763405320767486e-01,-2.784622624919509e-01,True,True,True,True,0.012
0.012,0.012,0.012,0.9,1,8.201424404938747e-01,-8.201424404938747e-01,8.507855563775999e-01,7.460722181120000e-02,2.363049034924547e+00,2.363446369723664e+00,7.455352186826747e-01,-7.454388031669779e-02,True,True,True,True,0.012
0.012,0.012,0.012,0.9,2,8.201424404938750e-01,-8.201424404938750e-01,8.507809852415996e-01,7.460950737919998e-02,2.363042570362021e+00,2.363439787722899e+00,7.455329331146747e-01,-7.455866404477973e-02,True,True,True,True,0.012
0.012,0.012,0.012,0.95,1,8.657059094102013e-01,-8.657059094102013e-01,8.980434206207998e-01,5.097828968960000e-02,2.494318223156302e+00,2.494737426590663e+00,8.147276197206013e-01,1.592745920639966e-01,True,True,True,True,0.012
0.012,0.012,0.012,0.95,2,8.657059094102013e-01,-8.657059094102013e-01,8.980388494847997e-01,5.098057525760001e-02,2.494311758593775e+00,2.494730844617692e+00,8.147253341526012e-01,1.592574418366196e-01,True,True,True,True,0.012
0.012,0.012,0.012,1.0,1,9.112693783265278e-01,-9.112693783265278e-01,9.453012848639996e-01,2.734935756799999e-02,2.625587411388055e+00,2.626028483502146e+00,8.839200207585276e-01,4.357578013283828e-01,True,True,True,True,0.012
0.012,0.012,0.012,1.0,2,9.112693783265277e-01,-9.112693783265277e-01,9.452967137279995e-01,2.735164313599998e-02,2.625580946825528e+00,2.626021901554191e+00,8.839177351905274e-01,4.357369701407314e-01,True,True,True,True,0.012
0.013,0.013,0.013,0.5,1,4.520823165500692e-01,-4.520823165500692e-01,4.705142458319994e-01,2.647428770840002e-01,1.304748571119517e+00,1.305008929422526e+00,1.873394394660688e-01,,False,True,False,True,0.013
0.013,0.013,0.013,0.5,2,4.520823165500693e-01,-4.520823165500693e-01,4.705084379404445e-01,2.647457810297776e-01,1.304740357520511e+00,1.305000553425835e+00,1.873365355202915e-01,,False,True,False,True,0.013
0.013,0.013,0.013,0.6,1,5.424987798600831e-01,-5.424987798600831e-01,5.645832949984000e-01,2.177083525008000e-01,1.565650484925012e+00,1.565961970344017e+00,3.247904273592831e-01,,False,True,False,True,0.013
0.013,0.013,0.013,0.6,2,5.424987798600829e-01,-5.424987798600829e-01,5.645774871068444e-01,2.177112564465777e-01,1.565642271326006e+00,1.565953594583898e+00,3.247875234135051e-01,,False,True,False,True,0.013
0.013,0.013,0.013,0.7,1,6.329152431700967e-01,-6.329152431700967e-01,6.586523441648002e-01,1.706738279175999e-01,1.826552398730508e+00,1.826915012266142e+00,4.622414152524968e-01,,False,True,False,True,0.013
0.013,0.013,0.013,0.7,2,6.329152431700968e-01,-6.329152431700968e-01,6.586465362732443e-01,1.706767318633778e-01,1.826544185131501e+00,1.826906636675016e+00,4.622385113067190e-01,,False,True,False,True,0.013
0.013,0.013,0.013,0.8,1,7.233317064801108e-01,-7.233317064801108e-01,7.527213933311998e-01,1.236393033344000e-01,2.087454312536003e+00,2.087868054813706e+00,5.996924031457107e-01,-4.742718030317730e-01,True,True,True,True,0.013
0.013,0.013,0.013,0.8,2,7.233317064801110e-01,-7.233317064801110e-01,7.527155854396442e-01,1.236422072801777e-01,2.087446098936997e+00,2.087859679349334e+00,5.996894991999331e-01,-4.742863864286126e-01,True,True,True,True,0.013
0.013,0.013,0.013,0.85,1,7.685399381351178e-01,-7.685399381351178e-01,7.997559179143997e-01,1.001220410427999e-01,2.217905269438750e+00,2.218344576253053e+00,6.684178970923176e-01,-2.966191155999355e-01,True,True,True,True,0.013
0.013,0.013,0.013,0.85,2,7.685399381351176e-01,-7.685399381351176e-01,7.997501100228446e-01,1.001249449885778e-01,2.217897055839744e+00,2.218336200840875e+00,6.684149931465398e-01,-2.966354720221442e-01,True,True,True,True,0.013
0.013,0.013,0.013,0.9,1,8.137481697901247e-01,-8.137481697901247e-01,8.467904424975993e-01,7.660477875119995e-02,2.348356226341497e+00,2.348821097778251e+00,7.371433910389242e-01,-9.637888567822783e-02,True,True,True,True,0.013
0.013,0.013,0.013,0.9,2,8.137481697901243e-01,-8.137481697901243e-01,8.467846346060439e-01,7.660768269697778e-02,2.348348012742491e+00,2.348812722412469e+00,7.371404870931463e-01,-9.639742661342798e-02,True,True,True,True,0.013
0.013,0.013,0.013,0.95,1,8.589564014451313e-01,-8.589564014451313e-01,8.938249670807998e-01,5.308751645960000e-02,2.478807183244245e+00,2.479297619375747e+00,8.058688849855312e-01,1.325958388724019e-01,True,True,True,True,0.013
0.013,0.013,0.013,0.95,2,8.589564014451315e-01,-8.589564014451315e-01,8.938191591892444e-01,5.309042040537780e-02,2.478798969645239e+00,2.479289244051478e+00,8.058659810397537e-01,1.325744062504329e-01,True,True,True,True,0.013
0.013,0.013,0.013,1.0,1,9.041646331001384e-01,-9.041646331001384e-01,9.408594916640000e-01,2.957025416799999e-02,2.609258140146994e+00,2.609774141034698e+00,8.745943789321384e-01,4.018794516275140e-01,True,True,True,True,0.013
0.013,0.013,0.013,1.0,2,9.041646331001385e-01,-9.041646331001385e-01,9.408536837724444e-01,2.957315811377775e-02,2.609249926547987e+00,2.609765765747790e+00,8.745914749863607e-01,4.018536265878976e-01,True,True,True,True,0.013
0.014,0.014,0.014,0.5,1,4.485517454868478e-01,-4.485517454868478e-01,4.683157194808885e-01,2.658421402595555e-01,1.296646403856011e+00,1.296947618822287e+00,1.827096052272921e-01,,False,True,False,True,0.014
0.014,0.014,0.014,0.5,2,4.485517454868479e-01,-4.485517454868479e-01,4.683084704426663e-01,2.658457647786666e-01,1.296636152167843e+00,1.296937148620006e+00,1.827059807081811e-01,,False,True,False,True,0.014
0.014,0.014,0.014,0.6,1,5.382620945842176e-01,-5.382620945842176e-01,5.619396633770664e-01,2.190301683114668e-01,1.555920247455569e+00,1.556280524510308e+00,3.192319262727508e-01,,False,True,False,True,0.014
0.014,0.014,0.014,0.6,2,5.382620945842176e-01,-5.382620945842176e-01,5.619324143388441e-01,2.190337928305778e-01,1.555909995767401e+00,1.556270054651019e+00,3.192283017536396e-01,,False,True,False,True,0.014
0.014,0.014,0.014,0.7,1,6.279724436815871e-01,-6.279724436815871e-01,6.555636072732437e-01,1.722181963633779e-01,1.815194091055126e+00,1.815613431548172e+00,4.557542473182090e-01,,False,True,False,True,0.014
0.014,0.014,0.014,0.7,2,6.279724436815872e-01,-6.279724436815872e-01,6.555563582350217e-01,1.722218208824890e-01,1.815183839366958e+00,1.815602961933901e+00,4.557506227990981e-01,,False,True,False,True,0.014
0.014,0.014,0.014,0.8,1,7.176827927789566e-01,-7.176827927789566e-01,7.491875511694218e-01,1.254062244152888e-01,2.074467934654683e+00,2.074946339429758e+00,5.922765683636675e-01,-4.892728168652268e-01,True,True,True,True,0.014
0.014,0.014,0.014,0.8,2,7.176827927789567e-01,-7.176827927789567e-01,7.491803021311999e-01,1.254098489344000e-01,2.074457682966516e+00,2.074935869999262e+00,5.922729438445566e-01,-4.892908463169663e-01,True,True,True,True,0.014
0.014,0.014,0.014,0.85,1,7.625379673276413e-01,-7.625379673276413e-01,7.959995231175110e-01,1.020002384412444e-01,2.204104856454462e+00,2.204612793593901e+00,6.605377288863968e-01,-3.144907584350840e-01,True,True,True,True,0.014
0.014,0.014,0.014,0.85,2,7.625379673276415e-01,-7.625379673276415e-01,7.959922740792886e-01,1.020038629603556e-01,2.204094604766294e+00,2.204602324239080e+00,6.605341043672858e-01,-3.145109538466218e-01,True,True,True,True,0.014
0.014,0.014,0.014,0.9,1,8.073931418763262e-01,-8.073931418763262e-01,8.428114950655995e-01,7.859425246719996e-02,2.333741778254240e+00,2.334279247873858e+00,7.287988894091260e-01,-1.178109995556698e-01,True,True,True,True,0.014
0.014,0.014,0.014,0.9,2,8.073931418763262e-01,-8.073931418763262e-01,8.428042460273777e-01,7.859787698631109e-02,2.333731526566073e+00,2.334268778586307e+00,7.287952648900150e-01,-1.178338477007169e-01,True,True,True,True,0.014
0.014,0.014,0.014,0.95,1,8.522483164250110e-01,-8.522483164250110e-01,8.896234670136884e-01,5.518826649315558e-02,2.463378700054019e+00,2.463945702251347e+00,7.970600499318552e-01,1.065016645014416e-01,True,True,True,True,0.014
0.014,0.014,0.014,0.95,2,8.522483164250111e-01,-8.522483164250111e-01,8.896162179754664e-01,5.519189101226666e-02,2.463368448365852e+00,2.463935233023984e+00,7.970564254127444e-01,1.064753403568948e-01,True,True,True,True,0.014
0.014,0.014,0.014,1.0,1,8.971034909736957e-01,-8.971034909736957e-01,9.364354389617776e-01,3.178228051911110e-02,2.593015621853798e+00,2.593612156711739e+00,8.653212104545844e-01,3.689929698517533e-01,True,True,True,True,0.014
0.014,0.014,0.014,1.0,2,8.971034909736958e-01,-8.971034909736958e-01,9.364281899235554e-01,3.178590503822224e-02,2.593005370165630e+00,2.593601687538546e+00,8.653175859354735e-01,3.689614776158404e-01,True,True,True,True,0.014
0.015,0.015,0.015,0.5,1,4.450428773000002e-01,-4.450428773000002e-01,4.661270450000003e-01,2.669364775000000e-01,1.288588861743100e+00,1.288933799255641e+00,1.781063998000004e-01,,False,True,False,True,0.015
0.015,0.015,0.015,0.5,2,4.450428773000003e-01,-4.450428773000003e-01,4.661181350000004e-01,2.669409325000000e-01,1.288576261100259e+00,1.288920910547023e+00,1.781019448000005e-01,,False,True,False,True,0.015
0.015,0.015,0.015,0.6,1,5.340514527600001e-01,-5.340514527600001e-01,5.593074540000005e-01,2.203462730000001e-01,1.546242994481413e+00,1.546655465570829e+00,3.137051797600003e-01,,False,True,False,True,0.015
0.015,0.015,0.015,0.6,2,5.340514527600002e-01,-5.340514527600002e-01,5.592985440000000e-01,2.203507280000002e-01,1.546230393838572e+00,1.546642577346927e+00,3.137007247600002e-01,,False,True,False,True,0.015
0.015,0.015,0.015,0.7,1,6.230600282200001e-01,-6.230600282200001e-01,6.524878629999998e-01,1.737560685000002e-01,1.803897127219725e+00,1.804377133670025e+00,4.493039597200000e-01,,False,True,False,True,0.015
0.015,0.015,0.015,0.7,2,6.230600282200002e-01,-6.230600282200002e-01,6.524789530000004e-01,1.737605235000002e-01,1.803884526576885e+00,1.804364245792389e+00,4.492995047200004e-01,,False,True,False,True,0.015
0.015,0.015,0.015,0.8,1,7.120686036800004e-01,-7.120686036800004e-01,7.456682720000003e-01,1.271658640000000e-01,2.061551259958039e+00,2.062098802884335e+00,5.849027396800005e-01,-5.040491887586539e-01,True,True,True,True,0.015
0.015,0.015,0.015,0.8,2,7.120686036800002e-01,-7.120686036800002e-01,7.456593619999999e-01,1.271703190000000e-01,2.061538659315198e+00,2.062085915266415e+00,5.848982846800002e-01,-5.040711410307536e-01,True,True,True,True,0.015
0.015,0.015,0.015,0.85,1,7.565728914100003e-01,-7.565728914100003e-01,7.922584765000005e-01,1.038707617500000e-01,2.190378326327196e+00,2.190959637786684e+00,6.527021296600005e-01,-3.320716630892598e-01,True,True,True,True,0.015
0.015,0.015,0.015,0.85,2,7.565728914100001e-01,-7.565728914100001e-01,7.922495665000004e-01,1.038752167500001e-01,2.190365725684355e+00,2.190946750275713e+00,6.526976746600003e-01,-3.320962221097465e-01,True,True,True,True,0.015
0.015,0.015,0.015,0.9,1,8.010771791400001e-01,-8.010771791400001e-01,8.388486810000000e-01,8.057565949999999e-02,2.319205392696351e+00,2.319820472842103e+00,7.205015196400001e-01,-1.388529554505629e-01,True,True,True,True,0.015
0.015,0.015,0.015,0.9,2,8.010771791400001e-01,-8.010771791400001e-01,8.388397710000002e-01,8.058011449999999e-02,2.319192792053511e+00,2.319807585426199e+00,7.204970646400002e-01,-1.388806889076296e-01,True,True,True,True,0.015
0.015,0.015,0.015,0.95,1,8.455814668700002e-01,-8.455814668700002e-01,8.854388854999999e-01,5.728055725000002e-02,2.448032459065508e+00,2.448681308026427e+00,7.883009096200002e-01,8.096675480565207e-02,True,True,True,True,0.015
0.015,0.015,0.015,0.95,2,8.455814668700001e-01,-8.455814668700001e-01,8.854299754999999e-01,5.728501225000004e-02,2.448019858422667e+00,2.448668420695584e+00,7.882964546200001e-01,8.093490119040481e-02,True,True,True,True,0.015
0.015,0.015,0.015,1.0,1,8.900857546000004e-01,-8.900857546000004e-01,9.320290900000004e-01,3.398545500000000e-02,2.576859525434665e+00,2.577542143320323e+00,8.561002996000007e-01,3.370289416007495e-01,True,True,True,True,0.015
0.015,0.015,0.015,1.0,2,8.900857546000005e-01,-8.900857546000005e-01,9.320201800000003e-01,3.398991000000001e-02,2.576846924791824e+00,2.577529256066038e+00,8.560958446000007e-01,3.369910801556680e-01,True,True,True,True,0.015
0.016,0.016,0.016,0.5,1,4.415556136086185e-01,-4.415556136086185e-01,4.639482040319998e-01,2.680258979839999e-01,1.280575779687976e+00,1.280967284412528e+00,1.735297156246184e-01,,False,True,False,True,0.016
0.016,0.016,0.016,0.5,2,4.415556136086184e-01,-4.415556136086184e-01,4.639373978737772e-01,2.680313010631112e-01,1.280560497472460e+00,1.280951629149477e+00,1.735243125455070e-01,,False,True,False,True,0.016
0.016,0.016,0.016,0.6,1,5.298667363303423e-01,-5.298667363303423e-01,5.566866448383994e-01,2.216566775807999e-01,1.536618527891178e+00,1.537086567257424e+00,3.082100587495420e-01,,False,True,False,True,0.016
0.016,0.016,0.016,0.6,2,5.298667363303421e-01,-5.298667363303421e-01,5.566758386801778e-01,2.216620806599110e-01,1.536603245675663e+00,1.537070912664276e+00,3.082046556704310e-01,,False,True,False,True,0.016
0.016,0.016,0.016,0.7,1,6.181778590520661e-01,-6.181778590520661e-01,6.494250856447998e-01,1.752874571775999e-01,1.792661276094380e+00,1.793205852418458e+00,4.428904018744660e-01,,False,True,False,True,0.016
0.016,0.016,0.016,0.7,2,6.181778590520659e-01,-6.181778590520659e-01,6.494142794865776e-01,1.752928602567111e-01,1.792645993878865e+00,1.793190198303868e+00,4.428849987953547e-01,,False,True,False,True,0.016
0.016,0.016,0.016,0.8,1,7.064889817737894e-01,-7.064889817737894e-01,7.421635264511997e-01,1.289182367744000e-01,2.048704024297581e+00,2.049325139027232e+00,5.775707449993892e-01,-5.186055751742201e-01,True,True,True,True,0.016
0.016,0.016,0.016,0.8,2,7.064889817737895e-01,-7.064889817737895e-01,7.421527202929781e-01,1.289236398535110e-01,2.048688742082067e+00,2.049309485271596e+00,5.775653419202785e-01,-5.186319511864654e-01,True,True,True,True,0.016
0.016,0.016,0.016,0.85,1,7.506445431346512e-01,-7.506445431346512e-01,7.885327468543993e-01,1.057336265728000e-01,2.176725398399181e+00,2.177384782714873e+00,6.449109165618510e-01,-3.493689907764790e-01,True,True,True,True,0.016
0.016,0.016,0.016,0.85,2,7.506445431346512e-01,-7.506445431346512e-01,7.885219406961776e-01,1.057390296519111e-01,2.176710116183667e+00,2.177369129107047e+00,6.449055134827401e-01,-3.493984635984626e-01,True,True,True,True,0.016
0.016,0.016,0.016,0.9,1,7.948001044955134e-01,-7.948001044955134e-01,8.349019672575992e-01,8.254901637120002e-02,2.304746772500783e+00,2.305444426601247e+00,7.122510881243130e-01,-1.595167571495328e-01,True,True,True,True,0.016
0.016,0.016,0.016,0.9,2,7.948001044955134e-01,-7.948001044955134e-01,8.348911610993778e-01,8.255441945031108e-02,2.304731490285269e+00,2.305428773124814e+00,7.122456850452024e-01,-1.595499807272940e-01,True,True,True,True,0.016
0.016,0.016,0.016,0.95,1,8.389556658563752e-01,-8.389556658563752e-01,8.812711876607995e-01,5.936440616960001e-02,2.432768146602384e+00,2.433504070654980e+00,7.795912596867749e-01,5.596784442301062e-02,True,True,True,True,0.016
0.016,0.016,0.016,0.95,2,8.389556658563750e-01,-8.389556658563750e-01,8.812603815025770e-01,5.936980924871112e-02,2.432752864386868e+00,2.433488417296110e+00,7.795858566076636e-01,5.592979610514592e-02,True,True,True,True,0.016
0.016,0.016,0.016,1.0,1,8.831112272172370e-01,-8.831112272172370e-01,9.276404080639999e-01,3.617979596800000e-02,2.560789520703985e+00,2.561563714850973e+00,8.469314312492370e-01,3.059270646896642e-01,True,True,True,True,0.016
0.016,0.016,0.016,1.0,2,8.831112272172369e-01,-8.831112272172369e-01,9.276296019057775e-01,3.618519904711109e-02,2.560774238488470e+00,2.561548061597912e+00,8.469260281701256e-01,3.058821049298821e-01,True,True,True,True,0.016
0.017,0.017,0.017,0.5,1,4.380898563240638e-01,-4.380898563240638e-01,4.617791782408891e-01,2.691104108795553e-01,1.272606993041340e+00,1.273047888605719e+00,1.689794454445083e-01,,False,True,False,True,0.017
0.017,0.017,0.017,0.5,2,4.380898563240639e-01,-4.380898563240639e-01,4.617662253893329e-01,2.691168873053335e-01,1.272588674942998e+00,1.273029094913940e+00,1.689729690187303e-01,,False,True,False,True,0.017
0.017,0.017,0.017,0.6,1,5.257078275888767e-01,-5.257078275888767e-01,5.540772138890667e-01,2.229613930554665e-01,1.527046650105702e+00,1.527573604039146e+00,3.027464345334100e-01,,False,True,False,True,0.017
0.017,0.017,0.017,0.6,2,5.257078275888767e-01,-5.257078275888767e-01,5.540642610375106e-01,2.229678694812444e-01,1.527028332007360e+00,1.527554811255241e+00,3.027399581076320e-01,,False,True,False,True,0.017
0.017,0.017,0.017,0.7,1,6.133257988536895e-01,-6.133257988536895e-01,6.463752495372446e-01,1.768123752313777e-01,1.781486307170065e+00,1.782099322432789e+00,4.365134236223118e-01,,False,True,False,True,0.017
0.017,0.017,0.017,0.7,2,6.133257988536893e-01,-6.133257988536893e-01,6.463622966856886e-01,1.768188516571556e-01,1.781467989071723e+00,1.782080530297455e+00,4.365069471965336e-01,,False,True,False,True,0.017
0.017,0.017,0.017,0.8,1,7.009437701185024e-01,-7.009437701185024e-01,7.386732851854222e-01,1.306633574072888e-01,2.035925964234428e+00,2.036625042676795e+00,5.702804127112135e-01,-5.329464744874033e-01,True,True,True,True,0.017
0.017,0.017,0.017,0.8,2,7.009437701185024e-01,-7.009437701185024e-01,7.386603323338667e-01,1.306698338330666e-01,2.035907646136087e+00,2.036606251027938e+00,5.702739362854358e-01,-5.329777982841847e-01,True,True,True,True,0.017
0.017,0.017,0.017,0.85,1,7.447527557509086e-01,-7.447527557509086e-01,7.848223030095105e-01,1.075888484952444e-01,2.163145792766608e+00,2.163887903288638e+00,6.371639072556639e-01,-3.663895983094373e-01,True,True,True,True,0.017
0.017,0.017,0.017,0.85,2,7.447527557509085e-01,-7.447527557509085e-01,7.848093501579555e-01,1.075953249210222e-01,2.163127474668267e+00,2.163869111840108e+00,6.371574308298862e-01,-3.664245595287533e-01,True,True,True,True,0.017
0.017,0.017,0.017,0.9,1,7.885617413833148e-01,-7.885617413833148e-01,8.309713208335993e-01,8.451433958320002e-02,2.290365621298789e+00,2.291150764154487e+00,7.040474018001144e-01,-1.798137418648281e-01,True,True,True,True,0.017
0.017,0.017,0.017,0.9,2,7.885617413833147e-01,-7.885617413833147e-01,8.309583679820443e-01,8.452081600897773e-02,2.290347303200448e+00,2.291131972884031e+00,7.040409253743368e-01,-1.798530857622461e-01,True,True,True,True,0.017
0.017,0.017,0.017,0.95,1,8.323707270157213e-01,-8.323707270157213e-01,8.771203386576883e-01,6.143983067115559e-02,2.417585449830971e+00,2.418413625234243e+00,7.709308963445656e-01,3.148347172060117e-02,True,True,True,True,0.017
0.017,0.017,0.017,0.95,2,8.323707270157216e-01,-8.323707270157216e-01,8.771073858061331e-01,6.144630709693336e-02,2.417567131732630e+00,2.418394834123121e+00,7.709244199187881e-01,3.143853762154736e-02,True,True,True,True,0.017
0.017,0.017,0.017,1.0,1,8.761797126481276e-01,-8.761797126481276e-01,9.232693564817775e-01,3.836532175911111e-02,2.544805278363153e+00,2.545676486495824e+00,8.378143908890163e-01,2.756344430717401e-01,True,True,True,True,0.017
0.017,0.017,0.017,1.0,2,8.761797126481278e-01,-8.761797126481278e-01,9.232564036302215e-01,3.837179818488890e-02,2.544786960264811e+00,2.545657695528106e+00,8.378079144632385e-01,2.755816302671220e-01,True,True,True,True,0.017
0.018,0.018,0.018,0.5,1,4.346455076495361e-01,-4.346455076495361e-01,4.596199493120001e-01,2.701900253440000e-01,1.264682337596778e+00,1.265175426769724e+00,1.644554823055361e-01,,False,True,False,True,0.018
0.018,0.018,0.018,0.5,2,4.346455076495361e-01,-4.346455076495361e-01,4.596045839360001e-01,2.701977080320001e-01,1.264660607673648e+00,1.265153098869709e+00,1.644477996175361e-01,,False,True,False,True,0.018
0.018,0.018,0.018,0.6,1,5.215746091794434e-01,-5.215746091794434e-01,5.514791391744001e-01,2.242604304128002e-01,1.517527164077291e+00,1.518116351120989e+00,2.973141787666435e-01,,False,True,False,True,0.018
0.018,0.018,0.018,0.6,2,5.215746091794433e-01,-5.215746091794433e-01,5.514637737984001e-01,2.242681131008002e-01,1.517505434154161e+00,1.518094024430189e+00,2.973064960786433e-01,,False,True,False,True,0.018
0.018,0.018,0.018,0.7,1,6.085037107093504e-01,-6.085037107093504e-01,6.433383290368005e-01,1.783308354815999e-01,1.770371990557805e+00,1.771057279203484e+00,4.301728752277507e-01,,False,True,False,True,0.018
0.018,0.018,0.018,0.7,2,6.085037107093506e-01,-6.085037107093506e-01,6.433229636607998e-01,1.783385181696001e-01,1.770350260634675e+00,1.771034953376543e+00,4.301651925397505e-01,,False,True,False,True,0.018
0.018,0.018,0.018,0.8,1,6.954328122392578e-01,-6.954328122392578e-01,7.351975188992004e-01,1.324012405504000e-01,2.023216817038319e+00,2.023998209618322e+00,5.630315716888580e-01,-5.470762352455630e-01,True,True,True,True,0.018
0.018,0.018,0.018,0.8,2,6.954328122392578e-01,-6.954328122392578e-01,7.351821535232004e-01,1.324089232384000e-01,2.023195087115189e+00,2.023975884439351e+00,5.630238890008580e-01,-5.471130530062837e-01,True,True,True,True,0.018
0.018,0.018,0.018,0.85,1,7.388973630042113e-01,-7.388973630042113e-01,7.811271138304003e-01,1.094364430848000e-01,2.149639230278576e+00,2.150468675443182e+00,6.294609199194114e-01,-3.831400579039712e-01,True,True,True,True,0.018
0.018,0.018,0.018,0.85,2,7.388973630042114e-01,-7.388973630042114e-01,7.811117484543998e-01,1.094441257728000e-01,2.149617500355446e+00,2.150446350531040e+00,6.294532372314112e-01,-3.831811054029749e-01,True,True,True,True,0.018
0.018,0.018,0.018,0.9,1,7.823619137691649e-01,-7.823619137691649e-01,8.270567087616004e-01,8.647164561920000e-02,2.276061643518833e+00,2.276939141588216e+00,6.958902681499650e-01,-1.997546362011806e-01,True,True,True,True,0.018
0.018,0.018,0.018,0.9,2,7.823619137691649e-01,-7.823619137691649e-01,8.270413433855995e-01,8.647932830720001e-02,2.276039913595702e+00,2.276916816913264e+00,6.958825854619646e-01,-1.998007547610101e-01,True,True,True,True,0.018
0.018,0.018,0.018,0.95,1,8.258264645341187e-01,-8.258264645341187e-01,8.729863036927995e-01,6.350684815360003e-02,2.402484056759089e+00,2.403409608002880e+00,7.623196163805184e-01,7.493771606870148e-03,True,True,True,True,0.018
0.018,0.018,0.018,0.95,2,8.258264645341188e-01,-8.258264645341188e-01,8.729709383168003e-01,6.351453084160003e-02,2.402462326835960e+00,2.403387283540160e+00,7.623119336925189e-01,7.441236150533381e-03,True,True,True,True,0.018
0.018,0.018,0.018,1.0,1,8.692910152990722e-01,-8.692910152990722e-01,9.189158986240005e-01,4.054205068800002e-02,2.528906469999347e+00,2.529880074646738e+00,8.287489646110724e-01,2.461042828770540e-01,True,True,True,True,0.018
0.018,0.018,0.018,1.0,2,8.692910152990722e-01,-8.692910152990722e-01,9.189005332480005e-01,4.054973337600001e-02,2.528884740076217e+00,2.529857750375029e+00,8.287412819230724e-01,2.460428380465044e-01,True,True,True,True,0.018
0.019,0.019,0.019,0.5,1,4.312224700796477e-01,-4.312224700796477e-01,4.574704989519995e-01,2.712647505239997e-01,1.256801649590168e+00,1.257349714459719e+00,1.599577195556475e-01,,False,True,False,True,0.019
0.019,0.019,0.019,0.5,2,4.312224700796478e-01,-4.312224700796478e-01,4.574524399671108e-01,2.712737800164441e-01,1.256776110328816e+00,1.257323432587583e+00,1.599486900632032e-01,,False,True,False,True,0.019
0.019,0.019,0.019,0.6,1,5.174669640955771e-01,-5.174669640955771e-01,5.488923987423990e-01,2.255538006287998e-01,1.508059873288998e+00,1.508714584442635e+00,2.919131634667766e-01,,False,True,False,True,0.019
0.019,0.019,0.019,0.6,2,5.174669640955770e-01,-5.174669640955770e-01,5.488743397575107e-01,2.255628301212443e-01,1.508034334027646e+00,1.508688304156344e+00,2.919041339743323e-01,,False,True,False,True,0.019
0.019,0.019,0.019,0.7,1,6.037114581115065e-01,-6.037114581115065e-01,6.403142985327996e-01,1.798428507335999e-01,1.759318096987829e+00,1.760079459070723e+00,4.238686073779063e-01,,False,True,False,True,0.019
0.019,0.019,0.019,0.7,2,6.037114581115065e-01,-6.037114581115065e-01,6.402962395479107e-01,1.798518802260443e-01,1.759292557726476e+00,1.760053179917376e+00,4.238595778854619e-01,,False,True,False,True,0.019
0.019,0.019,0.019,0.8,1,6.899559521274360e-01,-6.899559521274360e-01,7.317361983231995e-01,1.341319008383999e-01,2.010576320686659e+00,2.011444336602497e+00,5.558240512890358e-01,-5.609990638460671e-01,True,True,True,True,0.019
0.019,0.019,0.019,0.8,2,6.899559521274361e-01,-6.899559521274361e-01,7.317181393383105e-01,1.341409303308445e-01,2.010550781425307e+00,2.011418058298966e+00,5.558150217965914e-01,-5.610419429333211e-01,True,True,True,True,0.019
0.019,0.019,0.019,0.85,1,7.330781991354008e-01,-7.330781991354008e-01,7.774471482183994e-01,1.112764258908000e-01,2.136205432536074e+00,2.137126776137086e+00,6.218017732446006e-01,-3.996266752687440e-01,True,True,True,True,0.019
0.019,0.019,0.019,0.85,2,7.330781991354011e-01,-7.330781991354011e-01,7.774290892335103e-01,1.112854553832444e-01,2.136179893274722e+00,2.137100498183507e+00,6.217927437521562e-01,-3.996744291486378e-01,True,True,True,True,0.019
0.019,0.019,0.019,0.9,1,7.762004461433657e-01,-7.762004461433657e-01,8.231580981135986e-01,8.842095094319993e-02,2.261834544385489e+00,2.262809216070287e+00,6.877794952001650e-01,-2.193496059452097e-01,True,True,True,True,0.019
0.019,0.019,0.019,0.9,2,7.762004461433658e-01,-7.762004461433658e-01,8.231400391287098e-01,8.842998043564441e-02,2.261809005124136e+00,2.262782938427788e+00,6.877704657077207e-01,-2.194031764710951e-01,True,True,True,True,0.019
0.019,0.019,0.019,0.95,1,8.193226931513305e-01,-8.193226931513305e-01,8.688690480087994e-01,6.556547599560000e-02,2.387463656234905e+00,2.388491656339177e+00,7.537572171557303e-01,-1.601970085442794e-02,True,True,True,True,0.019
0.019,0.019,0.019,0.95,2,8.193226931513305e-01,-8.193226931513305e-01,8.688509890239106e-01,6.557450548804442e-02,2.387438116973553e+00,2.388465378975024e+00,7.537481876632859e-01,-1.608057647111794e-02,True,True,True,True,0.019
0.019,0.019,0.019,1.0,1,8.624449401592954e-01,-8.624449401592954e-01,9.145799979039995e-01,4.271000104799999e-02,2.513092768084320e+00,2.514174096893412e+00,8.197349391112951e-01,2.172948785511840e-01,True,True,True,True,0.019
0.019,0.019,0.019,1.0,2,8.624449401592955e-01,-8.624449401592955e-01,9.145619389191102e-01,4.271903054044441e-02,2.513067228822968e+00,2.514147819779778e+00,8.197259096188506e-01,2.172239997528506e-01,True,True,True,True,0.019
0.02,0.02,0.02,0.5,1,4.278206464000001e-01,-4.278206464000001e-01,4.553308088888891e-01,2.723345955555557e-01,1.248964765699083e+00,1.249570567850450e+00,1.554860508444447e-01,,False,True,False,True,0.02
0.02,0.02,0.02,0.5,2,4.278206464000001e-01,-4.278206464000001e-01,4.553097600000000e-01,2.723451200000003e-01,1.248934998074943e+00,1.249539888178639e+00,1.554755264000001e-01,,False,True,False,True,0.02
0.02,0.02,0.02,0.6,1,5.133847756800000e-01,-5.133847756800000e-01,5.463169706666667e-01,2.268415146666669e-01,1.498644581753909e+00,1.499368080677200e+00,2.865432610133333e-01,,False,True,False,True,0.02
0.02,0.02,0.02,0.6,2,5.133847756800002e-01,-5.133847756800002e-01,5.462959217777780e-01,2.268520391111112e-01,1.498614814129770e+00,1.499337403056478e+00,2.865327365688892e-01,,False,True,False,True,0.02
0.02,0.02,0.02,0.7,1,5.989489049600002e-01,-5.989489049600002e-01,6.373031324444447e-01,1.813484337777778e-01,1.748324397808737e+00,1.749165599222995e+00,4.176004711822225e-01,,False,True,False,True,0.02
0.02,0.02,0.02,0.7,2,5.989489049600001e-01,-5.989489049600001e-01,6.372820835555555e-01,1.813589582222224e-01,1.748294630184597e+00,1.749134923067621e+00,4.175899467377778e-01,,False,True,False,True,0.02
0.02,0.02,0.02,0.8,1,6.845130342400002e-01,-6.845130342400002e-01,7.282892942222227e-01,1.358553528888889e-01,1.998004213863564e+00,1.998963121343818e+00,5.486576813511115e-01,,False,True,False,True,0.02
0.02,0.02,0.02,0.8,2,6.845130342400002e-01,-6.845130342400002e-01,7.282682453333336e-01,1.358658773333334e-01,1.997974446239424e+00,1.998932446287612e+00,5.486471569066670e-01,,False,True,False,True,0.02
0.02,0.02,0.02,0.85,1,7.272950988800003e-01,-7.272950988800003e-01,7.737823751111113e-01,1.131088124444445e-01,2.122844121890977e+00,2.123861883350668e+00,6.141862864355560e-01,-4.158555061632694e-01,True,True,True,True,0.02
0.02,0.02,0.02,0.85,2,7.272950988800001e-01,-7.272950988800001e-01,7.737613262222223e-01,1.131193368888890e-01,2.122814354266836e+00,2.123831208747100e+00,6.141757619911112e-01,-4.159106077221114e-01,True,True,True,True,0.02
0.02,0.02,0.02,0.9,1,7.700771635200003e-01,-7.700771635200003e-01,8.192754560000007e-01,9.036227200000006e-02,2.247684029918391e+00,2.248760645848302e+00,6.797148915200006e-01,-2.386083005114348e-01,True,True,True,True,0.02
0.02,0.02,0.02,0.9,2,7.700771635200000e-01,-7.700771635200000e-01,8.192544071111111e-01,9.037279644444446e-02,2.247654262294250e+00,2.248729971647096e+00,6.797043670755556e-01,-2.386700221432514e-01,True,True,True,True,0.02
0.02,0.02,0.02,0.95,1,8.128592281600001e-01,-8.128592281600001e-01,8.647685368888886e-01,6.761573155555560e-02,2.372523937945802e+00,2.373659408759243e+00,7.452434966044443e-01,-3.907412156548218e-02,True,True,True,True,0.02
0.02,0.02,0.02,0.95,2,8.128592281600002e-01,-8.128592281600002e-01,8.647474880000003e-01,6.762625600000002e-02,2.372494170321664e+00,2.373628734918064e+00,7.452329721600004e-01,-3.914409817261322e-02,True,True,True,True,0.02
0.02,0.02,0.02,1.0,1,8.556412928000002e-01,-8.556412928000002e-01,9.102616177777777e-01,4.486919111111112e-02,2.497363845973216e+00,2.498558172021514e+00,8.107721016888891e-01,1.891688125728493e-01,True,True,True,True,0.02
0.02,0.02,0.02,1.0,2,8.556412928000001e-01,-8.556412928000001e-01,9.102405688888890e-01,4.487971555555557e-02,2.497334078349077e+00,2.498527498504368e+00,8.107615772444446e-01,1.890876761200608e-01,True,True,True,True,0.02
0.021,0.021,0.021,0.5,1,4.244399396867516e-01,-4.244399396867516e-01,4.532008608720001e-01,2.733995695639997e-01,1.241171523042167e+00,1.241837803735118e+00,1.510403701227517e-01,,False,True,False,True,0.021
0.021,0.021,0.021,0.5,2,4.244399396867517e-01,-4.244399396867517e-01,4.531765106160003e-01,2.734117446919997e-01,1.241137086579885e+00,1.241802258292982e+00,1.510281949947518e-01,,False,True,False,True,0.021
0.021,0.021,0.021,0.6,1,5.093279276241020e-01,-5.093279276241020e-01,5.437528330463993e-01,2.281235834767998e-01,1.489281094014398e+00,1.490076617229930e+00,2.812043441473016e-01,,False,True,False,True,0.021
0.021,0.021,0.021,0.6,2,5.093279276241022e-01,-5.093279276241022e-01,5.437284827903992e-01,2.281357586048000e-01,1.489246657552116e+00,1.490041074407564e+00,2.811921690193018e-01,,False,True,False,True,0.021
0.021,0.021,0.021,0.7,1,5.942159155614524e-01,-5.942159155614524e-01,6.343048052207994e-01,1.828475973895998e-01,1.737390664986630e+00,1.738315437695623e+00,4.113683181718520e-01,,False,True,False,True,0.021
0.021,0.021,0.021,0.7,2,5.942159155614521e-01,-5.942159155614521e-01,6.342804549647992e-01,1.828597725175999e-01,1.737356228524348e+00,1.738279896744926e+00,4.113561430438518e-01,,False,True,False,True,0.021
0.021,0.021,0.021,0.8,1,6.791039034988027e-01,-6.791039034988027e-01,7.248567773951990e-01,1.375716113023999e-01,1.985500235958862e+00,1.986554262518962e+00,5.415322921964022e-01,,False,True,False,True,0.021
0.021,0.021,0.021,0.8,2,6.791039034988025e-01,-6.791039034988025e-01,7.248324271391993e-01,1.375837864304000e-01,1.985465799496580e+00,1.986518722972239e+00,5.415201170684021e-01,,False,True,False,True,0.021
0.021,0.021,0.021,0.85,1,7.215478974674776e-01,-7.215478974674776e-01,7.701327634823992e-01,1.149336182587999e-01,2.109555021444978e+00,2.110673676084273e+00,6.066142792086773e-01,-4.318323715843436e-01,True,True,True,True,0.021
0.021,0.021,0.021,0.85,2,7.215478974674775e-01,-7.215478974674775e-01,7.701084132263991e-01,1.149457933867999e-01,2.109520584982695e+00,2.110638137115711e+00,6.066021040806771e-01,-4.318954823376401e-01,True,True,True,True,0.021
0.021,0.021,0.021,0.9,1,7.639918914361530e-01,-7.639918914361530e-01,8.154087495695992e-01,9.229562521519995e-02,2.233609806931094e+00,2.234793090247818e+00,6.716962662209526e-01,-2.575398927470711e-01,True,True,True,True,0.021
0.021,0.021,0.021,0.9,2,7.639918914361529e-01,-7.639918914361529e-01,8.153843993135995e-01,9.230780034319987e-02,2.233575370468812e+00,2.234757551793205e+00,6.716840910929527e-01,-2.576104853897337e-01,True,True,True,True,0.021
0.021,0.021,0.021,0.95,1,8.064358854048280e-01,-8.064358854048280e-01,8.606847356567991e-01,6.965763217159995e-02,2.357664592417210e+00,2.358912504915164e+00,7.367782532332277e-01,-6.168552763249002e-02,True,True,True,True,0.021
0.021,0.021,0.021,0.95,2,8.064358854048280e-01,-8.064358854048280e-01,8.606603854007988e-01,6.966980729959993e-02,2.357630155954928e+00,2.358876966920420e+00,7.367660781052274e-01,-6.176538695098566e-02,True,True,True,True,0.021
0.021,0.021,0.021,1.0,1,8.488798793735032e-01,-8.488798793735032e-01,9.059607217439991e-01,4.701963912799995e-02,2.481719377903326e+00,2.483031920010761e+00,8.018602402455027e-01,1.616923152539093e-01,True,True,True,True,0.021
0.021,0.021,0.021,1.0,2,8.488798793735034e-01,-8.488798793735034e-01,9.059363714879989e-01,4.703181425599996e-02,2.481684941441044e+00,2.482996382429918e+00,8.018480651175028e-01,1.616000768645155e-01,True,True,True,True,0.021
0.022,0.022,0.022,0.5,1,4.210802533061970e-01,-4.210802533061970e-01,4.510806366719995e-01,2.744596816639999e-01,1.233421759178554e+00,1.234151239524277e+00,1.466205716421967e-01,,False,True,False,True,0.022
0.022,0.022,0.022,0.5,2,4.210802533061969e-01,-4.210802533061969e-01,4.510526584604438e-01,2.744736707697776e-01,1.233382192012321e+00,1.234110336118525e+00,1.466065825364188e-01,,False,True,False,True,0.022
0.022,0.022,0.022,0.6,1,5.052963039674363e-01,-5.052963039674363e-01,5.411999640063989e-01,2.294000179967998e-01,1.479969215141427e+00,1.480839972236945e+00,2.758962859706358e-01,,False,True,False,True,0.022
0.022,0.022,0.022,0.6,2,5.052963039674364e-01,-5.052963039674364e-01,5.411719857948440e-01,2.294140071025777e-01,1.479929647975195e+00,1.480799072139481e+00,2.758822968648584e-01,,False,True,False,True,0.022
0.022,0.022,0.022,0.7,1,5.895123546286756e-01,-5.895123546286756e-01,6.313192913407989e-01,1.843403543295999e-01,1.726516671104299e+00,1.727528713369354e+00,4.051720002990750e-01,,False,True,False,True,0.022
0.022,0.022,0.022,0.7,2,5.895123546286755e-01,-5.895123546286755e-01,6.312913131292437e-01,1.843543434353777e-01,1.726477103938067e+00,1.727487815635514e+00,4.051580111932973e-01,,False,True,False,True,0.022
0.022,0.022,0.022,0.8,1,6.737284052899151e-01,-6.737284052899151e-01,7.214386186751987e-01,1.392806906623999e-01,1.973064127067172e+00,1.974217459765231e+00,5.344477146275144e-01,,False,True,False,True,0.022
0.022,0.022,0.022,0.8,2,6.737284052899153e-01,-6.737284052899153e-01,7.214106404636438e-01,1.392946797681777e-01,1.973024559900941e+00,1.974176563804420e+00,5.344337255217372e-01,,False,True,False,True,0.022
0.022,0.022,0.022,0.85,1,7.158364306205346e-01,-7.158364306205346e-01,7.664982823423995e-01,1.167508588287999e-01,2.096337855048610e+00,2.097561834356638e+00,5.990855717917343e-01,-4.475628717210586e-01,True,True,True,True,0.022
0.022,0.022,0.022,0.85,2,7.158364306205349e-01,-7.158364306205349e-01,7.664703041308437e-01,1.167648479345777e-01,2.096298287882377e+00,2.097520939125973e+00,5.990715826859567e-01,-4.476346724621808e-01,True,True,True,True,0.022
0.022,0.022,0.022,0.9,1,7.579444559511546e-01,-7.579444559511546e-01,8.115579460095992e-01,9.422102699519994e-02,2.219611583030046e+00,2.220906209670648e+00,6.637234289559542e-01,-2.761531146892597e-01,True,True,True,True,0.022
0.022,0.022,0.022,0.9,2,7.579444559511546e-01,-7.579444559511546e-01,8.115299677980432e-01,9.423501610097772e-02,2.219572015863813e+00,2.220865315089040e+00,6.637094398501762e-01,-2.762333179908519e-01,True,True,True,True,0.022
0.022,0.022,0.022,0.95,1,8.000524812817742e-01,-8.000524812817742e-01,8.566176096767993e-01,7.169119516159997e-02,2.342885311011484e+00,2.344250585593201e+00,7.283612861201738e-01,-8.386893021896080e-02,True,True,True,True,0.022
0.022,0.022,0.022,0.95,2,8.000524812817740e-01,-8.000524812817740e-01,8.565896314652439e-01,7.170518426737775e-02,2.342845743845250e+00,2.344209691592359e+00,7.283472970143959e-01,-8.395947378224267e-02,True,True,True,True,0.022
0.022,0.022,0.022,1.0,1,8.421605066123939e-01,-8.421605066123939e-01,9.016772733439994e-01,4.916136332799997e-02,2.466159038992920e+00,2.467594962033043e+00,7.929991432843937e-01,1.348347464491250e-01,True,True,True,True,0.022
0.022,0.022,0.022,1.0,2,8.421605066123938e-01,-8.421605066123938e-01,9.016492951324433e-01,4.917535243377774e-02,2.466119471826687e+00,2.467554068554913e+00,7.929851541786155e-01,1.347305423347872e-01,True,True,True,True,0.022
0.023,0.023,0.023,0.5,1,4.177414909143360e-01,-4.177414909143360e-01,4.489701180808887e-01,2.755149409595558e-01,1.225715312107253e+00,1.226510693244701e+00,1.422265499547803e-01,,False,True,False,True,0.023
0.023,0.023,0.023,0.5,2,4.177414909143362e-01,-4.177414909143362e-01,4.489381702426667e-01,2.755309148786669e-01,1.225670131041152e+00,1.226463915379765e+00,1.422105760356695e-01,,False,True,False,True,0.023
0.023,0.023,0.023,0.6,1,5.012897890972032e-01,-5.012897890972032e-01,5.386583416970665e-01,2.306708291514667e-01,1.470708750733805e+00,1.471657924563928e+00,2.706189599457365e-01,,False,True,False,True,0.023
0.023,0.023,0.023,0.6,2,5.012897890972035e-01,-5.012897890972035e-01,5.386263938588449e-01,2.306868030705778e-01,1.470663569667704e+00,1.471611150833673e+00,2.706029860266259e-01,,False,True,False,True,0.023
0.023,0.023,0.023,0.7,1,5.848380872800706e-01,-5.848380872800706e-01,6.283465653132441e-01,1.858267173433778e-01,1.715702189360357e+00,1.716805165968885e+00,3.990113699366926e-01,,False,True,False,True,0.023
0.023,0.023,0.023,0.7,2,5.848380872800705e-01,-5.848380872800705e-01,6.283146174750223e-01,1.858426912624890e-01,1.715657008294255e+00,1.716758395192748e+00,3.989953960175816e-01,,False,True,False,True,0.023
0.023,0.023,0.023,0.8,1,6.683863854629378e-01,-6.683863854629378e-01,7.180347889294224e-01,1.409826055352889e-01,1.960695627986910e+00,1.961952413678916e+00,5.274037799276490e-01,,False,True,False,True,0.023
0.023,0.023,0.023,0.8,2,6.683863854629378e-01,-6.683863854629378e-01,7.180028410912001e-01,1.409985794543999e-01,1.960650446920807e+00,1.961905645118792e+00,5.273878060085379e-01,,False,True,False,True,0.023
0.023,0.023,0.023,0.85,1,7.101605345543713e-01,-7.101605345543713e-01,7.628789007375114e-01,1.185605496312445e-01,2.083192347300186e+00,2.084526039203180e+00,5.915999849231270e-01,-4.630523988018391e-01,True,True,True,True,0.023
0.023,0.023,0.023,0.85,2,7.101605345543712e-01,-7.101605345543712e-01,7.628469528992885e-01,1.185765235503556e-01,2.083147166234082e+00,2.084479271555637e+00,5.915840110040155e-01,-4.631335886997048e-01,True,True,True,True,0.023
0.023,0.023,0.023,0.9,1,7.519346836458051e-01,-7.519346836458051e-01,8.077230125456005e-01,9.613849372720004e-02,2.205689066613462e+00,2.207099665593067e+00,6.557961899186053e-01,-2.944562897795183e-01,True,True,True,True,0.023
0.023,0.023,0.023,0.9,2,7.519346836458048e-01,-7.519346836458048e-01,8.076910647073782e-01,9.615446764631116e-02,2.205643885547359e+00,2.207052898756761e+00,6.557802159994939e-01,-2.945468621549626e-01,True,True,True,True,0.023
0.023,0.023,0.023,0.95,1,7.937088327372386e-01,-7.937088327372386e-01,8.525671243536890e-01,7.371643782315558e-02,2.328185785926737e+00,2.329673292711945e+00,7.199923949140831e-01,-1.056384128309271e-01,True,True,True,True,0.023
0.023,0.023,0.023,0.95,2,7.937088327372385e-01,-7.937088327372385e-01,8.525351765154663e-01,7.373241174226672e-02,2.328140604860634e+00,2.329626526601521e+00,7.199764209949716e-01,-1.057404609593562e-01,True,True,True,True,0.023
0.023,0.023,0.023,1.0,1,8.354829818286720e-01,-8.354829818286720e-01,8.974112361617779e-01,5.129438191911113e-02,2.450682505240013e+00,2.452246920450499e+00,7.841885999095609e-01,1.085681714363911e-01,True,True,True,True,0.023
0.023,0.023,0.023,1.0,2,8.354829818286723e-01,-8.354829818286723e-01,8.973792883235558e-01,5.131035583822224e-02,2.450637324173911e+00,2.452200154993406e+00,7.841726259904502e-01,1.084511193373985e-01,True,True,True,True,0.023
0.024,0.024,0.024,0.5,1,4.144235564564481e-01,-4.144235564564481e-01,4.468692869120002e-01,2.765653565440002e-01,1.218052020266545e+00,1.218915983538243e+00,1.378581999124481e-01,,False,True,False,True,0.024
0.024,0.024,0.024,0.5,2,4.144235564564482e-01,-4.144235564564482e-01,4.468330127360004e-01,2.765834936320000e-01,1.218000720834883e+00,1.218862790336536e+00,1.378400628244484e-01,,False,True,False,True,0.024
0.024,0.024,0.024,0.6,1,4.973082677477377e-01,-4.973082677477377e-01,5.361279442944006e-01,2.319360278528000e-01,1.461499506917470e+00,1.462530253804817e+00,2.653722398949380e-01,,False,True,False,True,0.024
0.024,0.024,0.024,0.6,2,4.973082677477377e-01,-4.973082677477377e-01,5.360916701184000e-01,2.319541649408001e-01,1.461448207485806e+00,1.462477065721840e+00,2.653541028069377e-01,,False,True,False,True,0.024
0.024,0.024,0.024,0.7,1,5.801929790390273e-01,-5.801929790390273e-01,6.253866016768006e-01,1.873066991616002e-01,1.704946993568393e+00,1.706144536061395e+00,3.928862798774276e-01,,False,True,False,True,0.024
0.024,0.024,0.024,0.7,2,5.801929790390273e-01,-5.801929790390273e-01,6.253503275008001e-01,1.873248362496001e-01,1.704895694136729e+00,1.706091351635708e+00,3.928681427894274e-01,,False,True,False,True,0.024
0.024,0.024,0.024,0.8,1,6.630776903303170e-01,-6.630776903303170e-01,7.146452590592000e-01,1.426773704704000e-01,1.948394480219316e+00,1.949758825813674e+00,5.204003198599170e-01,,False,True,False,True,0.024
0.024,0.024,0.024,0.8,2,6.630776903303168e-01,-6.630776903303168e-01,7.146089848832003e-01,1.426955075584000e-01,1.948343180787653e+00,1.949705644131529e+00,5.203821827719171e-01,,False,True,False,True,0.024
0.024,0.024,0.024,0.85,1,7.045200459759617e-01,-7.045200459759617e-01,7.592745877504004e-01,1.203627061248001e-01,2.070118223544778e+00,2.071565972674307e+00,5.841573398511619e-01,-4.783061489421458e-01,True,True,True,True,0.024
0.024,0.024,0.024,0.85,2,7.045200459759619e-01,-7.045200459759619e-01,7.592383135744001e-01,1.203808432128000e-01,2.070066924113115e+00,2.071512792121999e+00,5.841392027631619e-01,-4.783974446738695e-01,True,True,True,True,0.024
0.024,0.024,0.024,0.9,1,7.459624016216065e-01,-7.459624016216065e-01,8.039039164415998e-01,9.804804177919998e-02,2.191841966870240e+00,2.193373120564048e+00,6.479143598424064e-01,-3.124573619659992e-01,True,True,True,True,0.024
0.024,0.024,0.024,0.9,2,7.459624016216065e-01,-7.459624016216065e-01,8.038676422655997e-01,9.806617886719995e-02,2.191790667438577e+00,2.193319941016111e+00,6.478962227544064e-01,-3.125590796629846e-01,True,True,True,True,0.024
0.024,0.024,0.024,0.95,1,7.874047572672512e-01,-7.874047572672512e-01,8.485332451328003e-01,7.573337743359999e-02,2.313565710195701e+00,2.315180269320469e+00,7.116713798336514e-01,-1.270072173191370e-01,True,True,True,True,0.024
0.024,0.024,0.024,0.95,2,7.874047572672512e-01,-7.874047572672512e-01,8.484969709568004e-01,7.575151452160003e-02,2.313514410764038e+00,2.315127090671235e+00,7.116532427456514e-01,-1.271216081427550e-01,True,True,True,True,0.024
0.024,0.024,0.024,1.0,1,8.288471129128961e-01,-8.288471129128961e-01,8.931625738240002e-01,5.341871308800000e-02,2.435289453521163e+00,2.436987418813610e+00,7.754283998248963e-01,8.286701047827283e-02,True,True,True,True,0.024
0.024,0.024,0.024,1.0,2,8.288471129128964e-01,-8.288471129128964e-01,8.931262996480007e-01,5.343685017599999e-02,2.435238154089501e+00,2.436934240973255e+00,7.754102627368967e-01,8.273621064870285e-02,True,True,True,True,0.024
0.025,0.025,0.025,0.5,1,4.111263541666665e-01,-4.111263541666665e-01,4.447781249999996e-01,2.776109375000000e-01,1.210431722533379e+00,1.211366929660688e+00,1.335154166666663e-01,,False,True,False,True,0.025
0.025,0.025,0.025,0.5,2,4.111263541666665e-01,-4.111263541666665e-01,4.447371527777777e-01,2.776314236111110e-01,1.210373779061032e+00,1.211306755782795e+00,1.334949305555554e-01,,False,True,False,True,0.025
0.025,0.025,0.025,0.6,1,4.933516250000000e-01,-4.933516250000000e-01,5.336087499999997e-01,2.331956250000000e-01,1.452341290344759e+00,1.453456740280498e+00,2.601559999999999e-01,,False,True,False,True,0.025
0.025,0.025,0.025,0.6,2,4.933516249999998e-01,-4.933516249999998e-01,5.335677777777776e-01,2.332161111111111e-01,1.452283346872412e+00,1.453396572684629e+00,2.601355138888887e-01,,False,True,False,True,0.025
0.025,0.025,0.025,0.7,1,5.755768958333334e-01,-5.755768958333334e-01,6.224393750000000e-01,1.887803125000000e-01,1.694250858156139e+00,1.695546565055087e+00,3.867965833333334e-01,,False,True,False,True,0.025
0.025,0.025,0.025,0.7,2,5.755768958333332e-01,-5.755768958333332e-01,6.223984027777775e-01,1.888007986111112e-01,1.694192914683791e+00,1.695486401947788e+00,3.867760972222219e-01,,False,True,False,True,0.025
0.025,0.025,0.025,0.8,1,6.578021666666666e-01,-6.578021666666666e-01,7.112699999999998e-01,1.443649999999999e-01,1.936160425967518e+00,1.937636398678927e+00,5.134371666666665e-01,,False,True,False,True,0.025
0.025,0.025,0.025,0.8,2,6.578021666666666e-01,-6.578021666666666e-01,7.112290277777777e-01,1.443854861111110e-01,1.936102482495171e+00,1.937576238938828e+00,5.134166805555554e-01,,False,True,False,True,0.025
0.025,0.025,0.025,0.85,1,6.989148020833331e-01,-6.989148020833331e-01,7.556853124999993e-01,1.221573437500000e-01,2.057115209873206e+00,2.058681317833730e+00,5.767574583333328e-01,-4.933291330889787e-01,True,True,True,True,0.025
0.025,0.025,0.025,0.85,2,6.989148020833330e-01,-6.989148020833330e-01,7.556443402777773e-01,1.221778298611111e-01,2.057057266400860e+00,2.058621159480317e+00,5.767369722222216e-01,-4.934312680054066e-01,True,True,True,True,0.025
0.025,0.025,0.025,0.9,1,7.400274374999999e-01,-7.400274374999999e-01,8.001006250000000e-01,9.994968749999995e-02,2.178069993778898e+00,2.179726238203510e+00,6.400777499999999e-01,-3.301639220627230e-01,True,True,True,True,0.025
0.025,0.025,0.025,0.9,2,7.400274374999997e-01,-7.400274374999997e-01,8.000596527777774e-01,9.997017361111105e-02,2.178012050306549e+00,2.179666081082801e+00,6.400572638888884e-01,-3.302775782668883e-01,True,True,True,True,0.025
0.025,0.025,0.025,0.95,1,7.811400729166663e-01,-7.811400729166663e-01,8.445159374999996e-01,7.774203124999997e-02,2.299024777684586e+00,2.300771159596502e+00,7.033980416666661e-01,-1.479878194654680e-01,True,True,True,True,0.025
0.025,0.025,0.025,0.95,2,7.811400729166663e-01,-7.811400729166663e-01,8.444749652777775e-01,7.776251736111112e-02,2.298966834212239e+00,2.300711003578814e+00,7.033775555555550e-01,-1.481154079911502e-01,True,True,True,True,0.025
0.025,0.025,0.025,1.0,1,8.222527083333330e-01,-8.222527083333330e-01,8.889312500000000e-01,5.553437499999998e-02,2.419979561590277e+00,2.421816081859284e+00,7.667183333333329e-01,5.770774670597179e-02,True,True,True,True,0.025
0.025,0.025,0.025,1.0,2,8.222527083333331e-01,-8.222527083333331e-01,8.888902777777774e-01,5.555486111111110e-02,2.419921618117929e+00,2.421755926834375e+00,7.666978472222218e-01,5.756228285339993e-02,True,True,True,True,0.025
0.026,0.026,0.026,0.5,1,4.078497885675516e-01,-4.078497885675516e-01,4.426966142008887e-01,2.786516928995552e-01,1.202854258222777e+00,1.203863351480602e+00,1.291980956679959e-01,,False,True,False,True,0.026
0.026,0.026,0.026,0.5,2,4.078497885675516e-01,-4.078497885675516e-01,4.426505572693331e-01,2.786747213653332e-01,1.202789123885530e+00,1.203795607045395e+00,1.291750672022181e-01,,False,True,False,True,0.026
0.026,0.026,0.026,0.6,1,4.894197462810622e-01,-4.894197462810622e-01,5.311007370410661e-01,2.344496314794665e-01,1.443233908193700e+00,1.444437165037487e+00,2.549701148015952e-01,,False,True,False,True,0.026
0.026,0.026,0.026,0.6,2,4.894197462810622e-01,-4.894197462810622e-01,5.310546801095104e-01,2.344726599452443e-01,1.443168773856452e+00,1.444369428250313e+00,2.549470863358174e-01,,False,True,False,True,0.026
0.026,0.026,0.026,0.7,1,5.709897039945724e-01,-5.709897039945724e-01,6.195048598812434e-01,1.902475700593777e-01,1.683613558164621e+00,1.685010995197703e+00,3.807421339351941e-01,,False,True,False,True,0.026
0.026,0.026,0.026,0.7,2,5.709897039945723e-01,-5.709897039945723e-01,6.194588029496882e-01,1.902705985251554e-01,1.683548423827375e+00,1.684943263875279e+00,3.807191054694164e-01,,False,True,False,True,0.026
0.026,0.026,0.026,0.8,1,6.525596617080828e-01,-6.525596617080828e-01,7.079089827214212e-01,1.460455086392887e-01,1.923993208135544e+00,1.925584835738218e+00,5.065141530687933e-01,,False,True,False,True,0.026
0.026,0.026,0.026,0.8,2,6.525596617080824e-01,-6.525596617080824e-01,7.078629257898659e-01,1.460685371050665e-01,1.923928073798297e+00,1.925517108515379e+00,5.064911246030154e-01,,False,True,False,True,0.026
0.026,0.026,0.026,0.85,1,6.933446405648377e-01,-6.933446405648377e-01,7.521110441415108e-01,1.239444779292444e-01,2.044183033121006e+00,2.045871758756758e+00,5.694001626355931e-01,-5.081261871473765e-01,True,True,True,True,0.026
0.026,0.026,0.026,0.85,2,6.933446405648375e-01,-6.933446405648375e-01,7.520649872099546e-01,1.239675063950222e-01,2.044117898783758e+00,2.045804033222237e+00,5.693771341698148e-01,-5.082399104695596e-01,True,True,True,True,0.026
0.026,0.026,0.026,0.9,1,7.341296194215928e-01,-7.341296194215928e-01,7.963131055615991e-01,1.018434472191999e-01,2.164372858106467e+00,2.166158683200519e+00,6.322861722023924e-01,-3.475832316834782e-01,True,True,True,True,0.026
0.026,0.026,0.026,0.9,2,7.341296194215927e-01,-7.341296194215927e-01,7.962670486300434e-01,1.018664756849777e-01,2.164307723769219e+00,2.166090959166851e+00,6.322631437366144e-01,-3.477096356601721e-01,True,True,True,True,0.026
0.026,0.026,0.026,0.95,1,7.749145982783482e-01,-7.749145982783482e-01,8.405151669816884e-01,7.974241650915551e-02,2.284562683091929e+00,2.286445608844566e+00,6.951721817691924e-01,-1.685919956895862e-01,True,True,True,True,0.026
0.026,0.026,0.026,0.95,2,7.749145982783480e-01,-7.749145982783480e-01,8.404691100501331e-01,7.976544497493326e-02,2.284497548754682e+00,2.286377886153867e+00,6.951491533034145e-01,-1.687336529091498e-01,True,True,True,True,0.026
0.026,0.026,0.026,1.0,1,8.156995771351032e-01,-8.156995771351032e-01,8.847172284017770e-01,5.764138579911107e-02,2.404752508077389e+00,2.406732535508928e+00,7.580581913359917e-01,3.306868065790769e-02,True,True,True,True,0.026
0.026,0.026,0.026,1.0,2,8.156995771351031e-01,-8.156995771351031e-01,8.846711714702218e-01,5.766441426488884e-02,2.404687373740143e+00,2.406664814026981e+00,7.580351628702140e-01,3.290762084131293e-02,True,True,True,True,0.026
0.027,0.027,0.027,0.5,1,4.045937644696636e-01,-4.045937644696636e-01,4.406247363920003e-01,2.796876318039997e-01,1.195319467087221e+00,1.196405069478149e+00,1.249061326656637e-01,,False,True,False,True,0.027
0.027,0.027,0.027,0.5,2,4.045937644696636e-01,-4.045937644696636e-01,4.405731931760000e-01,2.797134034119997e-01,1.195246573972105e+00,1.196329139982857e+00,1.248803610576636e-01,,False,True,False,True,0.027
0.027,0.027,0.027,0.6,1,4.855125173635963e-01,-4.855125173635963e-01,5.286038836703995e-01,2.356980581647998e-01,1.434177168167269e+00,1.435471309846582e+00,2.498144591987960e-01,,False,True,False,True,0.027
0.027,0.027,0.027,0.6,2,4.855125173635964e-01,-4.855125173635964e-01,5.285523404543992e-01,2.357238297727998e-01,1.434104275052154e+00,1.435395389593487e+00,2.497886875907960e-01,,False,True,False,True,0.027
0.027,0.027,0.027,0.7,1,5.664312702575290e-01,-5.664312702575290e-01,6.165830309487994e-01,1.917084845255999e-01,1.673034869247319e+00,1.674537569575035e+00,3.747227857319287e-01,,False,True,False,True,0.027
0.027,0.027,0.027,0.7,2,5.664312702575289e-01,-5.664312702575289e-01,6.165314877327994e-01,1.917342561335999e-01,1.672961976132204e+00,1.674461655925960e+00,3.746970141239286e-01,,False,True,False,True,0.027
0.027,0.027,0.027,0.8,1,6.473500231514621e-01,-6.473500231514621e-01,7.045621782271995e-01,1.477189108863999e-01,1.911892570327369e+00,1.913603841407572e+00,4.996311122650618e-01,,False,True,False,True,0.027
0.027,0.027,0.027,0.8,2,6.473500231514621e-01,-6.473500231514621e-01,7.045106350111996e-01,1.477446824943998e-01,1.911819677212254e+00,1.913527932712854e+00,4.996053406570619e-01,,False,True,False,True,0.027
0.027,0.027,0.027,0.85,1,6.878093995984280e-01,-6.878093995984280e-01,7.485517518663996e-01,1.257241240667998e-01,2.031321420867395e+00,2.033136980528568e+00,5.620852755316278e-01,-5.227019813645630e-01,True,True,True,True,0.027
0.027,0.027,0.027,0.85,2,6.878093995984279e-01,-6.878093995984279e-01,7.485002086503993e-01,1.257498956747999e-01,2.031248527752278e+00,2.033061073874212e+00,5.620595039236276e-01,-5.228280574094282e-01,True,True,True,True,0.027
0.027,0.027,0.027,0.9,1,7.282687760453946e-01,-7.282687760453946e-01,7.925413255055989e-01,1.037293372472000e-01,2.150750271407419e+00,2.152670121311511e+00,6.245394387981941e-01,-3.647222450246730e-01,True,True,True,True,0.027
0.027,0.027,0.027,0.9,2,7.282687760453943e-01,-7.282687760453943e-01,7.924897822895989e-01,1.037551088551999e-01,2.150677378292303e+00,2.152594216470975e+00,6.245136671901937e-01,-3.648622212949002e-01,True,True,True,True,0.027
0.027,0.027,0.027,0.95,1,7.687281524923607e-01,-7.687281524923607e-01,8.365308991447991e-01,8.173455042759997e-02,2.270179121947443e+00,2.272203263494113e+00,6.869936020647602e-01,-1.888308821472757e-01,True,True,True,True,0.027
0.027,0.027,0.027,0.95,2,7.687281524923608e-01,-7.687281524923608e-01,8.364793559287993e-01,8.176032203559994e-02,2.270106228832328e+00,2.272127360276600e+00,6.869678304567605e-01,-1.889874941835085e-01,True,True,True,True,0.027
0.027,0.027,0.027,1.0,1,8.091875289393272e-01,-8.091875289393272e-01,8.805204727839991e-01,5.973976360799994e-02,2.389607972487469e+00,2.391736406866519e+00,7.494477653313267e-01,8.929722500610637e-03,True,True,True,True,0.027
0.027,0.027,0.027,1.0,2,8.091875289393272e-01,-8.091875289393272e-01,8.804689295679993e-01,5.976553521599994e-02,2.389535079372354e+00,2.391660505109831e+00,7.494219937233269e-01,8.752119989689167e-03,True,True,True,True,0.027
0.028,0.028,0.028,0.5,1,4.013581869711358e-01,-4.013581869711358e-01,4.385624734720004e-01,2.807187632639999e-01,1.187827189316050e+00,1.188991904743907e+00,1.206394237071360e-01,,False,True,False,True,0.028
0.028,0.028,0.028,0.5,2,4.013581869711359e-01,-4.013581869711359e-01,4.385050275271112e-01,2.807474862364444e-01,1.187745948481685e+00,1.188907150984146e+00,1.206107007346915e-01,,False,True,False,True,0.028
0.028,0.028,0.028,0.6,1,4.816298243653630e-01,-4.816298243653630e-01,5.261181681663998e-01,2.369409159168000e-01,1.425170878492679e+00,1.426558957201529e+00,2.446889084485629e-01,,False,True,False,True,0.028
0.028,0.028,0.028,0.6,2,4.816298243653628e-01,-4.816298243653628e-01,5.260607222215106e-01,2.369696388892445e-01,1.425089637658314e+00,1.426474214533761e+00,2.446601854761181e-01,,False,True,False,True,0.028
0.028,0.028,0.028,0.7,1,5.619014617595902e-01,-5.619014617595902e-01,6.136738628608001e-01,1.931630685696001e-01,1.662514567669310e+00,1.664126032109420e+00,3.687383931899902e-01,,False,True,False,True,0.028
0.028,0.028,0.028,0.7,2,5.619014617595900e-01,-5.619014617595900e-01,6.136164169159110e-01,1.931917915420445e-01,1.662433326834944e+00,1.664041297367689e+00,3.687096702175455e-01,,False,True,False,True,0.028
0.028,0.028,0.028,0.8,1,6.421730991538174e-01,-6.421730991538174e-01,7.012295575551999e-01,1.493852212224000e-01,1.899858256845939e+00,1.901693121053847e+00,4.927878779314173e-01,,False,True,False,True,0.028
0.028,0.028,0.028,0.8,2,6.421730991538175e-01,-6.421730991538175e-01,7.011721116103107e-01,1.494139441948444e-01,1.899777016011574e+00,1.901608392258386e+00,4.927591549589728e-01,,False,True,False,True,0.028
0.028,0.028,0.028,0.85,1,6.823089178509308e-01,-6.823089178509308e-01,7.450074049023996e-01,1.274962975488000e-01,2.018530101434254e+00,2.020476669242500e+00,5.548126203021306e-01,-5.370610290391271e-01,True,True,True,True,0.028
0.028,0.028,0.028,0.85,2,6.823089178509308e-01,-6.823089178509308e-01,7.449499589575111e-01,1.275250205212444e-01,2.018448860599889e+00,2.020391942895938e+00,5.547838973296864e-01,-5.372002364727243e-01,True,True,True,True,0.028
0.028,0.028,0.028,0.9,1,7.224447365480446e-01,-7.224447365480446e-01,7.887852522496003e-01,1.056073738751999e-01,2.137201946022570e+00,2.139260219358495e+00,6.168373626728447e-01,-3.815876287350054e-01,True,True,True,True,0.028
0.028,0.028,0.028,0.9,2,7.224447365480445e-01,-7.224447365480445e-01,7.887278063047111e-01,1.056360968476444e-01,2.137120705188204e+00,2.139175495188943e+00,6.168086397004000e-01,-3.817420162833527e-01,True,True,True,True,0.028
0.028,0.028,0.028,0.95,1,7.625805552451582e-01,-7.625805552451582e-01,8.325630995967999e-01,8.371845020160000e-02,2.255873790610884e+00,2.258043771097668e+00,6.788621050435582e-01,-2.087150272790611e-01,True,True,True,True,0.028
0.028,0.028,0.028,0.95,2,7.625805552451581e-01,-7.625805552451581e-01,8.325056536519108e-01,8.374717317404440e-02,2.255792549776518e+00,2.257959048876138e+00,6.788333820711134e-01,-2.088874945669525e-01,True,True,True,True,0.028
0.028,0.028,0.028,1.0,1,8.027163739422717e-01,-8.027163739422717e-01,8.763409469439998e-01,6.182952652799997e-02,2.374545635199198e+00,2.376827324216663e+00,7.408868474142716e-01,-1.472778504480887e-02,True,True,True,True,0.028
0.028,0.028,0.028,1.0,2,8.027163739422718e-01,-8.027163739422718e-01,8.762835009991106e-01,6.185824950044442e-02,2.374464394364833e+00,2.376742603748490e+00,7.408581244418271e-01,-1.492289094605437e-02,True,True,True,True,0.028
0.029,0.029,0.029,0.5,1,3.981429614572479e-01,-3.981429614572479e-01,4.365098073608890e-01,2.817450963195556e-01,1.180377265534865e+00,1.181623678977682e+00,1.163978651376924e-01,,False,True,False,True,0.029
0.029,0.029,0.029,0.5,2,3.981429614572478e-01,-3.981429614572478e-01,4.364460274160000e-01,2.817769862919999e-01,1.180287067071795e+00,1.181529436967451e+00,1.163659751652478e-01,,False,True,False,True,0.029
0.029,0.029,0.029,0.6,1,4.777715537486976e-01,-4.777715537486976e-01,5.236435688330666e-01,2.381782155834667e-01,1.416214847920646e+00,1.417699890317658e+00,2.395933381652309e-01,,False,True,False,True,0.029
0.029,0.029,0.029,0.6,2,4.777715537486975e-01,-4.777715537486975e-01,5.235797888881777e-01,2.382101055559111e-01,1.416124649457577e+00,1.417605661534453e+00,2.395614481927863e-01,,False,True,False,True,0.029
0.029,0.029,0.029,0.7,1,5.574001460401471e-01,-5.574001460401471e-01,6.107773303052445e-01,1.946113348473778e-01,1.652052430306428e+00,1.653776127558236e+00,3.627888111927693e-01,,False,True,False,True,0.029
0.029,0.029,0.029,0.7,2,5.574001460401469e-01,-5.574001460401469e-01,6.107135503603551e-01,1.946432248198222e-01,1.651962231843358e+00,1.653681908227005e+00,3.627569212203244e-01,,False,True,False,True,0.029
0.029,0.029,0.029,0.8,1,6.370287383315968e-01,-6.370287383315968e-01,6.979110917774217e-01,1.510444541112889e-01,1.887890012692209e+00,1.889852380993075e+00,4.859842842203076e-01,,False,True,False,True,0.029
0.029,0.029,0.029,0.8,2,6.370287383315967e-01,-6.370287383315967e-01,6.978473118325332e-01,1.510763440837333e-01,1.887799814229140e+00,1.889758168753070e+00,4.859523942478633e-01,,False,True,False,True,0.029
0.029,0.029,0.029,0.85,1,6.768430344773213e-01,-6.768430344773213e-01,7.414779725135109e-01,1.292610137432445e-01,2.005808803885100e+00,2.007890511998316e+00,5.475820207340767e-01,-5.512076946153741e-01,True,True,True,True,0.029
0.029,0.029,0.029,0.85,2,6.768430344773213e-01,-6.768430344773213e-01,7.414141925686224e-01,1.292929037156889e-01,2.005718605422032e+00,2.007796302678786e+00,5.475501307616325e-01,-5.513608257322258e-01,True,True,True,True,0.029
0.029,0.029,0.029,0.9,1,7.166573306230463e-01,-7.166573306230463e-01,7.850448532496000e-01,1.074775733752000e-01,2.123727595077991e+00,2.125928645227244e+00,6.091797572478463e-01,-3.981857800787520e-01,True,True,True,True,0.029
0.029,0.029,0.029,0.9,2,7.166573306230462e-01,-7.166573306230462e-01,7.849810733047107e-01,1.075094633476444e-01,2.123637396614921e+00,2.125834438503964e+00,6.091478672754015e-01,-3.983554315913338e-01,True,True,True,True,0.029
0.029,0.029,0.029,0.95,1,7.564716267687709e-01,-7.564716267687709e-01,8.286117339856889e-01,8.569413300715556e-02,2.241646386270882e+00,2.243966780328943e+00,6.707774937616153e-01,-2.282544386954625e-01,True,True,True,True,0.029
0.029,0.029,0.029,0.95,2,7.564716267687708e-01,-7.564716267687708e-01,8.285479540407995e-01,8.572602297959997e-02,2.241556187807812e+00,2.243872575928843e+00,6.707456037891706e-01,-2.284436751962138e-01,True,True,True,True,0.029
0.029,0.029,0.029,1.0,1,7.962859229144957e-01,-7.962859229144957e-01,8.721786147217777e-01,6.391069263911109e-02,2.359565177463773e+00,2.362004917022646e+00,7.323752302753845e-01,-3.792121855130648e-02,True,True,True,True,0.029
0.029,0.029,0.029,1.0,2,7.962859229144956e-01,-7.962859229144956e-01,8.721148347768886e-01,6.394258261155553e-02,2.359474979000703e+00,2.361910714713585e+00,7.323433403029399e-01,-3.813480171419159e-02,True,True,True,True,0.029
0.03,0.03,0.03,0.5,1,3.949479935999998e-01,-3.949479935999998e-01,4.344667200000006e-01,2.827666399999999e-01,1.172969536804917e+00,1.174300214487291e+00,1.121813536000001e-01,,False,True,False,True,0.03
0.03,0.03,0.03,0.5,2,3.949479935999998e-01,-3.949479935999998e-01,4.343961599999996e-01,2.828019200000000e-01,1.172869749895954e+00,1.174195795378966e+00,1.121460735999996e-01,,False,True,False,True,0.03
0.03,0.03,0.03,0.6,1,4.739375923199997e-01,-4.739375923199997e-01,5.211800639999997e-01,2.394099679999999e-01,1.407308885724672e+00,1.408893893130525e+00,2.345276243199996e-01,,False,True,False,True,0.03
0.03,0.03,0.03,0.6,2,4.739375923199998e-01,-4.739375923199998e-01,5.211095039999998e-01,2.394452479999999e-01,1.407209098815711e+00,1.408789489701288e+00,2.344923443199997e-01,,False,True,False,True,0.03
0.03,0.03,0.03,0.7,1,5.529271910399999e-01,-5.529271910399999e-01,6.078934079999996e-01,1.960532959999999e-01,1.641648234644428e+00,1.643487601512392e+00,3.568738950399997e-01,,False,True,False,True,0.03
0.03,0.03,0.03,0.7,2,5.529271910399997e-01,-5.529271910399997e-01,6.078228479999996e-01,1.960885760000000e-01,1.641548447735467e+00,1.643383209287736e+00,3.568386150399995e-01,,False,True,False,True,0.03
0.03,0.03,0.03,0.8,1,6.319167897599999e-01,-6.319167897599999e-01,6.946067519999997e-01,1.526966240000000e-01,1.875987583564184e+00,1.878081328488809e+00,4.792201657599997e-01,,False,True,False,True,0.03
0.03,0.03,0.03,0.8,2,6.319167897599999e-01,-6.319167897599999e-01,6.945361919999995e-01,1.527319040000000e-01,1.875887796655223e+00,1.877976944670455e+00,4.791848857599996e-01,,False,True,False,True,0.03
0.03,0.03,0.03,0.85,1,6.714115891199998e-01,-6.714115891199998e-01,7.379634240000003e-01,1.310182880000000e-01,1.993157258024063e+00,1.995378196900475e+00,5.403933011199999e-01,,False,True,False,True,0.03
0.03,0.03,0.03,0.85,2,6.714115891199998e-01,-6.714115891199998e-01,7.378928639999993e-01,1.310535680000001e-01,1.993057471115100e+00,1.995273816544251e+00,5.403580211199994e-01,,False,True,False,True,0.03
0.03,0.03,0.03,0.9,1,7.109063884799997e-01,-7.109063884799997e-01,7.813200959999994e-01,1.093399520000000e-01,2.110326932483939e+00,2.112675067865501e+00,6.015664364799993e-01,-4.145228435731466e-01,True,True,True,True,0.03
0.03,0.03,0.03,0.9,2,7.109063884799997e-01,-7.109063884799997e-01,7.812495359999996e-01,1.093752320000000e-01,2.110227145574979e+00,2.112570690587078e+00,6.015311564799994e-01,-4.147086247037692e-01,True,True,True,True,0.03
0.03,0.03,0.03,0.95,1,7.504011878399999e-01,-7.504011878399999e-01,8.246767679999996e-01,8.766161600000003e-02,2.227496606943818e+00,2.229971940980969e+00,6.627395718399997e-01,-2.474586251447288e-01,True,True,True,True,0.03
0.03,0.03,0.03,0.95,2,7.504011878399999e-01,-7.504011878399999e-01,8.246062079999995e-01,8.769689600000000e-02,2.227396820034857e+00,2.229867566456646e+00,6.627042918399997e-01,-2.476655575903799e-01,True,True,True,True,0.03
0.03,0.03,0.03,1.0,1,7.898959871999996e-01,-7.898959871999996e-01,8.680334399999997e-01,6.598327999999998e-02,2.344666281403696e+00,2.347268815924495e+00,7.239127071999996e-01,-6.066680485591258e-02,True,True,True,True,0.03
0.03,0.03,0.03,1.0,2,7.898959871999996e-01,-7.898959871999996e-01,8.679628799999998e-01,6.601855999999998e-02,2.344566494494735e+00,2.347164443879087e+00,7.238774271999995e-01,-6.089985156765110e-02,True,True,True,True,0.03
0.031,0.031,0.031,0.5,1,3.917731893576850e-01,-3.917731893576850e-01,4.324331933519997e-01,2.837834033239995e-01,1.165603844622506e+00,1.167021334187341e+00,1.079897860336848e-01,,False,True,False,True,0.031
0.031,0.031,0.031,0.5,2,3.917731893576849e-01,-3.917731893576849e-01,4.323553925004440e-01,2.838223037497777e-01,1.165493817603071e+00,1.166906024191675e+00,1.079508856079069e-01,,False,True,False,True,0.031
0.031,0.031,0.031,0.6,1,4.701278272292221e-01,-4.701278272292221e-01,5.187276320223994e-01,2.406361839887997e-01,1.398452801700318e+00,1.400140750294534e+00,2.294916432404218e-01,,False,True,False,True,0.031
0.031,0.031,0.031,0.6,2,4.701278272292220e-01,-4.701278272292220e-01,5.186498311708437e-01,2.406750844145777e-01,1.398342774680884e+00,1.400025458781109e+00,2.294527428146438e-01,,False,True,False,True,0.031
0.031,0.031,0.031,0.7,1,5.484824651007590e-01,-5.484824651007590e-01,6.050220706927989e-01,1.974889646535999e-01,1.631301758778131e+00,1.633260200394790e+00,3.509935004471585e-01,,False,True,False,True,0.031
0.031,0.031,0.031,0.7,2,5.484824651007590e-01,-5.484824651007590e-01,6.049442698412437e-01,1.975278650793777e-01,1.631191731758697e+00,1.633144922089599e+00,3.509546000213809e-01,,False,True,False,True,0.031
0.031,0.031,0.031,0.8,1,6.268371029722959e-01,-6.268371029722959e-01,6.913165093631994e-01,1.543417453183998e-01,1.864150715855944e+00,1.866379671750439e+00,4.724953576538956e-01,,False,True,False,True,0.031
0.031,0.031,0.031,0.8,2,6.268371029722958e-01,-6.268371029722958e-01,6.912387085116436e-01,1.543806457441777e-01,1.864040688836510e+00,1.866264403355050e+00,4.724564572281176e-01,,False,True,False,True,0.031
0.031,0.031,0.031,0.85,1,6.660144219080644e-01,-6.660144219080644e-01,7.344637286983993e-01,1.327681356507999e-01,1.980575194394851e+00,1.982939413056374e+00,5.332462862572640e-01,,False,True,False,True,0.031
0.031,0.031,0.031,0.85,2,6.660144219080644e-01,-6.660144219080644e-01,7.343859278468438e-01,1.328070360765777e-01,1.980465167375417e+00,1.982824148742397e+00,5.332073858314863e-01,,False,True,False,True,0.031
0.031,0.031,0.031,0.9,1,7.051917408438330e-01,-7.051917408438330e-01,7.776109480335993e-01,1.111945259831999e-01,2.096999672933757e+00,2.099499157281154e+00,5.939972148606326e-01,-4.306047262578527e-01,True,True,True,True,0.031
0.031,0.031,0.031,0.9,2,7.051917408438328e-01,-7.051917408438328e-01,7.775331471820437e-01,1.112334264089777e-01,2.096889645914323e+00,2.099383896595541e+00,5.939583144348547e-01,-4.308075149207644e-01,True,True,True,True,0.031
0.031,0.031,0.031,0.95,1,7.443690597796018e-01,-7.443690597796018e-01,8.207581673687990e-01,8.962091631559997e-02,2.213424151472664e+00,2.216058903964205e+00,6.547481434640012e-01,-2.663366341938926e-01,True,True,True,True,0.031
0.031,0.031,0.031,0.95,2,7.443690597796013e-01,-7.443690597796013e-01,8.206803665172436e-01,8.965981674137774e-02,2.213314124453230e+00,2.215943646525376e+00,6.547092430382231e-01,-2.665622013606042e-01,True,True,True,True,0.031
0.031,0.031,0.031,1.0,1,7.835463787153699e-01,-7.835463787153699e-01,8.639053867039992e-01,6.804730664799993e-02,2.329848630011571e+00,2.332618652737010e+00,7.154990720673695e-01,-8.297973462782726e-02,True,True,True,True,0.031
0.031,0.031,0.031,1.0,2,7.835463787153698e-01,-7.835463787153698e-01,8.638275858524437e-01,6.808620707377772e-02,2.329738602992136e+00,2.332503398220573e+00,7.154601716415916e-01,-8.323324286104006e-02,True,True,True,True,0.031
0.032,0.032,0.032,0.5,1,3.886184549744640e-01,-3.886184549744640e-01,4.304092094008889e-01,2.847953952995554e-01,1.158280030918383e+00,1.159786861598005e+00,1.038230596749084e-01,,False,True,False,True,0.032
0.032,0.032,0.032,0.5,2,3.886184549744638e-01,-3.886184549744638e-01,4.303236922026661e-01,2.848381538986667e-01,1.158159091336840e+00,1.159659921904132e+00,1.037803010757969e-01,,False,True,False,True,0.032
0.032,0.032,0.032,0.6,1,4.663421459693568e-01,-4.663421459693568e-01,5.162862512810662e-01,2.418568743594665e-01,1.389646406164486e+00,1.391440247181547e+00,2.244852716098899e-01,,False,True,False,True,0.032
0.032,0.032,0.032,0.6,2,4.663421459693567e-01,-4.663421459693567e-01,5.162007340828441e-01,2.418996329585777e-01,1.389525466582944e+00,1.391313329160577e+00,2.244425130107788e-01,,False,True,False,True,0.032
0.032,0.032,0.032,0.7,1,5.440658369642493e-01,-5.440658369642493e-01,6.021632931612440e-01,1.989183534193778e-01,1.621012781410587e+00,1.623093671458802e+00,3.451474835448712e-01,,False,True,False,True,0.032
0.032,0.032,0.032,0.7,2,5.440658369642493e-01,-5.440658369642493e-01,6.020777759630225e-01,1.989611120184889e-01,1.620891841829047e+00,1.622966768926818e+00,3.451047249457605e-01,,False,True,False,True,0.032
0.032,0.032,0.032,0.8,1,6.217895279591420e-01,-6.217895279591420e-01,6.880403350414218e-01,1.559798324792888e-01,1.852379156656690e+00,1.854747119931518e+00,4.658096954798529e-01,,False,True,False,True,0.032
0.032,0.032,0.032,0.8,2,6.217895279591422e-01,-6.217895279591422e-01,6.879548178431996e-01,1.560225910783999e-01,1.852258217075148e+00,1.854620229020834e+00,4.657669368807420e-01,,False,True,False,True,0.032
0.032,0.032,0.032,0.85,1,6.606513734565885e-01,-6.606513734565885e-01,7.309788559815107e-01,1.345105720092444e-01,1.968062344279742e+00,1.970573850574614e+00,5.261408014473439e-01,,False,True,False,True,0.032
0.032,0.032,0.032,0.85,2,6.606513734565885e-01,-6.606513734565885e-01,7.308933387832888e-01,1.345533306083555e-01,1.967941404698200e+00,1.970446964450310e+00,5.260980428482329e-01,,False,True,False,True,0.032
0.032,0.032,0.032,0.9,1,6.995132189540350e-01,-6.995132189540350e-01,7.739173769215999e-01,1.130413115391999e-01,2.083745531902794e+00,2.086400584540414e+00,5.864719074148349e-01,-4.464371117351755e-01,True,True,True,True,0.032
0.032,0.032,0.032,0.9,2,6.995132189540352e-01,-6.995132189540352e-01,7.738318597233776e-01,1.130840701383111e-01,2.083624592321252e+00,2.086273702671226e+00,5.864291488157241e-01,-4.466577974228934e-01,True,True,True,True,0.032
0.032,0.032,0.032,0.95,1,7.383750644514812e-01,-7.383750644514812e-01,8.168558978616884e-01,9.157205106915549e-02,2.199428719525844e+00,2.202227321304641e+00,6.468030133823254e-01,-2.848970861590420e-01,True,True,True,True,0.032
0.032,0.032,0.032,0.95,2,7.383750644514814e-01,-7.383750644514814e-01,8.167703806634665e-01,9.161480966826663e-02,2.199307779944303e+00,2.202100443243108e+00,6.467602547832146e-01,-2.851422381672636e-01,True,True,True,True,0.032
0.032,0.032,0.032,1.0,1,7.772369099489279e-01,-7.772369099489279e-01,8.597944188017772e-01,7.010279059911106e-02,2.315111907148896e+00,2.318054060447809e+00,7.071341193498165e-01,-1.048742613383092e-01,True,True,True,True,0.032
0.032,0.032,0.032,1.0,2,7.772369099489277e-01,-7.772369099489277e-01,8.597089016035555e-01,7.014554919822220e-02,2.314990967567354e+00,2.317927185813523e+00,7.070913607507054e-01,-1.051492400476465e-01,True,True,True,True,0.032
0.033,0.033,0.033,0.5,1,3.854836969799361e-01,-3.854836969799361e-01,4.283947501520002e-01,2.858026249240000e-01,1.150997938057138e+00,1.152596620843761e+00,9.968107205593618e-02,,False,True,False,True,0.033
0.033,0.033,0.033,0.5,2,3.854836969799361e-01,-3.854836969799361e-01,4.283010264560002e-01,2.858494867720001e-01,1.150865392735139e+00,1.152457287539252e+00,9.963421020793622e-02,,False,True,False,True,0.033
0.033,0.033,0.033,0.6,1,4.625804363759232e-01,-4.625804363759232e-01,5.138559001824001e-01,2.430720499088002e-01,1.380889509954681e+00,1.382792169879486e+00,2.195083864671233e-01,,False,True,False,True,0.033
0.033,0.033,0.033,0.6,2,4.625804363759234e-01,-4.625804363759234e-01,5.137621764864000e-01,2.431189117568000e-01,1.380756964632682e+00,1.382652861864875e+00,2.194615246191234e-01,,False,True,False,True,0.033
0.033,0.033,0.033,0.7,1,5.396771757719105e-01,-5.396771757719105e-01,5.993170502128004e-01,2.003414748936001e-01,1.610781081852224e+00,1.612987762786709e+00,3.393357008783107e-01,,False,True,False,True,0.033
0.033,0.033,0.033,0.7,2,5.396771757719107e-01,-5.396771757719107e-01,5.992233265168003e-01,2.003883367416002e-01,1.610648536530225e+00,1.612848472846728e+00,3.392888390303108e-01,,False,True,False,True,0.033
0.033,0.033,0.033,0.8,1,6.167739151678977e-01,-6.167739151678977e-01,6.847782002431999e-01,1.576108998784000e-01,1.840672653749766e+00,1.843183383128063e+00,4.591630152894977e-01,,False,True,False,True,0.033
0.033,0.033,0.033,0.8,2,6.167739151678977e-01,-6.167739151678977e-01,6.846844765472005e-01,1.576577617264000e-01,1.840540108427768e+00,1.843044106749756e+00,4.591161534414980e-01,,False,True,False,True,0.033
0.033,0.033,0.033,0.85,1,6.553222848658914e-01,-6.553222848658914e-01,7.275087752584004e-01,1.362456123708000e-01,1.955618439698538e+00,1.958281200563219e+00,5.190766724950916e-01,,False,True,False,True,0.033
0.033,0.033,0.033,0.85,2,6.553222848658914e-01,-6.553222848658914e-01,7.274150515624005e-01,1.362924742188001e-01,1.955485894376539e+00,1.958141929770549e+00,5.190298106470916e-01,,False,True,False,True,0.033
0.033,0.033,0.033,0.9,1,6.938706545638850e-01,-6.938706545638850e-01,7.702393502735999e-01,1.148803248632000e-01,2.070564225647309e+00,2.073379021765978e+00,5.789903297006849e-01,-4.620254731030994e-01,True,True,True,True,0.033
0.033,0.033,0.033,0.9,2,6.938706545638851e-01,-6.938706545638851e-01,7.701456265776003e-01,1.149271867112000e-01,2.070431680325310e+00,2.073239755939017e+00,5.789434678526852e-01,-4.622649562279585e-01,True,True,True,True,0.033
0.033,0.033,0.033,0.95,1,7.324190242618783e-01,-7.324190242618783e-01,8.129699252888000e-01,9.351503735560004e-02,2.185510011596080e+00,2.188476846141900e+00,6.389039869062783e-01,-3.031482047421455e-01,True,True,True,True,0.033
0.033,0.033,0.033,0.95,2,7.324190242618787e-01,-7.324190242618787e-01,8.128762015928005e-01,9.356189920359997e-02,2.185377466274082e+00,2.188337584758496e+00,6.388571250582789e-01,-3.034139023820838e-01,True,True,True,True,0.033
0.033,0.033,0.033,1.0,1,7.709673939598721e-01,-7.709673939598721e-01,8.557005003040004e-01,7.214974984800002e-02,2.300455797544852e+00,2.303574673215343e+00,6.988176441118723e-01,-1.263637879104220e-01,True,True,True,True,0.033
0.033,0.033,0.033,1.0,2,7.709673939598722e-01,-7.709673939598722e-01,8.556067766080004e-01,7.219661169600000e-02,2.300323252222853e+00,2.303435415831588e+00,6.987707822638725e-01,-1.266612563546590e-01,True,True,True,True,0.033
0.034,0.034,0.034,0.5,1,3.823688221887145e-01,-3.823688221887145e-01,4.263897976320000e-01,2.868051011840000e-01,1.143757408836600e+00,1.145450436652137e+00,9.556372100471455e-02,,False,True,False,True,0.034
0.034,0.034,0.034,0.5,2,3.823688221887145e-01,-3.823688221887145e-01,4.262873626737774e-01,2.868563186631111e-01,1.143612543929421e+00,1.145297920643095e+00,9.551250352560314e-02,,False,True,False,True,0.034
0.034,0.034,0.034,0.6,1,4.588425866264573e-01,-4.588425866264573e-01,5.114365571583995e-01,2.442817214207999e-01,1.372181924428299e+00,1.374196305190921e+00,2.145608652056571e-01,,False,True,False,True,0.034
0.034,0.034,0.034,0.6,2,4.588425866264574e-01,-4.588425866264574e-01,5.113341222001775e-01,2.443329388999111e-01,1.372037059521120e+00,1.374043818556430e+00,2.145096477265462e-01,,False,True,False,True,0.034
0.034,0.034,0.034,0.7,1,5.353163510642004e-01,-5.353163510642004e-01,5.964833166847996e-01,2.017583416575999e-01,1.600606440019999e+00,1.602942223288150e+00,3.335580094066002e-01,,False,True,False,True,0.034
0.034,0.034,0.034,0.7,2,5.353163510642001e-01,-5.353163510642001e-01,5.963808817265779e-01,2.018095591367110e-01,1.600461575112820e+00,1.602789757648408e+00,3.335067919274890e-01,,False,True,False,True,0.034
0.034,0.034,0.034,0.8,1,6.117901155019432e-01,-6.117901155019432e-01,6.815300762111998e-01,1.592349618943999e-01,1.829030955611698e+00,1.831688172376865e+00,4.525551536075431e-01,,False,True,False,True,0.034
0.034,0.034,0.034,0.8,2,6.117901155019431e-01,-6.117901155019431e-01,6.814276412529779e-01,1.592861793735110e-01,1.828886090704519e+00,1.831535722490258e+00,4.525039361284320e-01,,False,True,False,True,0.034
0.034,0.034,0.034,0.85,1,6.500269977208147e-01,-6.500269977208147e-01,7.240534559743999e-01,1.379732720128000e-01,1.943243213407548e+00,1.946061155127873e+00,5.120537257080147e-01,,False,True,False,True,0.034
0.034,0.034,0.034,0.85,2,6.500269977208147e-01,-6.500269977208147e-01,7.239510210161775e-01,1.380244894919110e-01,1.943098348500369e+00,1.945908711729614e+00,5.120025082289035e-01,,False,True,False,True,0.034
0.034,0.034,0.034,0.9,1,6.882638799396862e-01,-6.882638799396862e-01,7.665768357375998e-01,1.167115821311999e-01,2.057455471203398e+00,2.060434142135197e+00,5.715522978084862e-01,-4.773750848889158e-01,True,True,True,True,0.034
0.034,0.034,0.034,0.9,2,6.882638799396861e-01,-6.882638799396861e-01,7.664744007793773e-01,1.167627996103111e-01,2.057310606296218e+00,2.060281704505222e+00,5.715010803293747e-01,-4.776342761470804e-01,True,True,True,True,0.034
0.034,0.034,0.034,0.95,1,7.265007621585574e-01,-7.265007621585574e-01,8.091002155007999e-01,9.544989224960002e-02,2.171667728999247e+00,2.174807132727319e+00,6.310508699089574e-01,-3.210978447662741e-01,True,True,True,True,0.034
0.034,0.034,0.034,0.95,2,7.265007621585575e-01,-7.265007621585575e-01,8.089977805425771e-01,9.550110972871106e-02,2.171522864092067e+00,2.174654700259129e+00,6.309996524298460e-01,-3.213850588471987e-01,True,True,True,True,0.034
0.034,0.034,0.034,1.0,1,7.647376443774291e-01,-7.647376443774291e-01,8.516235952639999e-01,7.418820236799997e-02,2.285879986795097e+00,2.289180126366923e+00,6.905494420094290e-01,-1.474609429125321e-01,True,True,True,True,0.034
0.034,0.034,0.034,1.0,2,7.647376443774290e-01,-7.647376443774290e-01,8.515211603057774e-01,7.423941984711109e-02,2.285735121887918e+00,2.289027698544897e+00,6.904982245303177e-01,-1.477819300006467e-01,True,True,True,True,0.034
0.035,0.035,0.035,0.5,1,3.792737376999998e-01,-3.792737376999998e-01,4.243943338888879e-01,2.878028330555555e-01,1.136558286487236e+00,1.138348134352442e+00,9.147090464444368e-02,,False,True,False,True,0.035
0.035,0.035,0.035,0.5,2,3.792737376999998e-01,-3.792737376999998e-01,4.242826683333337e-01,2.878586658333332e-01,1.136400367544122e+00,1.138181621283672e+00,9.141507186666670e-02,,False,True,False,True,0.035
0.035,0.035,0.035,0.6,1,4.551284852399999e-01,-4.551284852399999e-01,5.090282006666663e-01,2.454858996666666e-01,1.363523461461904e+00,1.365652440631657e+00,2.096425855733330e-01,,False,True,False,True,0.035
0.035,0.035,0.035,0.6,2,4.551284852399998e-01,-4.551284852399998e-01,5.089165351111113e-01,2.455417324444444e-01,1.363365542518788e+00,1.365485961533630e+00,2.095867527955555e-01,,False,True,False,True,0.035
0.035,0.035,0.035,0.7,1,5.309832327799998e-01,-5.309832327799998e-01,5.936620674444445e-01,2.031689662777777e-01,1.590488636436570e+00,1.592956802698569e+00,3.278142665022221e-01,,False,True,False,True,0.035
0.035,0.035,0.035,0.7,2,5.309832327799998e-01,-5.309832327799998e-01,5.935504018888887e-01,2.032247990555556e-01,1.590330717493453e+00,1.592790347881303e+00,3.277584337244442e-01,,False,True,False,True,0.035
0.035,0.035,0.035,0.8,1,6.068379803199998e-01,-6.068379803199998e-01,6.782959342222222e-01,1.608520328888888e-01,1.817453811411236e+00,1.820261199653779e+00,4.459859474311109e-01,,False,True,False,True,0.035
0.035,0.035,0.035,0.8,2,6.068379803199997e-01,-6.068379803199997e-01,6.781842686666666e-01,1.609078656666665e-01,1.817295892468120e+00,1.820094763055812e+00,4.459301146533330e-01,,False,True,False,True,0.035
0.035,0.035,0.035,0.85,1,6.447653540899996e-01,-6.447653540899996e-01,7.206128676111108e-01,1.396935661944444e-01,1.930936398898569e+00,1.933913407370155e+00,5.050717878955550e-01,,False,True,False,True,0.035
0.035,0.035,0.035,0.85,2,6.447653540899997e-01,-6.447653540899997e-01,7.205012020555550e-01,1.397493989722222e-01,1.930778479955452e+00,1.933746978276426e+00,5.050159551177772e-01,,False,True,False,True,0.035
0.035,0.035,0.035,0.9,1,6.826927278600000e-01,-6.826927278600000e-01,7.629298009999994e-01,1.185350995000000e-01,2.044418986385902e+00,2.047565619878227e+00,5.641576283599997e-01,-4.924910340788168e-01,True,True,True,True,0.035
0.035,0.035,0.035,0.9,2,6.826927278599999e-01,-6.826927278599999e-01,7.628181354444443e-01,1.185909322777777e-01,2.044261067442786e+00,2.047399197455998e+00,5.641017955822221e-01,-4.927708538355856e-01,True,True,True,True,0.035
0.035,0.035,0.035,0.95,1,7.206201016299999e-01,-7.206201016299999e-01,8.052467343888887e-01,9.737663280555550e-02,2.157901573873236e+00,2.161217836422049e+00,6.232434688244443e-01,-3.387535173463296e-01,True,True,True,True,0.035
0.035,0.035,0.035,0.95,2,7.206201016299997e-01,-7.206201016299997e-01,8.051350688333327e-01,9.743246558333331e-02,2.157743654930118e+00,2.161051419969906e+00,6.231876360466660e-01,-3.390632280683851e-01,True,True,True,True,0.035
0.035,0.035,0.035,1.0,1,7.585474753999996e-01,-7.585474753999996e-01,8.475636677777776e-01,7.621816611111107e-02,2.271384161360568e+00,2.274870056396745e+00,6.823293092888884e-01,-1.681776478306819e-01,True,True,True,True,0.035
0.035,0.035,0.035,1.0,2,7.585474753999997e-01,-7.585474753999997e-01,8.474520022222219e-01,7.627399888888886e-02,2.271226242417452e+00,2.274703645318366e+00,6.822734765111107e-01,-1.685231914905605e-01,True,True,True,True,0.035
0.036,0.036,0.036,0.5,1,3.761983508971519e-01,-3.761983508971519e-01,4.224083409920002e-01,2.887958295039998e-01,1.129400414671550e+00,1.131289539874475e+00,8.740252139315197e-02,,False,True,False,True,0.036
0.036,0.036,0.036,0.5,2,3.761983508971519e-01,-3.761983508971519e-01,4.222869109760002e-01,2.888565445119997e-01,1.129228686696044e+00,1.131108190049721e+00,8.734180638515204e-02,,False,True,False,True,0.036
0.036,0.036,0.036,0.6,1,4.514380210765823e-01,-4.514380210765823e-01,5.066308091903999e-01,2.466845954048000e-01,1.354913933450493e+00,1.357160364429289e+00,2.047534256717822e-01,,False,True,False,True,0.036
0.036,0.036,0.036,0.6,2,4.514380210765823e-01,-4.514380210765823e-01,5.065093791744000e-01,2.467453104128000e-01,1.354742205474987e+00,1.356979053729536e+00,2.046927106637823e-01,,False,True,False,True,0.036
0.036,0.036,0.036,0.7,1,5.266776912560126e-01,-5.266776912560126e-01,5.908532773887993e-01,2.045733613056000e-01,1.580427452229435e+00,1.583031251577617e+00,3.221043299504123e-01,,False,True,False,True,0.036
0.036,0.036,0.036,0.7,2,5.266776912560125e-01,-5.266776912560125e-01,5.907318473727996e-01,2.046340763136000e-01,1.580255724253929e+00,1.582849968843850e+00,3.220436149424123e-01,,False,True,False,True,0.036
0.036,0.036,0.036,0.8,1,6.019173614354431e-01,-6.019173614354431e-01,6.750757455871994e-01,1.624621272064000e-01,1.805940971008378e+00,1.808902177872003e+00,4.394552342290428e-01,,False,True,False,True,0.036
0.036,0.036,0.036,0.8,2,6.019173614354429e-01,-6.019173614354429e-01,6.749543155711994e-01,1.625228422143999e-01,1.805769243032872e+00,1.808720916123427e+00,4.393945192210427e-01,,False,True,False,True,0.036
0.036,0.036,0.036,0.85,1,6.395371965251579e-01,-6.395371965251579e-01,7.171869796863992e-01,1.414065101568000e-01,1.918697730397849e+00,1.921837651385734e+00,4.981306863683576e-01,,False,True,False,True,0.036
0.036,0.036,0.036,0.85,2,6.395371965251579e-01,-6.395371965251579e-01,7.170655496703995e-01,1.414672251647999e-01,1.918526002422343e+00,1.921656398280786e+00,4.980699713603577e-01,,False,True,False,True,0.036
0.036,0.036,0.036,0.9,1,6.771570316148734e-01,-6.771570316148734e-01,7.592982137855999e-01,1.203508931072000e-01,2.031454489787321e+00,2.034773130276168e+00,5.568061385076734e-01,-5.073782303280777e-01,True,True,True,True,0.036
0.036,0.036,0.036,0.9,2,6.771570316148735e-01,-6.771570316148735e-01,7.591767837695998e-01,1.204116081151999e-01,2.031282761811815e+00,2.034591884855752e+00,5.567454234996734e-01,-5.076796080234388e-01,True,True,True,True,0.036
0.036,0.036,0.036,0.95,1,7.147768667045884e-01,-7.147768667045884e-01,8.014094478848000e-01,9.929527605760002e-02,2.144211249176793e+00,2.147708613695115e+00,6.154815906469884e-01,-3.561224127863452e-01,True,True,True,True,0.036
0.036,0.036,0.036,0.95,2,7.147768667045884e-01,-7.147768667045884e-01,8.012880178687996e-01,9.935599106560006e-02,2.144039521201286e+00,2.147527375151375e+00,6.154208756389882e-01,-3.564556091336789e-01,True,True,True,True,0.036
0.036,0.036,0.036,1.0,1,7.523967017943037e-01,-7.523967017943037e-01,8.435206819839999e-01,7.823965900799998e-02,2.256968008566265e+00,2.260644100963881e+00,6.741570427863037e-01,-1.885251766919235e-01,True,True,True,True,0.036
0.036,0.036,0.036,1.0,2,7.523967017943038e-01,-7.523967017943038e-01,8.433992519679996e-01,7.830037401599996e-02,2.256796280590758e+00,2.260462868609991e+00,6.740963277783036e-01,-1.888963232604730e-01,True,True,True,True,0.036
0.037,0.037,0.037,0.5,1,3.731425694472635e-01,-3.731425694472635e-01,4.204318010319993e-01,2.897840994839999e-01,1.122283637483465e+00,1.124274479747213e+00,8.335846996326324e-02,,False,True,False,True,0.037
0.037,0.037,0.037,0.5,2,3.731425694472637e-01,-3.731425694472637e-01,4.203000582071106e-01,2.898499708964442e-01,1.122097324993762e+00,1.124077428049521e+00,8.329259855081900e-02,,False,True,False,True,0.037
0.037,0.037,0.037,0.6,1,4.477710833367164e-01,-4.477710833367164e-01,5.042443612383996e-01,2.478778193807998e-01,1.346353153306781e+00,1.348719865521759e+00,1.998932639559162e-01,,False,True,False,True,0.037
0.037,0.037,0.037,0.6,2,4.477710833367165e-01,-4.477710833367165e-01,5.041126184135103e-01,2.479436907932443e-01,1.346166840817077e+00,1.348522858710615e+00,1.998273925434716e-01,,False,True,False,True,0.037
0.037,0.037,0.037,0.7,1,5.223995972261691e-01,-5.223995972261691e-01,5.880569214447995e-01,2.059715392776000e-01,1.570422669130096e+00,1.573165321307584e+00,3.164280579485689e-01,,False,True,False,True,0.037
0.037,0.037,0.037,0.7,2,5.223995972261692e-01,-5.223995972261692e-01,5.879251786199106e-01,2.060374106900443e-01,1.570236356640393e+00,1.572968346582114e+00,3.163621865361245e-01,,False,True,False,True,0.037
0.037,0.037,0.037,0.8,1,5.970281111156216e-01,-5.970281111156216e-01,6.718694816511995e-01,1.640652591743998e-01,1.794492184953411e+00,1.797610820880358e+00,4.329628519412214e-01,,False,True,False,True,0.037
0.037,0.037,0.037,0.8,2,5.970281111156217e-01,-5.970281111156217e-01,6.717377388263104e-01,1.641311305868443e-01,1.794305872463707e+00,1.797413870232197e+00,4.328969805287769e-01,,False,True,False,True,0.037
0.037,0.037,0.037,0.85,1,6.343423680603482e-01,-6.343423680603482e-01,7.137757617543992e-01,1.431121191227999e-01,1.906526942865069e+00,1.909833582262583e+00,4.912302489375477e-01,,False,True,False,True,0.037
0.037,0.037,0.037,0.85,2,6.343423680603480e-01,-6.343423680603480e-01,7.136440189295101e-01,1.431779905352444e-01,1.906340630375364e+00,1.909636641531863e+00,4.911643775251031e-01,,False,True,False,True,0.037
0.037,0.037,0.037,0.9,1,6.716566250050744e-01,-6.716566250050744e-01,7.556820418575994e-01,1.221589790711998e-01,2.018561700776726e+00,2.022056349659205e+00,5.494976459338741e-01,-5.220414154270736e-01,True,True,True,True,0.037
0.037,0.037,0.037,0.9,2,6.716566250050743e-01,-6.716566250050743e-01,7.555502990327102e-01,1.222248504836443e-01,2.018375388287022e+00,2.021859417745581e+00,5.494317745214294e-01,-5.223652890005042e-01,True,True,True,True,0.037
0.037,0.037,0.037,0.95,1,7.089708819498007e-01,-7.089708819498007e-01,7.975883219607993e-01,1.012058390196000e-01,2.130596458688384e+00,2.134279122121492e+00,6.077650429302004e-01,-3.732114214555512e-01,True,True,True,True,0.037
0.037,0.037,0.037,0.95,2,7.089708819498006e-01,-7.089708819498006e-01,7.974565791359099e-01,1.012717104320444e-01,2.130410146198679e+00,2.134082198098120e+00,6.076991715177555e-01,-3.735691006096369e-01,True,True,True,True,0.037
0.037,0.037,0.037,1.0,1,7.462851388945271e-01,-7.462851388945271e-01,8.394946020639993e-01,8.025269896799991e-02,2.242631216600041e+00,2.246501898890287e+00,6.660324399265267e-01,-2.085142090987796e-01,True,True,True,True,0.037
0.037,0.037,0.037,1.0,2,7.462851388945274e-01,-7.462851388945274e-01,8.393628592391102e-01,8.031857038044438e-02,2.242444904110338e+00,2.246304981969170e+00,6.659665685140825e-01,-2.089120127323015e-01,True,True,True,True,0.037
0.038,0.038,0.038,0.5,1,3.701063013007360e-01,-3.701063013007360e-01,4.184646961208890e-01,2.907676519395557e-01,1.115207799447741e+00,1.117302781097513e+00,7.933864936118051e-02,,False,True,False,True,0.038
0.038,0.038,0.038,0.5,2,3.701063013007360e-01,-3.701063013007360e-01,4.183220776960002e-01,2.908389611520000e-01,1.115006106537019e+00,1.117089136909691e+00,7.926734014873610e-02,,False,True,False,True,0.038
0.038,0.038,0.038,0.6,1,4.441275615608832e-01,-4.441275615608832e-01,5.018688353450663e-01,2.490655823274667e-01,1.337840934460475e+00,1.340330733555908e+00,1.950619792334164e-01,,False,True,False,True,0.038
0.038,0.038,0.038,0.6,2,4.441275615608833e-01,-4.441275615608833e-01,5.017262169201779e-01,2.491368915399111e-01,1.337639241549754e+00,1.340117140675470e+00,1.949906700209723e-01,,False,True,False,True,0.038
0.038,0.038,0.038,0.7,1,5.181488218210304e-01,-5.181488218210304e-01,5.852729745692445e-01,2.073635127153778e-01,1.560474069473210e+00,1.563358764091791e+00,3.107853091056527e-01,,False,True,False,True,0.038
0.038,0.038,0.038,0.7,2,5.181488218210305e-01,-5.181488218210305e-01,5.851303561443560e-01,2.074348219278224e-01,1.560272376562489e+00,1.563145207888433e+00,3.107139998932085e-01,,False,True,False,True,0.038
0.038,0.038,0.038,0.8,1,5.921700820811777e-01,-5.921700820811777e-01,6.686771137934230e-01,1.656614431032888e-01,1.783107204485946e+00,1.786386843461551e+00,4.265086389778892e-01,,False,True,False,True,0.038
0.038,0.038,0.038,0.8,2,5.921700820811776e-01,-5.921700820811776e-01,6.685344953685330e-01,1.657327523157335e-01,1.782905511575223e+00,1.786173314781841e+00,4.264373297654441e-01,,False,True,False,True,0.038
0.038,0.038,0.038,0.85,1,6.291807122112513e-01,-6.291807122112513e-01,7.103791834055113e-01,1.448104082972445e-01,1.894423771992313e+00,1.897900896079180e+00,4.843703039140069e-01,,False,True,False,True,0.038
0.038,0.038,0.038,0.85,2,6.291807122112513e-01,-6.291807122112513e-01,7.102365649806226e-01,1.448817175096890e-01,1.894222079081591e+00,1.897687378736689e+00,4.842989947015626e-01,,False,True,False,True,0.038
0.038,0.038,0.038,0.9,1,6.661913423413249e-01,-6.661913423413249e-01,7.520812530176002e-01,1.239593734912000e-01,2.005740339498681e+00,2.009414955404742e+00,5.422319688501250e-01,-5.364851720902084e-01,True,True,True,True,0.038
0.038,0.038,0.038,0.9,2,6.661913423413248e-01,-6.661913423413248e-01,7.519386345927113e-01,1.240306827036445e-01,2.005538646587958e+00,2.009201448141711e+00,5.421606596376805e-01,-5.368324874238208e-01,True,True,True,True,0.038
0.038,0.038,0.038,0.95,1,7.032019724713985e-01,-7.032019724713985e-01,7.937833226296890e-01,1.031083386851556e-01,2.117056907005048e+00,2.120929020380168e+00,6.000936337862430e-01,-3.900271528625250e-01,True,True,True,True,0.038
0.038,0.038,0.038,0.95,2,7.032019724713987e-01,-7.032019724713987e-01,7.936407042048002e-01,1.031796478976001e-01,2.116855214094326e+00,2.120715522137146e+00,6.000223245737988e-01,-3.904103196346562e-01,True,True,True,True,0.038
0.038,0.038,0.038,1.0,1,7.402126026014720e-01,-7.402126026014720e-01,8.354853922417776e-01,8.225730387911111e-02,2.228373474511415e+00,2.232443090158799e+00,6.579552987223609e-01,-2.281548775632267e-01,True,True,True,True,0.038
0.038,0.038,0.038,1.0,2,7.402126026014720e-01,-7.402126026014720e-01,8.353427738168888e-01,8.232861309155561e-02,2.228171781600693e+00,2.232229600035031e+00,6.578839895099164e-01,-2.285803996670385e-01,True,True,True,True,0.038
0.039,0.039,0.039,0.5,1,3.670894546908477e-01,-3.670894546908477e-01,4.165070083919994e-01,2.917464958040000e-01,1.108172745519350e+00,1.110374271648757e+00,7.534295888684739e-02,,False,True,False,True,0.039
0.039,0.039,0.039,0.5,2,3.670894546908476e-01,-3.670894546908476e-01,4.163529371759992e-01,2.918235314119998e-01,1.107954855916112e+00,1.110143118773981e+00,7.526592327884724e-02,,False,True,False,True,0.039
0.039,0.039,0.039,0.6,1,4.405073456290173e-01,-4.405073456290173e-01,4.995042100703994e-01,2.502478949647998e-01,1.329377090857547e+00,1.331992758885988e+00,1.902594506642170e-01,,False,True,False,True,0.039
0.039,0.039,0.039,0.6,2,4.405073456290172e-01,-4.405073456290172e-01,4.993501388543992e-01,2.503249305727998e-01,1.329159201254308e+00,1.331761664453561e+00,1.901824150562168e-01,,False,True,False,True,0.039
0.039,0.039,0.039,0.7,1,5.139252365671867e-01,-5.139252365671867e-01,5.825014117487999e-01,2.087492941255999e-01,1.550581436195744e+00,1.553611332952980e+00,3.051759424415866e-01,,False,True,False,True,0.039
0.039,0.039,0.039,0.7,2,5.139252365671867e-01,-5.139252365671867e-01,5.823473405327990e-01,2.088263297335999e-01,1.550363546592504e+00,1.553380280300046e+00,3.050989068335862e-01,,False,True,False,True,0.039
0.039,0.039,0.039,0.8,1,5.873431275053562e-01,-5.873431275053562e-01,6.654986134271993e-01,1.672506932863998e-01,1.771785781533939e+00,1.775229961330417e+00,4.200924342189559e-01,,False,True,False,True,0.039
0.039,0.039,0.039,0.8,2,5.873431275053561e-01,-5.873431275053561e-01,6.653445422111989e-01,1.673277288943999e-01,1.771567891930700e+00,1.774998940031236e+00,4.200153986109555e-01,,False,True,False,True,0.039
0.039,0.039,0.039,0.85,1,6.240520729744410e-01,-6.240520729744410e-01,7.069972142663992e-01,1.465013928667999e-01,1.882387954203038e+00,1.886039289902674e+00,4.775506801076406e-01,,False,True,False,True,0.039
0.039,0.039,0.039,0.85,2,6.240520729744409e-01,-6.240520729744409e-01,7.068431430503994e-01,1.465784284747999e-01,1.882170064599799e+00,1.885808281518632e+00,4.774736444996406e-01,,False,True,False,True,0.039
0.039,0.039,0.039,0.9,1,6.607610184435260e-01,-6.607610184435260e-01,7.484958151055994e-01,1.257520924471998e-01,1.992990126872136e+00,1.996848625935498e+00,5.350089259963257e-01,,False,True,False,True,0.039
0.039,0.039,0.039,0.9,2,6.607610184435257e-01,-6.607610184435257e-01,7.483417438895993e-01,1.258291280551999e-01,1.992772237268897e+00,1.996617629033914e+00,5.349318903883253e-01,,False,True,False,True,0.039
0.039,0.039,0.039,0.95,1,6.974699639126104e-01,-6.974699639126104e-01,7.899944159447991e-01,1.050027920275999e-01,2.103592299541234e+00,2.107657968252176e+00,5.924671718850100e-01,-4.065759531187076e-01,True,True,True,True,0.039
0.039,0.039,0.039,0.95,2,6.974699639126105e-01,-6.974699639126105e-01,7.898403447287994e-01,1.050798276355999e-01,2.103374409937996e+00,2.107426981626236e+00,5.923901362770102e-01,-4.069856194007400e-01,True,True,True,True,0.039
0.039,0.039,0.039,1.0,1,7.341789093816954e-01,-7.341789093816954e-01,8.314930167839991e-01,8.425349160799991e-02,2.214194472210332e+00,2.218467315911101e+00,6.499254177736949e-01,-2.474568098884820e-01,True,True,True,True,0.039
0.039,0.039,0.039,1.0,2,7.341789093816953e-01,-7.341789093816953e-01,8.313389455679989e-01,8.433052721599993e-02,2.213976582607093e+00,2.218236338534745e+00,6.498483821656947e-01,-2.479111185648231e-01,True,True,True,True,0.039
0.04,0.04,0.04,0.5,1,3.640919381333332e-01,-3.640919381333332e-01,4.145587199999997e-01,2.927206399999999e-01,1.101178321082896e+00,1.103488779719531e+00,7.137129813333298e-02,,False,True,False,True,0.04
0.04,0.04,0.04,0.5,2,3.640919381333331e-01,-3.640919381333331e-01,4.143926044444446e-01,2.928036977777776e-01,1.100943398211308e+00,1.103239176302105e+00,7.128824035555542e-02,,False,True,False,True,0.04
0.04,0.04,0.04,0.6,1,4.369103257599998e-01,-4.369103257599998e-01,4.971504640000002e-01,2.514247680000000e-01,1.320961436959516e+00,1.323705732572198e+00,1.854855577599999e-01,,False,True,False,True,0.04
0.04,0.04,0.04,0.6,2,4.369103257599998e-01,-4.369103257599998e-01,4.969843484444443e-01,2.515078257777777e-01,1.320726514087928e+00,1.323456195503966e+00,1.854024999822220e-01,,False,True,False,True,0.04
0.04,0.04,0.04,0.7,1,5.097287133866666e-01,-5.097287133866666e-01,5.797422079999995e-01,2.101288960000000e-01,1.540744552836135e+00,1.543922781731704e+00,2.995998173866664e-01,,False,True,False,True,0.04
0.04,0.04,0.04,0.7,2,5.097287133866666e-01,-5.097287133866666e-01,5.795760924444441e-01,2.102119537777778e-01,1.540509629964547e+00,1.543673292097777e+00,2.995167596088886e-01,,False,True,False,True,0.04
0.04,0.04,0.04,0.8,1,5.825471010133333e-01,-5.825471010133333e-01,6.623339519999998e-01,1.688330240000000e-01,1.760527668712755e+00,1.764139891132193e+00,4.137140770133332e-01,,False,True,False,True,0.04
0.04,0.04,0.04,0.8,2,5.825471010133330e-01,-5.825471010133330e-01,6.621678364444443e-01,1.689160817777776e-01,1.760292745841167e+00,1.763890437096993e+00,4.136310192355551e-01,,False,True,False,True,0.04
0.04,0.04,0.04,0.85,1,6.189562948266664e-01,-6.189562948266664e-01,7.036298239999993e-01,1.481850880000000e-01,1.870419226651064e+00,1.874248461787097e+00,4.707712068266660e-01,,False,True,False,True,0.04
0.04,0.04,0.04,0.85,2,6.189562948266664e-01,-6.189562948266664e-01,7.034637084444445e-01,1.482681457777776e-01,1.870184303779477e+00,1.873999022415930e+00,4.706881490488886e-01,,False,True,False,True,0.04
0.04,0.04,0.04,0.9,1,6.553654886399998e-01,-6.553654886399998e-01,7.449256959999992e-01,1.275371520000000e-01,1.980310784589374e+00,1.984357040717652e+00,5.278283366399994e-01,,False,True,False,True,0.04
0.04,0.04,0.04,0.9,2,6.553654886399995e-01,-6.553654886399995e-01,7.447595804444442e-01,1.276202097777778e-01,1.980075861717787e+00,1.984107614383988e+00,5.277452788622217e-01,,False,True,False,True,0.04
0.04,0.04,0.04,0.95,1,6.917746824533331e-01,-6.917746824533331e-01,7.862215680000002e-01,1.068892160000000e-01,2.090202342527685e+00,2.094465626618674e+00,5.848854664533332e-01,-4.228639209586059e-01,True,True,True,True,0.04
0.04,0.04,0.04,0.95,2,6.917746824533332e-01,-6.917746824533332e-01,7.860554524444439e-01,1.069722737777778e-01,2.089967419656097e+00,2.094216211952385e+00,5.848024086755551e-01,-4.233011051910732e-01,True,True,True,True,0.04
0.04,0.04,0.04,1.0,1,7.281838762666664e-01,-7.281838762666664e-01,8.275174399999999e-01,8.624127999999998e-02,2.200093900465995e+00,2.204574218445730e+00,6.419425962666663e-01,-2.664291672317816e-01,True,True,True,True,0.04
0.04,0.04,0.04,1.0,2,7.281838762666663e-01,-7.281838762666663e-01,8.273513244444441e-01,8.632433777777775e-02,2.199858977594407e+00,2.204324814281891e+00,6.418595384888883e-01,-2.669133367451333e-01,True,True,True,True,0.04
0.041,0.041,0.041,0.5,1,3.611136604259521e-01,-3.611136604259521e-01,4.126198131208896e-01,2.936900934395557e-01,1.094224371951988e+00,1.096646134222243e+00,6.742356698639690e-02,,False,True,False,True,0.041
0.041,0.041,0.041,0.5,2,3.611136604259521e-01,-3.611136604259521e-01,4.124410473626666e-01,2.937794763186669e-01,1.093971558992221e+00,1.096377112668526e+00,6.733418410728537e-02,,False,True,False,True,0.041
0.041,0.041,0.041,0.6,1,4.333363925111426e-01,-4.333363925111426e-01,4.948075757450667e-01,2.525962121274667e-01,1.312593787742714e+00,1.315469446379171e+00,1.807401803836760e-01,,False,True,False,True,0.041
0.041,0.041,0.041,0.6,2,4.333363925111427e-01,-4.333363925111427e-01,4.946288099868446e-01,2.526855950065778e-01,1.312340974782949e+00,1.315200499914098e+00,1.806507975045650e-01,,False,True,False,True,0.041
0.041,0.041,0.041,0.7,1,5.055591245963329e-01,-5.055591245963329e-01,5.769953383692443e-01,2.115023308153778e-01,1.530963203533442e+00,1.534292865084693e+00,2.940567937809551e-01,,False,True,False,True,0.041
0.041,0.041,0.041,0.7,2,5.055591245963329e-01,-5.055591245963329e-01,5.768165726110224e-01,2.115917136944890e-01,1.530710390573676e+00,1.534023972304654e+00,2.939674109018441e-01,,False,True,False,True,0.041
0.041,0.041,0.041,0.8,1,5.777818566815234e-01,-5.777818566815234e-01,6.591831009934224e-01,1.704084495032889e-01,1.749332619324170e+00,1.753116350440726e+00,4.073734071782346e-01,,False,True,False,True,0.041
0.041,0.041,0.041,0.8,2,5.777818566815234e-01,-5.777818566815234e-01,6.590043352352000e-01,1.704978323824001e-01,1.749079806364404e+00,1.752847497951988e+00,4.072840242991234e-01,,False,True,False,True,0.041
0.041,0.041,0.041,0.85,1,6.138932227241185e-01,-6.138932227241185e-01,7.002769823055111e-01,1.498615088472445e-01,1.858517327219533e+00,1.862528110771504e+00,4.640317138768740e-01,,False,True,False,True,0.041
0.041,0.041,0.041,0.85,2,6.138932227241186e-01,-6.138932227241186e-01,7.000982165472889e-01,1.499508917263556e-01,1.858264514259767e+00,1.862259274880164e+00,4.639423309977631e-01,,False,True,False,True,0.041
0.041,0.041,0.041,0.9,1,6.500045887667136e-01,-6.500045887667136e-01,7.413708636176001e-01,1.293145681912000e-01,1.967702035114897e+00,1.971939880258920e+00,5.206900205755136e-01,,False,True,False,True,0.041
0.041,0.041,0.041,0.9,2,6.500045887667139e-01,-6.500045887667139e-01,7.411920978593780e-01,1.294039510703112e-01,1.967449222155132e+00,1.971671059124184e+00,5.206006376964029e-01,,False,True,False,True,0.041
0.041,0.041,0.041,0.95,1,6.861159548093090e-01,-6.861159548093090e-01,7.824647449296891e-01,1.087676275351556e-01,2.076886743010261e+00,2.081351657458944e+00,5.773483272741535e-01,-4.388969224636416e-01,True,True,True,True,0.041
0.041,0.041,0.041,0.95,2,6.861159548093088e-01,-6.861159548093088e-01,7.822859791714665e-01,1.088570104142667e-01,2.076633930050494e+00,2.081082849530167e+00,5.772589443950420e-01,-4.393626491204400e-01,True,True,True,True,0.041
0.041,0.041,0.041,1.0,1,7.222273208519042e-01,-7.222273208519042e-01,8.235586262417777e-01,8.822068687911111e-02,2.186071450905624e+00,2.190763441216019e+00,6.340066339727930e-01,-2.850806783865891e-01,True,True,True,True,0.041
0.041,0.041,0.041,1.0,2,7.222273208519041e-01,-7.222273208519041e-01,8.233798604835556e-01,8.831006975822228e-02,2.185818637945859e+00,2.190494645174773e+00,6.339172510936819e-01,-2.855957886456068e-01,True,True,True,True,0.041
0.042,0.042,0.042,0.5,1,3.581545306480641e-01,-3.581545306480641e-01,4.106902699520000e-01,2.946548650240003e-01,1.087310744368648e+00,1.089846164661750e+00,6.349966562406406e-02,,False,True,False,True,0.042
0.042,0.042,0.042,0.5,2,3.581545306480640e-01,-3.581545306480640e-01,4.104982338560003e-01,2.947508830720000e-01,1.087039164317220e+00,1.089556731561291e+00,6.340364757606415e-02,,False,True,False,True,0.042
0.042,0.042,0.042,0.6,1,4.297854367776768e-01,-4.297854367776768e-01,4.924755239424000e-01,2.537622380288001e-01,1.304273958697573e+00,1.307283692774479e+00,1.760231987488768e-01,,False,True,False,True,0.042
0.042,0.042,0.042,0.6,2,4.297854367776769e-01,-4.297854367776769e-01,4.922834878464007e-01,2.538582560768000e-01,1.304002378646146e+00,1.306994344398469e+00,1.759271807008773e-01,,False,True,False,True,0.042
0.042,0.042,0.042,0.7,1,5.014163429072898e-01,-5.014163429072898e-01,5.742607779327999e-01,2.128696110336001e-01,1.521237173026498e+00,1.524721338483207e+00,2.885467318736897e-01,,False,True,False,True,0.042
0.042,0.042,0.042,0.7,2,5.014163429072899e-01,-5.014163429072899e-01,5.740687418368007e-01,2.129656290816001e-01,1.520965592975070e+00,1.524432050684593e+00,2.884507138256902e-01,,False,True,False,True,0.042
0.042,0.042,0.042,0.8,1,5.730472490369024e-01,-5.730472490369024e-01,6.560460319232002e-01,1.719769840384000e-01,1.738200387355422e+00,1.742159057756712e+00,4.010702649985025e-01,,False,True,False,True,0.042
0.042,0.042,0.042,0.8,2,5.730472490369025e-01,-5.730472490369025e-01,6.558539958272004e-01,1.720730020864000e-01,1.737928807303994e+00,1.741869815423951e+00,4.009742469505027e-01,,False,True,False,True,0.042
0.042,0.042,0.042,0.85,1,6.088627021017089e-01,-6.088627021017089e-01,6.969386589184005e-01,1.515306705408001e-01,1.846681994519885e+00,1.850877936878143e+00,4.573320315609091e-01,,False,True,False,True,0.042
0.042,0.042,0.042,0.85,2,6.088627021017087e-01,-6.088627021017087e-01,6.967466228223996e-01,1.516266885888001e-01,1.846410414468455e+00,1.850588713274793e+00,4.572360135129085e-01,,False,True,False,True,0.042
0.042,0.042,0.042,0.9,1,6.446781551665152e-01,-6.446781551665152e-01,7.378312859136000e-01,1.310843570432000e-01,1.955163601684346e+00,1.959596826106654e+00,5.135937981233152e-01,,False,True,False,True,0.042
0.042,0.042,0.042,0.9,2,6.446781551665153e-01,-6.446781551665153e-01,7.376392498176001e-01,1.311803750912000e-01,1.954892021632918e+00,1.959307619155679e+00,5.134977800753153e-01,,False,True,False,True,0.042
0.042,0.042,0.042,0.95,1,6.804936082313217e-01,-6.804936082313217e-01,7.787239129088003e-01,1.106380435456001e-01,2.063645208848809e+00,2.068315723848442e+00,5.698555646857217e-01,-4.546806046188039e-01,True,True,True,True,0.042
0.042,0.042,0.042,0.95,2,6.804936082313217e-01,-6.804936082313217e-01,7.785318768127997e-01,1.107340615936000e-01,2.063373628797379e+00,2.068026531800154e+00,5.697595466377214e-01,-4.551759037077228e-01,True,True,True,True,0.042
0.042,0.042,0.042,1.0,1,7.163090612961281e-01,-7.163090612961281e-01,8.196165399040000e-01,9.019173004800002e-02,2.172126816013271e+00,2.177034628828072e+00,6.261173312481281e-01,-3.034196707438532e-01,True,True,True,True,0.042
0.042,0.042,0.042,1.0,2,7.163090612961280e-01,-7.163090612961280e-01,8.194245038080004e-01,9.028774809599997e-02,2.171855235961843e+00,2.176745450194788e+00,6.260213132001282e-01,-3.039668067991558e-01,True,True,True,True,0.042
0.043,0.043,0.043,0.5,1,3.552144581602023e-01,-3.552144581602023e-01,4.087700727120001e-01,2.956149636439996e-01,1.080437285002715e+00,1.083088701133974e+00,5.959949451620233e-02,,False,True,False,True,0.043
0.043,0.043,0.043,0.5,2,3.552144581602023e-01,-3.552144581602023e-01,4.085641319137774e-01,2.957179340431109e-01,1.080146040732822e+00,1.082777837180840e+00,5.949652411709094e-02,,False,True,False,True,0.043
0.043,0.043,0.043,0.6,1,4.262573497922427e-01,-4.262573497922427e-01,4.901542872543995e-01,2.549228563727999e-01,1.296001765827892e+00,1.299148264927102e+00,1.713344934194425e-01,,False,True,False,True,0.043
0.043,0.043,0.043,0.6,2,4.262573497922428e-01,-4.262573497922428e-01,4.899483464561776e-01,2.550258267719109e-01,1.295710521558000e+00,1.298837496297438e+00,1.712315230203316e-01,,False,True,False,True,0.043
0.043,0.043,0.043,0.7,1,4.973002414242834e-01,-4.973002414242834e-01,5.715385017967995e-01,2.142307491015997e-01,1.511566246653069e+00,1.515207958211388e+00,2.830694923226831e-01,,False,True,False,True,0.043
0.043,0.043,0.043,0.7,2,4.973002414242833e-01,-4.973002414242833e-01,5.713325609985769e-01,2.143337195007111e-01,1.511275002383177e+00,1.514897257741056e+00,2.829665219235717e-01,,False,True,False,True,0.043
0.043,0.043,0.043,0.8,1,5.683431330563237e-01,-5.683431330563237e-01,6.529227163391994e-01,1.735386418303998e-01,1.727130727478246e+00,1.731267732505908e+00,3.948044912259234e-01,,False,True,False,True,0.043
0.043,0.043,0.043,0.8,2,5.683431330563238e-01,-5.683431330563238e-01,6.527167755409772e-01,1.736416122295110e-01,1.726839483208355e+00,1.730957083194022e+00,3.947015208268124e-01,,False,True,False,True,0.043
0.043,0.043,0.043,0.85,1,6.038645788723438e-01,-6.038645788723438e-01,6.936148236103995e-01,1.531925881947999e-01,1.834912967890835e+00,1.839297641110605e+00,4.506719906775435e-01,,False,True,False,True,0.043
0.043,0.043,0.043,0.85,2,6.038645788723438e-01,-6.038645788723438e-01,6.934088828121773e-01,1.532955585939110e-01,1.834621723620943e+00,1.838987012873669e+00,4.505690202784324e-01,,False,True,False,True,0.043
0.043,0.043,0.043,0.9,1,6.393860246883641e-01,-6.393860246883641e-01,7.343069308815994e-01,1.328465345591998e-01,1.942695208303424e+00,1.947327560845934e+00,5.065394901291638e-01,,False,True,False,True,0.043
0.043,0.043,0.043,0.9,2,6.393860246883643e-01,-6.393860246883643e-01,7.341009900833768e-01,1.329495049583110e-01,1.942403964033532e+00,1.947016951347043e+00,5.064365197300527e-01,,False,True,False,True,0.043
0.043,0.043,0.043,0.95,1,6.749074705043843e-01,-6.749074705043843e-01,7.749990381527988e-01,1.125004809235999e-01,2.050477448716011e+00,2.055357489956810e+00,5.624069895807837e-01,-4.702204078162232e-01,True,True,True,True,0.043
0.043,0.043,0.043,0.95,2,6.749074705043845e-01,-6.749074705043845e-01,7.747930973545771e-01,1.126034513227110e-01,2.050186204446121e+00,2.055046897227337e+00,5.623040191816731e-01,-4.707463143946183e-01,True,True,True,True,0.043
0.043,0.043,0.043,1.0,1,7.104289163204046e-01,-7.104289163204046e-01,8.156911454239993e-01,9.215442728799994e-02,2.158259689128601e+00,2.163387427038717e+00,6.182744890324043e-01,-3.214540983264640e-01,True,True,True,True,0.043
0.043,0.043,0.043,1.0,2,7.104289163204045e-01,-7.104289163204045e-01,8.154852046257770e-01,9.225739768711104e-02,2.157968444858709e+00,2.163076849404782e+00,6.181715186332930e-01,-3.220343498835926e-01,True,True,True,True,0.043
0.044,0.044,0.044,0.5,1,3.522933526036477e-01,-3.522933526036477e-01,4.068592036408887e-01,2.965703981795553e-01,1.073603840951227e+00,1.076373574324484e+00,5.572295442409203e-02,,False,True,False,True,0.044
0.044,0.044,0.044,0.5,2,3.522933526036477e-01,-3.522933526036477e-01,4.066387095893329e-01,2.966806452053331e-01,1.073292015273094e+00,1.076040234238843e+00,5.561270739831414e-02,,False,True,False,True,0.044
0.044,0.044,0.044,0.6,1,4.227520231243771e-01,-4.227520231243771e-01,4.878438443690660e-01,2.560780778154665e-01,1.287777025650121e+00,1.291062956705897e+00,1.666739453089101e-01,,False,True,False,True,0.044
0.044,0.044,0.044,0.6,2,4.227520231243772e-01,-4.227520231243772e-01,4.876233503175105e-01,2.561883248412443e-01,1.287465199971988e+00,1.290729723575974e+00,1.665636982831324e-01,,False,True,False,True,0.044
0.044,0.044,0.044,0.7,1,4.932106936451068e-01,-4.932106936451068e-01,5.688284850972440e-01,2.155857574513776e-01,1.501950210349016e+00,1.505752481364601e+00,2.776249361937289e-01,,False,True,False,True,0.044
0.044,0.044,0.044,0.7,2,4.932106936451067e-01,-4.932106936451067e-01,5.686079910456880e-01,2.156960044771554e-01,1.501638384670883e+00,1.505419324715742e+00,2.775146891679507e-01,,False,True,False,True,0.044
0.044,0.044,0.044,0.8,1,5.636693641658362e-01,-5.636693641658362e-01,6.498131258254215e-01,1.750934370872887e-01,1.716123395047910e+00,1.720442095037346e+00,3.885759270785470e-01,,False,True,False,True,0.044
0.044,0.044,0.044,0.8,2,5.636693641658361e-01,-5.636693641658361e-01,6.495926317738661e-01,1.752036841130665e-01,1.715811569369778e+00,1.720108995795343e+00,3.884656800527692e-01,,False,True,False,True,0.044
0.044,0.044,0.044,0.85,1,5.988986994262010e-01,-5.988986994262010e-01,6.903054461895103e-01,1.548472769052444e-01,1.823209987397357e+00,1.827786925451973e+00,4.440514225209561e-01,,False,True,False,True,0.044
0.044,0.044,0.044,0.85,2,5.988986994262008e-01,-5.988986994262008e-01,6.900849521379551e-01,1.549575239310221e-01,1.822898161719225e+00,1.827453849859567e+00,4.439411754951783e-01,,False,True,False,True,0.044
0.044,0.044,0.044,0.9,1,6.341280346865658e-01,-6.341280346865658e-01,7.307977665535991e-01,1.346011167231999e-01,1.930296579746804e+00,1.935131768097641e+00,4.995269179633653e-01,,False,True,False,True,0.044
0.044,0.044,0.044,0.9,2,6.341280346865658e-01,-6.341280346865658e-01,7.305772725020436e-01,1.347113637489776e-01,1.929984754068672e+00,1.934798713532725e+00,4.994166709375876e-01,,False,True,False,True,0.044
0.044,0.044,0.044,0.95,1,6.693573699469306e-01,-6.693573699469306e-01,7.712900869176879e-01,1.143549565411555e-01,2.037383172096252e+00,2.042476621045898e+00,5.550024134057745e-01,-4.855215774065346e-01,True,True,True,True,0.044
0.044,0.044,0.044,0.95,2,6.693573699469306e-01,-6.693573699469306e-01,7.710695928661329e-01,1.144652035669332e-01,2.037071346418120e+00,2.042143585299541e+00,5.548921663799971e-01,-4.860791311115136e-01,True,True,True,True,0.044
0.044,0.044,0.044,1.0,1,7.045867052072954e-01,-7.045867052072954e-01,8.117824072817774e-01,9.410879635911105e-02,2.144469764445700e+00,2.149821482753459e+00,6.104779088481841e-01,-3.391915672360722e-01,True,True,True,True,0.044
0.044,0.044,0.044,1.0,2,7.045867052072954e-01,-7.045867052072954e-01,8.115619132302218e-01,9.421904338488882e-02,2.144157938767568e+00,2.149488463947430e+00,6.103676618224063e-01,-3.398060281829733e-01,True,True,True,True,0.044
0.045,0.045,0.045,0.5,1,3.493911239000000e-01,-3.493911239000000e-01,4.049576450000003e-01,2.975211774999999e-01,1.066810259737828e+00,1.069700615507071e+00,5.186994640000020e-02,,False,True,False,True,0.045
0.045,0.045,0.045,0.5,2,3.493911239000000e-01,-3.493911239000000e-01,4.047219349999999e-01,2.976390325000002e-01,1.066476915459040e+00,1.069343727957011e+00,5.175209140000003e-02,,False,True,False,True,0.045
0.045,0.045,0.045,0.6,1,4.192693486800002e-01,-4.192693486800002e-01,4.855441739999999e-01,2.572279130000000e-01,1.279599555192632e+00,1.283027562678049e+00,1.620414356800001e-01,,False,True,False,True,0.045
0.045,0.045,0.045,0.6,2,4.192693486800002e-01,-4.192693486800002e-01,4.853084639999999e-01,2.573457680000000e-01,1.279266210913845e+00,1.282670794822414e+00,1.619235806800001e-01,,False,True,False,True,0.045
0.045,0.045,0.045,0.7,1,4.891475734600002e-01,-4.891475734600002e-01,5.661307030000005e-01,2.169346485000001e-01,1.492388850647437e+00,1.496354665847747e+00,2.722129249600004e-01,,False,True,False,True,0.045
0.045,0.045,0.045,0.7,2,4.891475734600002e-01,-4.891475734600002e-01,5.658949930000003e-01,2.170525034999999e-01,1.492055506368650e+00,1.495997983587246e+00,2.720950699600003e-01,,False,True,False,True,0.045
0.045,0.045,0.045,0.8,1,5.590257982399999e-01,-5.590257982399999e-01,6.467172319999999e-01,1.766413840000000e-01,1.705178146102240e+00,1.709681866621519e+00,3.823844142399998e-01,,False,True,False,True,0.045
0.045,0.045,0.045,0.8,2,5.590257982400001e-01,-5.590257982400001e-01,6.464815220000002e-01,1.767592390000000e-01,1.704844801823454e+00,1.709325248611634e+00,3.822665592400002e-01,,False,True,False,True,0.045
0.045,0.045,0.045,0.85,1,5.939649106300002e-01,-5.939649106300002e-01,6.870104965000001e-01,1.564947517500000e-01,1.811572793829643e+00,1.816345492862942e+00,4.374701588800003e-01,,False,True,False,True,0.045
0.045,0.045,0.045,0.85,2,5.939649106300001e-01,-5.939649106300001e-01,6.867747865000000e-01,1.566126067500000e-01,1.811239449550856e+00,1.815988901322720e+00,4.373523038800001e-01,,False,True,False,True,0.045
0.045,0.045,0.045,0.9,1,6.289040230200001e-01,-6.289040230200001e-01,7.273037609999997e-01,1.363481195000000e-01,1.917967441557045e+00,1.923009132516521e+00,4.925559035200000e-01,,False,True,False,True,0.045
0.045,0.045,0.045,0.9,2,6.289040230199999e-01,-6.289040230199999e-01,7.270680510000000e-01,1.364659745000000e-01,1.917634097278258e+00,1.922652564511518e+00,4.924380485199999e-01,,False,True,False,True,0.045
0.045,0.045,0.045,0.95,1,6.638431354100001e-01,-6.638431354100001e-01,7.675970255000004e-01,1.162014872500000e-01,2.024362089284448e+00,2.029672783467747e+00,5.476416481600003e-01,-5.005891743875454e-01,True,True,True,True,0.045
0.045,0.045,0.045,0.95,2,6.638431354100001e-01,-6.638431354100001e-01,7.673613155000001e-01,1.163193422500000e-01,2.024028745005661e+00,2.029316236525860e+00,5.475237931600001e-01,-5.011794189800615e-01,True,True,True,True,0.045
0.045,0.045,0.045,1.0,1,6.987822478000001e-01,-6.987822478000001e-01,8.078902900000003e-01,9.605485499999999e-02,2.130756737011850e+00,2.136336444024401e+00,6.027273928000003e-01,-3.566393588053245e-01,True,True,True,True,0.045
0.045,0.045,0.045,1.0,2,6.987822478000001e-01,-6.987822478000001e-01,8.076545800000002e-01,9.617270999999994e-02,2.130423392733063e+00,2.135979916043592e+00,6.026095378000003e-01,-3.572891267537627e-01,True,True,True,True,0.045
0.046,0.046,0.046,0.5,1,3.465076822507518e-01,-3.465076822507518e-01,4.030653790719996e-01,2.984673104640000e-01,1.060056389312155e+00,1.063069656542303e+00,4.804037178675163e-02,,False,True,False,True,0.046
0.046,0.046,0.046,0.5,2,3.465076822507518e-01,-3.465076822507518e-01,4.028137763271111e-01,2.985931118364445e-01,1.059700569298003e+00,1.062688124065938e+00,4.791457041430736e-02,,False,True,False,True,0.046
0.046,0.046,0.046,0.6,1,4.158092187009022e-01,-4.158092187009022e-01,4.832552548863995e-01,2.583723725567999e-01,1.271469171994989e+00,1.275041878107497e+00,1.574368461441019e-01,,False,True,False,True,0.046
0.046,0.046,0.046,0.6,2,4.158092187009023e-01,-4.158092187009023e-01,4.830036521415108e-01,2.584981739292444e-01,1.271113351980838e+00,1.274660479247226e+00,1.573110447716576e-01,,False,True,False,True,0.046
0.046,0.046,0.046,0.7,1,4.851107551510526e-01,-4.851107551510526e-01,5.634451307007997e-01,2.182774346496001e-01,1.482881954677824e+00,1.487014270373578e+00,2.668333205014525e-01,,False,True,False,True,0.046
0.046,0.046,0.046,0.7,2,4.851107551510526e-01,-4.851107551510526e-01,5.631935279559110e-01,2.184032360220444e-01,1.482526134663672e+00,1.486632967069747e+00,2.667075191290081e-01,,False,True,False,True,0.046
0.046,0.046,0.046,0.8,1,5.544122916012029e-01,-5.544122916012029e-01,6.436350065151994e-01,1.781824967424000e-01,1.694294737360658e+00,1.698986769448565e+00,3.762297948588026e-01,,False,True,False,True,0.046
0.046,0.046,0.046,0.8,2,5.544122916012029e-01,-5.544122916012029e-01,6.433834037703110e-01,1.783082981148443e-01,1.693938917346507e+00,1.698605537875781e+00,3.761039934863584e-01,,False,True,False,True,0.046
0.046,0.046,0.046,0.85,1,5.890630598262779e-01,-5.890630598262779e-01,6.837299444224000e-01,1.581350277888000e-01,1.800001128702077e+00,1.804973047279937e+00,4.309280320374779e-01,,False,True,False,True,0.046
0.046,0.046,0.046,0.85,2,5.890630598262780e-01,-5.890630598262780e-01,6.834783416775108e-01,1.582608291612444e-01,1.799645308687924e+00,1.804591845259351e+00,4.308022306650334e-01,,False,True,False,True,0.046
0.046,0.046,0.046,0.9,1,6.237138280513533e-01,-6.237138280513533e-01,7.238248823295996e-01,1.380875588352000e-01,1.905707520043494e+00,1.910959339789240e+00,4.856262692161532e-01,,False,True,False,True,0.046
0.046,0.046,0.046,0.9,2,6.237138280513533e-01,-6.237138280513533e-01,7.235732795847110e-01,1.382133602076444e-01,1.905351700029342e+00,1.910578164045059e+00,4.855004678437088e-01,,False,True,False,True,0.046
0.046,0.046,0.046,0.95,1,6.583645962764284e-01,-6.583645962764284e-01,7.639198202367997e-01,1.180400898815999e-01,2.011413911384911e+00,2.016945644662592e+00,5.403245063948283e-01,-5.154280853097377e-01,True,True,True,True,0.046
0.046,0.046,0.046,0.95,2,6.583645962764285e-01,-6.583645962764285e-01,7.636682174919105e-01,1.181658912540444e-01,2.011058091370759e+00,2.016564492435089e+00,5.401987050223838e-01,-5.160520682320406e-01,True,True,True,True,0.046
0.046,0.046,0.046,1.0,1,6.930153645015037e-01,-6.930153645015037e-01,8.040147581439995e-01,9.799262092799996e-02,2.117120302726328e+00,2.122931960048184e+00,5.950227435735034e-01,-3.738044507094923e-01,True,True,True,True,0.046
0.046,0.046,0.046,1.0,2,6.930153645015036e-01,-6.930153645015036e-01,8.037631553991105e-01,9.811842230044442e-02,2.116764482712176e+00,2.122550828990709e+00,5.948969422010588e-01,-3.744906265498309e-01,True,True,True,True,0.046
0.047,0.047,0.047,0.5,1,3.436429381368638e-01,-3.436429381368638e-01,4.011823881608889e-01,2.994088059195554e-01,1.053342078049248e+00,1.056480529876080e+00,4.423413221730826e-02,,False,True,False,True,0.047
0.047,0.047,0.047,0.5,2,3.436429381368639e-01,-3.436429381368639e-01,4.009142018159998e-01,2.995428990919999e-01,1.052962805283062e+00,1.056073228803944e+00,4.410003904486381e-02,,False,True,False,True,0.047
0.047,0.047,0.047,0.6,1,4.123715257642367e-01,-4.123715257642367e-01,4.809770657930663e-01,2.595114671034666e-01,1.263385694107240e+00,1.267105698953378e+00,1.528600586607698e-01,,False,True,False,True,0.047
0.047,0.047,0.047,0.6,2,4.123715257642367e-01,-4.123715257642367e-01,4.807088794481774e-01,2.596455602759111e-01,1.263006421341055e+00,1.266698546681801e+00,1.527259654883255e-01,,False,True,False,True,0.047
0.047,0.047,0.047,0.7,1,4.811001133916093e-01,-4.811001133916093e-01,5.607717434252439e-01,2.196141282873777e-01,1.473429310165233e+00,1.477731054461003e+00,2.614859851042313e-01,,False,True,False,True,0.047
0.047,0.047,0.047,0.7,2,4.811001133916094e-01,-4.811001133916094e-01,5.605035570803553e-01,2.197482214598221e-01,1.473050037399048e+00,1.477324008611720e+00,2.613518919317870e-01,,False,True,False,True,0.047
0.047,0.047,0.047,0.8,1,5.498287010189821e-01,-5.498287010189821e-01,6.405664210574217e-01,1.797167894712888e-01,1.683472926223226e+00,1.688356526626453e+00,3.701119115476929e-01,,False,True,False,True,0.047
0.047,0.047,0.047,0.8,2,5.498287010189822e-01,-5.498287010189822e-01,6.402982347125331e-01,1.798508826437332e-01,1.683093653457042e+00,1.687949560668455e+00,3.699778183752487e-01,,False,True,False,True,0.047
0.047,0.047,0.047,0.85,1,5.841929948326686e-01,-5.841929948326686e-01,6.804637598735108e-01,1.597681200632444e-01,1.788494734252223e+00,1.793669293613243e+00,4.244248747694240e-01,,False,True,False,True,0.047
0.047,0.047,0.047,0.85,2,5.841929948326686e-01,-5.841929948326686e-01,6.801955735286218e-01,1.599022132356888e-01,1.788115461486038e+00,1.793262360570246e+00,4.242907815969795e-01,,False,True,False,True,0.047
0.047,0.047,0.047,0.9,1,6.185572886463548e-01,-6.185572886463548e-01,7.203610986895997e-01,1.398194506551999e-01,1.893516542281219e+00,1.898982076632444e+00,4.787378379911547e-01,,False,True,False,True,0.047
0.047,0.047,0.047,0.9,2,6.185572886463551e-01,-6.185572886463551e-01,7.200929123447106e-01,1.399535438276443e-01,1.893137269515035e+00,1.898575172856337e+00,4.786037448187104e-01,,False,True,False,True,0.047
0.047,0.047,0.047,0.95,1,6.529215824600412e-01,-6.529215824600412e-01,7.602584375056886e-01,1.198707812471555e-01,1.998538350310216e+00,2.004294873156857e+00,5.330508012128854e-01,,False,True,False,True,0.047
0.047,0.047,0.047,0.95,2,6.529215824600412e-01,-6.529215824600412e-01,7.599902511607994e-01,1.200048744195999e-01,1.998159077544031e+00,2.003887995574183e+00,5.329167080404409e-01,,False,True,False,True,0.047
0.047,0.047,0.047,1.0,1,6.872858762737276e-01,-6.872858762737276e-01,8.001557763217773e-01,9.992211183911104e-02,2.103560158339213e+00,2.109607681163919e+00,5.873637644346162e-01,-3.906935362584570e-01,True,True,True,True,0.047
0.047,0.047,0.047,1.0,2,6.872858762737277e-01,-6.872858762737277e-01,7.998875899768882e-01,1.000562050115555e-01,2.103180885573027e+00,2.109200827161207e+00,5.872296712621718e-01,-3.914172237272836e-01,True,True,True,True,0.047
0.048,0.048,0.048,0.5,1,3.407968023183356e-01,-3.407968023183356e-01,3.993086545919994e-01,3.003456727039998e-01,1.046667174748932e+00,1.049933068538134e+00,4.045112961433533e-02,,False,True,False,True,0.048
0.048,0.048,0.048,0.5,2,3.407968023183358e-01,-3.407968023183358e-01,3.990231797759998e-01,3.004884101119998e-01,1.046263452392429e+00,1.049498848915906e+00,4.030839220633564e-02,,False,True,False,True,0.048
0.048,0.048,0.048,0.6,1,4.089561627820028e-01,-4.089561627820028e-01,4.787095855103998e-01,2.606452072447998e-01,1.255348940089178e+00,1.259218821868413e+00,1.483109555372026e-01,,False,True,False,True,0.048
0.048,0.048,0.048,0.6,2,4.089561627820029e-01,-4.089561627820029e-01,4.784241106943997e-01,2.607879446527999e-01,1.254945217732674e+00,1.258784767577217e+00,1.481682181292027e-01,,False,True,False,True,0.048
0.048,0.048,0.048,0.7,1,4.771155232456700e-01,-4.771155232456700e-01,5.581105164287995e-01,2.209447417855999e-01,1.464030705429422e+00,1.468504778433371e+00,2.561707814600698e-01,,False,True,False,True,0.048
0.048,0.048,0.048,0.7,2,4.771155232456699e-01,-4.771155232456699e-01,5.578250416127990e-01,2.210874791935999e-01,1.463626983072919e+00,1.468070842394617e+00,2.560280440520694e-01,,False,True,False,True,0.048
0.048,0.048,0.048,0.8,1,5.452748837093372e-01,-5.452748837093372e-01,6.375114473471988e-01,1.812442763263997e-01,1.672712470769667e+00,1.677790862179135e+00,3.640306073829366e-01,,False,True,False,True,0.048
0.048,0.048,0.048,0.8,2,5.452748837093371e-01,-5.452748837093371e-01,6.372259725311994e-01,1.813870137343998e-01,1.672308748413164e+00,1.677357014916698e+00,3.638878699749368e-01,,False,True,False,True,0.048
0.048,0.048,0.048,0.85,1,5.793545639411706e-01,-5.793545639411706e-01,6.772119128063996e-01,1.613940435967999e-01,1.777053353439790e+00,1.782433937745090e+00,4.179605203443704e-01,,False,True,False,True,0.048
0.048,0.048,0.048,0.85,2,5.793545639411705e-01,-5.793545639411705e-01,6.769264379903996e-01,1.615367810047999e-01,1.776649631083287e+00,1.782000127059293e+00,4.178177829363703e-01,,False,True,False,True,0.048
0.048,0.048,0.048,0.9,1,6.134342441730042e-01,-6.134342441730042e-01,7.169123782655996e-01,1.415438108671999e-01,1.881394236109913e+00,1.887077030790787e+00,4.718904333058040e-01,,False,True,False,True,0.048
0.048,0.048,0.048,0.9,2,6.134342441730041e-01,-6.134342441730041e-01,7.166269034495991e-01,1.416865482751999e-01,1.880990513753409e+00,1.886643252628186e+00,4.717476958978036e-01,,False,True,False,True,0.048
0.048,0.048,0.048,0.95,1,6.475139244048378e-01,-6.475139244048378e-01,7.566128437247988e-01,1.216935781375999e-01,1.985735118780034e+00,1.991720138561119e+00,5.258203462672372e-01,,False,True,False,True,0.048
0.048,0.048,0.048,0.95,2,6.475139244048377e-01,-6.475139244048377e-01,7.563273689087993e-01,1.218363155455999e-01,1.985331396423531e+00,1.991286389506704e+00,5.256776088592373e-01,,False,True,False,True,0.048
0.048,0.048,0.048,1.0,1,6.815936046366713e-01,-6.815936046366713e-01,7.963133091839995e-01,1.018433454079999e-01,2.090076001450157e+00,2.096363258851083e+00,5.797502592286710e-01,-4.073130420618658e-01,True,True,True,True,0.048
0.048,0.048,0.048,1.0,2,6.815936046366715e-01,-6.815936046366715e-01,7.960278343679992e-01,1.019860828159999e-01,2.089672279093654e+00,2.095929536000882e+00,5.796075218206711e-01,-4.080753473219829e-01,True,True,True,True,0.048
0.049,0.049,0.049,0.5,1,3.379691858337812e-01,-3.379691858337812e-01,3.974441607119996e-01,3.012779196440000e-01,1.040031528635228e+00,1.043427106140558e+00,3.669126618978097e-02,,False,True,False,True,0.049
0.049,0.049,0.049,0.5,2,3.379691858337812e-01,-3.379691858337812e-01,3.971406785804447e-01,3.014296607097777e-01,1.039602340088845e+00,1.042964791652115e+00,3.653952512400349e-02,,False,True,False,True,0.049
0.049,0.049,0.049,0.6,1,4.055630230005375e-01,-4.055630230005375e-01,4.764527928543992e-01,2.617736035728000e-01,1.247358729009622e+00,1.251381044197317e+00,1.437894194277372e-01,,False,True,False,True,0.049
0.049,0.049,0.049,0.6,2,4.055630230005374e-01,-4.055630230005374e-01,4.761493107228438e-01,2.619253446385778e-01,1.246929540463238e+00,1.250918913003035e+00,1.436376783619593e-01,,False,True,False,True,0.049
0.049,0.049,0.049,0.7,1,4.731568601672936e-01,-4.731568601672936e-01,5.554614249967997e-01,2.222692875015999e-01,1.454685929384016e+00,1.459335203416744e+00,2.508875726656935e-01,,False,True,False,True,0.049
0.049,0.049,0.049,0.7,2,4.731568601672935e-01,-4.731568601672935e-01,5.551579428652442e-01,2.224210285673777e-01,1.454256740837633e+00,1.458873203331587e+00,2.507358315999156e-01,,False,True,False,True,0.049
0.049,0.049,0.049,0.8,1,5.407506973340499e-01,-5.407506973340499e-01,6.344700571391996e-01,1.827649714304000e-01,1.662013129758410e+00,1.667289501044711e+00,3.579857259036497e-01,,False,True,False,True,0.049
0.049,0.049,0.049,0.8,2,5.407506973340499e-01,-5.407506973340499e-01,6.341665750076442e-01,1.829167124961777e-01,1.661583941212027e+00,1.666827599392555e+00,3.578339848378720e-01,,False,True,False,True,0.049
0.049,0.049,0.049,0.85,1,5.745476159174280e-01,-5.745476159174280e-01,6.739743732104001e-01,1.630128133947999e-01,1.765676729945608e+00,1.771266686527754e+00,4.115348025226280e-01,,False,True,False,True,0.049
0.049,0.049,0.049,0.85,2,5.745476159174279e-01,-5.745476159174279e-01,6.736708910788444e-01,1.631645544605779e-01,1.765247541399224e+00,1.770804825432057e+00,4.113830614568501e-01,,False,True,False,True,0.049
0.049,0.049,0.049,0.9,1,6.083445345008061e-01,-6.083445345008061e-01,7.134786892815996e-01,1.432606553592000e-01,1.869340330132805e+00,1.875243891034968e+00,4.650838791416059e-01,,False,True,False,True,0.049
0.049,0.049,0.049,0.9,2,6.083445345008063e-01,-6.083445345008063e-01,7.131752071500439e-01,1.434123964249778e-01,1.868911141586421e+00,1.874782066001817e+00,4.649321380758282e-01,,False,True,False,True,0.049
0.049,0.049,0.049,0.95,1,6.421414530841842e-01,-6.421414530841842e-01,7.529830053527997e-01,1.235084973235999e-01,1.973003930320002e+00,1.979221111568086e+00,5.186329557605841e-01,,False,True,False,True,0.049
0.049,0.049,0.049,0.95,2,6.421414530841844e-01,-6.421414530841844e-01,7.526795232212438e-01,1.236602383893777e-01,1.972574741773618e+00,1.978759318811286e+00,5.184812146948062e-01,,False,True,False,True,0.049
0.049,0.049,0.049,1.0,1,6.759383716675623e-01,-6.759383716675623e-01,7.924873214239995e-01,1.037563392880000e-01,2.076667530507198e+00,2.083198345727435e+00,5.721820323795621e-01,-4.236691442361683e-01,True,True,True,True,0.049
0.049,0.049,0.049,1.0,2,6.759383716675623e-01,-6.759383716675623e-01,7.921838392924437e-01,1.039080803537778e-01,2.076238341960814e+00,2.082736582027321e+00,5.720302913137842e-01,-4.244711754684890e-01,True,True,True,True,0.049
0.05,0.05,0.05,0.5,1,3.351599999999996e-01,-3.351599999999996e-01,3.955888888888884e-01,3.022055555555553e-01,1.033434989355735e+00,1.036962476876276e+00,3.295444444444384e-02,,False,True,False,True,0.05
0.05,0.05,0.05,0.5,2,3.351599999999997e-01,-3.351599999999997e-01,3.952666666666664e-01,3.023666666666664e-01,1.032979298318971e+00,1.036470864767124e+00,3.279333333333295e-02,,False,True,False,True,0.05
0.05,0.05,0.05,0.6,1,4.021919999999996e-01,-4.021919999999996e-01,4.742066666666660e-01,2.628966666666666e-01,1.239414880445696e+00,1.243592163975168e+00,1.392953333333326e-01,,False,True,False,True,0.05
0.05,0.05,0.05,0.6,2,4.021919999999995e-01,-4.021919999999995e-01,4.738844444444438e-01,2.630577777777776e-01,1.238959189408931e+00,1.243100754646089e+00,1.391342222222214e-01,,False,True,False,True,0.05
0.05,0.05,0.05,0.7,1,4.692239999999995e-01,-4.692239999999995e-01,5.528244444444442e-01,2.235877777777775e-01,1.445394771535657e+00,1.450222091338162e+00,2.456362222222216e-01,,False,True,False,True,0.05
0.05,0.05,0.05,0.7,2,4.692239999999995e-01,-4.692239999999995e-01,5.525022222222218e-01,2.237488888888888e-01,1.444939080498892e+00,1.449730827066174e+00,2.454751111111104e-01,,False,True,False,True,0.05
0.05,0.05,0.05,0.8,1,5.362559999999994e-01,-5.362559999999994e-01,6.314422222222217e-01,1.842788888888886e-01,1.651374662625617e+00,1.656852169073556e+00,3.519771111111102e-01,,False,True,False,True,0.05
0.05,0.05,0.05,0.8,2,5.362559999999994e-01,-5.362559999999994e-01,6.311199999999992e-01,1.844399999999998e-01,1.650918971588852e+00,1.656361013711683e+00,3.518159999999990e-01,,False,True,False,True,0.05
0.05,0.05,0.05,0.85,1,5.697719999999995e-01,-5.697719999999995e-01,6.707511111111107e-01,1.646244444444443e-01,1.754364608170598e+00,1.760167247781629e+00,4.051475555555549e-01,,False,True,False,True,0.05
0.05,0.05,0.05,0.85,2,5.697719999999993e-01,-5.697719999999993e-01,6.704288888888880e-01,1.647855555555554e-01,1.753908917133832e+00,1.759676137294347e+00,4.049864444444433e-01,,False,True,False,True,0.05
0.05,0.05,0.05,0.9,1,6.032879999999994e-01,-6.032879999999994e-01,7.100599999999987e-01,1.449699999999998e-01,1.857354553715577e+00,1.863482347159744e+00,4.583179999999987e-01,,False,True,False,True,0.05
0.05,0.05,0.05,0.9,2,6.032879999999994e-01,-6.032879999999994e-01,7.097377777777770e-01,1.451311111111109e-01,1.856898862678813e+00,1.862991276575322e+00,4.581568888888879e-01,,False,True,False,True,0.05
0.05,0.05,0.05,0.95,1,6.368039999999995e-01,-6.368039999999995e-01,7.493688888888884e-01,1.253155555555555e-01,1.960344499260558e+00,1.966797463950538e+00,5.114884444444436e-01,,False,True,False,True,0.05
0.05,0.05,0.05,0.95,2,6.368039999999996e-01,-6.368039999999996e-01,7.490466666666659e-01,1.254766666666666e-01,1.959888808223794e+00,1.966306429080109e+00,5.113273333333326e-01,,False,True,False,True,0.05
0.05,0.05,0.05,1.0,1,6.703199999999992e-01,-6.703199999999992e-01,7.886777777777773e-01,1.056611111111110e-01,2.063334444805538e+00,2.070112595546911e+00,5.646588888888879e-01,-4.397677833016964e-01,True,True,True,True,0.05
0.05,0.05,0.05,1.0,2,6.703199999999995e-01,-6.703199999999995e-01,7.883555555555548e-01,1.058222222222221e-01,2.062878753768774e+00,2.069621592828319e+00,5.644977777777769e-01,-4.406106503086126e-01,True,True,True,True,0.05
0.051,0.051,0.051,0.5,1,3.323691564115518e-01,-3.323691564115518e-01,3.937428215120000e-01,3.031285892439997e-01,1.026877406981040e+00,1.030539015517525e+00,2.924056716755186e-02,,False,True,False,True,0.051
0.051,0.051,0.051,0.5,2,3.323691564115518e-01,-3.323691564115518e-01,3.934011125359995e-01,3.032994437320000e-01,1.026394157512796e+00,1.030016876518611e+00,2.906971267955155e-02,,False,True,False,True,0.051
0.051,0.051,0.051,0.6,1,3.988429876938621e-01,-3.988429876938621e-01,4.719711858143997e-01,2.640144070927998e-01,1.231517214482101e+00,1.235851979925779e+00,1.348285806010620e-01,,False,True,False,True,0.051
0.051,0.051,0.051,0.6,2,3.988429876938622e-01,-3.988429876938622e-01,4.716294768383996e-01,2.641852615808000e-01,1.231033965013858e+00,1.235330064809286e+00,1.346577261130620e-01,,False,True,False,True,0.051
0.051,0.051,0.051,0.7,1,4.653168189761726e-01,-4.653168189761726e-01,5.501995501167997e-01,2.249002249415999e-01,1.436157021983163e+00,1.441165204923895e+00,2.404165940345724e-01,,False,True,False,True,0.051
0.051,0.051,0.051,0.7,2,4.653168189761725e-01,-4.653168189761725e-01,5.498578411407997e-01,2.250710794295999e-01,1.435673772514919e+00,1.440643449971054e+00,2.402457395465724e-01,,False,True,False,True,0.051
0.051,0.051,0.051,0.8,1,5.317906502584829e-01,-5.317906502584829e-01,6.284279144191999e-01,1.857860427903999e-01,1.640796829484225e+00,1.646478593026469e+00,3.460046074680829e-01,,False,True,False,True,0.051
0.051,0.051,0.051,0.8,2,5.317906502584830e-01,-5.317906502584830e-01,6.280862054431998e-01,1.859568972783999e-01,1.640313580015981e+00,1.645956958331994e+00,3.458337529800830e-01,,False,True,False,True,0.051
0.051,0.051,0.051,0.85,1,5.650275658996381e-01,-5.650275658996381e-01,6.675420965704000e-01,1.662289517148000e-01,1.743116733234756e+00,1.749135330293314e+00,3.987986141848381e-01,,False,True,False,True,0.051
0.051,0.051,0.051,0.85,2,5.650275658996381e-01,-5.650275658996381e-01,6.672003875943997e-01,1.663998062027999e-01,1.742633483766511e+00,1.748613745150812e+00,3.986277596968379e-01,,False,True,False,True,0.051
0.051,0.051,0.051,0.9,1,5.982644815407931e-01,-5.982644815407931e-01,7.066562787216000e-01,1.466718606391999e-01,1.845436636985286e+00,1.851792089981954e+00,4.515926209015931e-01,,False,True,False,True,0.051
0.051,0.051,0.051,0.9,2,5.982644815407935e-01,-5.982644815407935e-01,7.063145697455999e-01,1.468427151271999e-01,1.844953387517043e+00,1.851270548902225e+00,4.514217664135934e-01,,False,True,False,True,0.051
0.051,0.051,0.051,0.95,1,6.315013971819485e-01,-6.315013971819485e-01,7.457704608728001e-01,1.271147695636000e-01,1.947756540735817e+00,1.954448868559300e+00,5.043866276183486e-01,,False,True,False,True,0.051
0.051,0.051,0.051,0.95,2,6.315013971819485e-01,-6.315013971819485e-01,7.454287518967998e-01,1.272856240515999e-01,1.947273291267574e+00,1.953927366917382e+00,5.042157731303485e-01,,False,True,False,True,0.051
0.051,0.051,0.051,1.0,1,6.647383128231037e-01,-6.647383128231037e-01,7.848846430239996e-01,1.075576784879999e-01,2.050076444486348e+00,2.057105663197511e+00,5.571806343351036e-01,-4.556146779001635e-01,True,True,True,True,0.051
0.051,0.051,0.051,1.0,2,6.647383128231036e-01,-6.647383128231036e-01,7.845429340479992e-01,1.077285329759999e-01,2.049593195018103e+00,2.056584197060310e+00,5.570097798471032e-01,-4.564994917199898e-01,True,True,True,True,0.051
0.052,0.052,0.052,0.5,1,3.295965669403307e-01,-3.295965669403307e-01,3.919059409919997e-01,3.040470295040003e-01,1.020358632004103e+00,1.024156557414298e+00,2.554953743633054e-02,,False,True,False,True,0.052
0.052,0.052,0.052,0.5,2,3.295965669403307e-01,-3.295965669403307e-01,3.915439847537782e-01,3.042280076231110e-01,1.019846748583025e+00,1.023602635666241e+00,2.536855931721982e-02,,False,True,False,True,0.052
0.052,0.052,0.052,0.6,1,3.955158803283969e-01,-3.955158803283969e-01,4.697463291903999e-01,2.651268354048001e-01,1.223665551710393e+00,1.228160291460040e+00,1.303890449235968e-01,,False,True,False,True,0.052
0.052,0.052,0.052,0.6,2,3.955158803283968e-01,-3.955158803283968e-01,4.693843729521773e-01,2.653078135239113e-01,1.223153668289313e+00,1.227606616410412e+00,1.302080668044854e-01,,False,True,False,True,0.052
0.052,0.052,0.052,0.7,1,4.614351937164630e-01,-4.614351937164630e-01,5.475867173887999e-01,2.262066413056001e-01,1.426972471416682e+00,1.432164307697676e+00,2.352285524108629e-01,,False,True,False,True,0.052
0.052,0.052,0.052,0.7,2,4.614351937164629e-01,-4.614351937164629e-01,5.472247611505779e-01,2.263876194247113e-01,1.426460587995603e+00,1.431610809146755e+00,2.350475742917519e-01,,False,True,False,True,0.052
0.052,0.052,0.052,0.8,1,5.273545071045292e-01,-5.273545071045292e-01,6.254271055871999e-01,1.872864472063999e-01,1.630279391122972e+00,1.636168500572778e+00,3.400680598981292e-01,,False,True,False,True,0.052
0.052,0.052,0.052,0.8,2,5.273545071045290e-01,-5.273545071045290e-01,6.250651493489774e-01,1.874674253255112e-01,1.629767507701891e+00,1.635615134552282e+00,3.398870817790177e-01,,False,True,False,True,0.052
0.052,0.052,0.052,0.85,1,5.603141637985622e-01,-5.603141637985622e-01,6.643472996864001e-01,1.678263501567999e-01,1.731932850976116e+00,1.738170643813654e+00,3.924878136417623e-01,,False,True,False,True,0.052
0.052,0.052,0.052,0.85,2,5.603141637985620e-01,-5.603141637985620e-01,6.639853434481779e-01,1.680073282759111e-01,1.731420967555037e+00,1.737617332403515e+00,3.923068355226510e-01,,False,True,False,True,0.052
0.052,0.052,0.052,0.9,1,5.932738204925952e-01,-5.932738204925952e-01,7.032674937856004e-01,1.483662531072000e-01,1.833586310829262e+00,1.840172811338500e+00,4.449075673853954e-01,,False,True,False,True,0.052
0.052,0.052,0.052,0.9,2,5.932738204925952e-01,-5.932738204925952e-01,7.029055375473781e-01,1.485472312263112e-01,1.833074427408182e+00,1.839619548490012e+00,4.447265892662843e-01,,False,True,False,True,0.052
0.052,0.052,0.052,0.95,1,6.262334771866284e-01,-6.262334771866284e-01,7.421876878847998e-01,1.289061560576000e-01,1.935239770682406e+00,1.942174999321164e+00,4.973273211290283e-01,,False,True,False,True,0.052
0.052,0.052,0.052,0.95,2,6.262334771866283e-01,-6.262334771866283e-01,7.418257316465778e-01,1.290871341767111e-01,1.934727887261326e+00,1.941621779937829e+00,4.971463430099172e-01,,False,True,False,True,0.052
0.052,0.052,0.052,1.0,1,6.591931338806615e-01,-6.591931338806615e-01,7.811078819840003e-01,1.094460590080000e-01,2.036893230535551e+00,2.044177204699180e+00,5.497470748726616e-01,-4.712153374476845e-01,True,True,True,True,0.052
0.052,0.052,0.052,1.0,2,6.591931338806615e-01,-6.591931338806615e-01,7.807459257457776e-01,1.096270371271111e-01,2.036381347114471e+00,2.043624024446805e+00,5.495660967535503e-01,-4.721432099797992e-01,True,True,True,True,0.052
0.053,0.053,0.053,0.5,1,3.268421437351357e-01,-3.268421437351357e-01,3.900782297608882e-01,3.049608851195553e-01,1.013878515339662e+00,1.017814938492784e+00,2.188125861557982e-02,,False,True,False,True,0.053
0.053,0.053,0.053,0.5,2,3.268421437351356e-01,-3.268421437351356e-01,3.896952519493331e-01,3.051523740253332e-01,1.013336902924472e+00,1.017227951470531e+00,2.168976970980219e-02,,False,True,False,True,0.053
0.053,0.053,0.053,0.6,1,3.922105724821628e-01,-3.922105724821628e-01,4.675320757130661e-01,2.662339621434665e-01,1.215859713228253e+00,1.220516898674253e+00,1.259766103386958e-01,,False,True,False,True,0.053
0.053,0.053,0.053,0.6,2,3.922105724821628e-01,-3.922105724821628e-01,4.671490979015104e-01,2.664254510492442e-01,1.215318100813063e+00,1.219930182980946e+00,1.257851214329180e-01,,False,True,False,True,0.053
0.053,0.053,0.053,0.7,1,4.575790012291899e-01,-4.575790012291899e-01,5.449859216652436e-01,2.275070391673776e-01,1.417840911116844e+00,1.423219163978926e+00,2.300719620618117e-01,,False,True,False,True,0.053
0.053,0.053,0.053,0.7,2,4.575790012291898e-01,-4.575790012291898e-01,5.446029438536881e-01,2.276985280731554e-01,1.417299298701654e+00,1.422632642420391e+00,2.298804731560339e-01,,False,True,False,True,0.053
0.053,0.053,0.053,0.8,1,5.229474299762171e-01,-5.229474299762171e-01,6.224397676174216e-01,1.887801161912888e-01,1.619822109005436e+00,1.625921620288457e+00,3.341673137849279e-01,,False,True,False,True,0.053
0.053,0.053,0.053,0.8,2,5.229474299762171e-01,-5.229474299762171e-01,6.220567898058659e-01,1.889716050970666e-01,1.619280496590246e+00,1.625335244510879e+00,3.339758248791501e-01,,False,True,False,True,0.053
0.053,0.053,0.053,0.85,1,5.556316443497306e-01,-5.556316443497306e-01,6.611666905935110e-01,1.694166547032445e-01,1.720812707949732e+00,1.727272899055805e+00,3.862149896464860e-01,,False,True,False,True,0.053
0.053,0.053,0.053,0.85,2,5.556316443497306e-01,-5.556316443497306e-01,6.607837127819549e-01,1.696081436090221e-01,1.720271095534541e+00,1.726686583350540e+00,3.860235007407080e-01,,False,True,False,True,0.053
0.053,0.053,0.053,0.9,1,5.883158587232444e-01,-5.883158587232444e-01,6.998936135695994e-01,1.500531932151999e-01,1.821803306894028e+00,1.828624204084350e+00,4.382626655080442e-01,,False,True,False,True,0.053
0.053,0.053,0.053,0.9,2,5.883158587232440e-01,-5.883158587232440e-01,6.995106357580444e-01,1.502446821209776e-01,1.821261694478838e+00,1.828037941798683e+00,4.380711766022662e-01,,False,True,False,True,0.053
0.053,0.053,0.053,0.95,1,6.210000730967576e-01,-6.210000730967576e-01,7.386205365456878e-01,1.306897317271554e-01,1.922793905838322e+00,1.929975531236827e+00,4.903103413696016e-01,,False,True,False,True,0.053
0.053,0.053,0.053,0.95,2,6.210000730967578e-01,-6.210000730967578e-01,7.382375587341321e-01,1.308812206329333e-01,1.922252293423132e+00,1.929389316765188e+00,4.901188524638238e-01,,False,True,False,True,0.053
0.053,0.053,0.053,1.0,1,6.536842874702714e-01,-6.536842874702714e-01,7.773474595217768e-01,1.113262702391110e-01,2.023784504782618e+00,2.031326877201674e+00,5.423580172311597e-01,-4.865750738251637e-01,True,True,True,True,0.053
0.053,0.053,0.053,1.0,2,6.536842874702713e-01,-6.536842874702713e-01,7.769644817102215e-01,1.115177591448888e-01,2.023242892367428e+00,2.030740705776835e+00,5.421665283253820e-01,-4.875471174654886e-01,True,True,True,True,0.053
0.054,0.054,0.054,0.5,1,3.241057992212479e-01,-3.241057992212479e-01,3.882596702719997e-01,3.058701648639999e-01,1.007436908323628e+00,1.011513995253779e+00,1.823563435724773e-02,,False,True,False,True,0.054
0.054,0.054,0.054,0.5,2,3.241057992212479e-01,-3.241057992212479e-01,3.878548828159999e-01,3.060725585919999e-01,1.006864452413474e+00,1.010892633691743e+00,1.803324062924783e-02,,False,True,False,True,0.054
0.054,0.054,0.054,0.6,1,3.889269590654974e-01,-3.889269590654974e-01,4.653284043263997e-01,2.673357978368000e-01,1.208099520638777e+00,1.212921602348459e+00,1.215911612286972e-01,,False,True,False,True,0.054
0.054,0.054,0.054,0.6,2,3.889269590654975e-01,-3.889269590654975e-01,4.649236168704001e-01,2.675381915647999e-01,1.207527064728624e+00,1.212300538664880e+00,1.213887675006975e-01,,False,True,False,True,0.054
0.054,0.054,0.054,0.7,1,4.537481189097469e-01,-4.537481189097469e-01,5.423971383807993e-01,2.288014308096001e-01,1.408762132953926e+00,1.414329538880969e+00,2.249466881001465e-01,,False,True,False,True,0.054
0.054,0.054,0.054,0.7,2,4.537481189097470e-01,-4.537481189097470e-01,5.419923509247999e-01,2.290038245375999e-01,1.408189677043774e+00,1.413708688344420e+00,2.247442943721469e-01,,False,True,False,True,0.054
0.054,0.054,0.054,0.8,1,5.185692787539965e-01,-5.185692787539965e-01,6.194658724351998e-01,1.902670637823999e-01,1.609424745269077e+00,1.615737681654226e+00,3.283022149715964e-01,,False,True,False,True,0.054
0.054,0.054,0.054,0.8,2,5.185692787539966e-01,-5.185692787539966e-01,6.190610849791998e-01,1.904694575103999e-01,1.608852289358923e+00,1.615116991184310e+00,3.280998212435965e-01,,False,True,False,True,0.054
0.054,0.054,0.054,0.85,1,5.509798586761213e-01,-5.509798586761213e-01,6.580002394623998e-01,1.709998802688000e-01,1.709756051426652e+00,1.716441807693269e+00,3.799799784073212e-01,,False,True,False,True,0.054
0.054,0.054,0.054,0.85,2,5.509798586761212e-01,-5.509798586761212e-01,6.575954520063996e-01,1.712022739967999e-01,1.709183595516498e+00,1.715821183184611e+00,3.797775846793210e-01,,False,True,False,True,0.054
0.054,0.054,0.054,0.9,1,5.833904385982461e-01,-5.833904385982461e-01,6.965346064895992e-01,1.517326967551999e-01,1.810087357584226e+00,1.817145962090525e+00,4.316577418430457e-01,,False,True,False,True,0.054
0.054,0.054,0.054,0.9,2,5.833904385982460e-01,-5.833904385982460e-01,6.961298190335998e-01,1.519350904831999e-01,1.809514901674073e+00,1.816525396239322e+00,4.314553481150459e-01,,False,True,False,True,0.054
0.054,0.054,0.054,0.95,1,6.158010185203708e-01,-6.158010185203708e-01,7.350689735167995e-01,1.324655132415999e-01,1.910418663741801e+00,1.917850140378823e+00,4.833355052787706e-01,,False,True,False,True,0.054
0.054,0.054,0.054,0.95,2,6.158010185203707e-01,-6.158010185203707e-01,7.346641860607995e-01,1.326679069696000e-01,1.909846207831647e+00,1.917229627030735e+00,4.831331115507705e-01,,False,True,False,True,0.054
0.054,0.054,0.054,1.0,1,6.482115984424958e-01,-6.482115984424958e-01,7.736033405439997e-01,1.131983297280000e-01,2.010749969899376e+00,2.018554338982442e+00,5.350132687144956e-01,-5.016990121963825e-01,True,True,True,True,0.054
0.054,0.054,0.054,1.0,2,6.482115984424958e-01,-6.482115984424958e-01,7.731985530879999e-01,1.134007234559999e-01,2.010177513989223e+00,2.017933872903423e+00,5.348108749864957e-01,-5.027163394828665e-01,True,True,True,True,0.054
0.055,0.055,0.055,0.5,1,3.213874460999998e-01,-3.213874460999998e-01,3.864502450000002e-01,3.067748774999998e-01,1.001033662712477e+00,1.005253564771079e+00,1.461256859999993e-02,,False,True,False,True,0.055
0.055,0.055,0.055,0.5,2,3.213874460999999e-01,-3.213874460999999e-01,3.860228461111109e-01,3.069885769444443e-01,1.000429229407267e+00,1.004596492588746e+00,1.439886915555533e-02,,False,True,False,True,0.055
0.055,0.055,0.055,0.6,1,3.856649353199997e-01,-3.856649353199997e-01,4.631352939999998e-01,2.684323530000000e-01,1.200384796049736e+00,1.205374203944726e+00,1.172325823199996e-01,,False,True,False,True,0.055
0.055,0.055,0.055,0.6,2,3.856649353199998e-01,-3.856649353199998e-01,4.627078951111108e-01,2.686460524444444e-01,1.199780362744526e+00,1.204717458217543e+00,1.170188828755552e-01,,False,True,False,True,0.055
0.055,0.055,0.055,0.7,1,4.499424245399998e-01,-4.499424245399998e-01,5.398203429999999e-01,2.300898285000000e-01,1.399735929386996e+00,1.405495198309224e+00,2.198525960399998e-01,,False,True,False,True,0.055
0.055,0.055,0.055,0.7,2,4.499424245399998e-01,-4.499424245399998e-01,5.393929441111107e-01,2.303035279444444e-01,1.399131496081786e+00,1.404838686195373e+00,2.196388965955552e-01,,False,True,False,True,0.055
0.055,0.055,0.055,0.8,1,5.142199137599996e-01,-5.142199137599996e-01,6.165053919999995e-01,1.917473040000000e-01,1.599087062724255e+00,1.605616415053626e+00,3.224726097599994e-01,,False,True,False,True,0.055
0.055,0.055,0.055,0.8,2,5.142199137599996e-01,-5.142199137599996e-01,6.160779931111110e-01,1.919610034444444e-01,1.598482629419046e+00,1.604960078385946e+00,3.222589103155551e-01,,False,True,False,True,0.055
0.055,0.055,0.055,0.85,1,5.463586583699998e-01,-5.463586583699998e-01,6.548479164999998e-01,1.725760417500000e-01,1.698762629392886e+00,1.705677082357920e+00,3.737826166199997e-01,,False,True,False,True,0.055
0.055,0.055,0.055,0.85,2,5.463586583699998e-01,-5.463586583699998e-01,6.544205176111109e-01,1.727897411944443e-01,1.698158196087676e+00,1.705020817991687e+00,3.735689171755552e-01,,False,True,False,True,0.055
0.055,0.055,0.055,0.9,1,5.784974029799997e-01,-5.784974029799997e-01,6.931904409999998e-01,1.534047794999999e-01,1.798438196061516e+00,1.805737780242058e+00,4.250926234799997e-01,,False,True,False,True,0.055
0.055,0.055,0.055,0.9,2,5.784974029799997e-01,-5.784974029799997e-01,6.927630421111108e-01,1.536184789444442e-01,1.797833762756306e+00,1.805081580172647e+00,4.248789240355552e-01,,False,True,False,True,0.055
0.055,0.055,0.055,0.95,1,6.106361475899997e-01,-6.106361475899997e-01,7.315329654999999e-01,1.342335172499999e-01,1.898113762730146e+00,1.905798503889412e+00,4.764026303399997e-01,,False,True,False,True,0.055
0.055,0.055,0.055,0.95,2,6.106361475899998e-01,-6.106361475899998e-01,7.311055666111106e-01,1.344472166944445e-01,1.897509329424935e+00,1.905142361371779e+00,4.761889308955551e-01,,False,True,False,True,0.055
0.055,0.055,0.055,1.0,1,6.427748921999996e-01,-6.427748921999996e-01,7.698754899999998e-01,1.150622550000000e-01,1.997789329398775e+00,2.005859249444448e+00,5.277126371999995e-01,,False,True,False,True,0.055
0.055,0.055,0.055,1.0,2,6.427748921999998e-01,-6.427748921999998e-01,7.694480911111106e-01,1.152759544444444e-01,1.997184896093565e+00,2.005203158742030e+00,5.274989377555551e-01,,False,True,False,True,0.055
0.056,0.056,0.056,0.5,1,3.186869973483519e-01,-3.186869973483519e-01,3.846499364408892e-01,3.076750317795554e-01,9.946686306826522e-01,9.990334846898546e-01,1.101196556879647e-02,,False,True,False,True,0.056
0.056,0.056,0.056,0.5,2,3.186869973483518e-01,-3.186869973483518e-01,3.841991106559999e-01,3.079004446720001e-01,9.940310667433940e-01,9.983393389179245e-01,1.078655267635176e-02,,False,True,False,True,0.056
0.056,0.056,0.056,0.6,1,3.824243968180220e-01,-3.824243968180220e-01,4.609527237290669e-01,2.695236381354666e-01,1.192715362072862e+00,1.197874505605447e+00,1.129007586825555e-01,,False,True,False,True,0.056
0.056,0.056,0.056,0.6,2,3.824243968180221e-01,-3.824243968180221e-01,4.605018979441773e-01,2.697490510279110e-01,1.192077798133603e+00,1.197180717004442e+00,1.126753457901108e-01,,False,True,False,True,0.056
0.056,0.056,0.056,0.7,1,4.461617962876925e-01,-4.461617962876925e-01,5.372555110172441e-01,2.313722444913777e-01,1.390762093463071e+00,1.396715908959385e+00,2.147895517963146e-01,,False,True,False,True,0.056
0.056,0.056,0.056,0.7,2,4.461617962876926e-01,-4.461617962876926e-01,5.368046852323551e-01,2.315976573838222e-01,1.390124529523814e+00,1.396022375972632e+00,2.145641389038702e-01,,False,True,False,True,0.056
0.056,0.056,0.056,0.8,1,5.098991957573631e-01,-5.098991957573631e-01,6.135582983054221e-01,1.932208508472887e-01,1.588808824853282e+00,1.595557551771105e+00,3.166783449100741e-01,,False,True,False,True,0.056
0.056,0.056,0.056,0.8,2,5.098991957573631e-01,-5.098991957573631e-01,6.131074725205334e-01,1.934462637397333e-01,1.588171260914025e+00,1.594864210764694e+00,3.164529320176298e-01,,False,True,False,True,0.056
0.056,0.056,0.056,0.85,1,5.417678954921982e-01,-5.417678954921982e-01,6.517096919495109e-01,1.741451540252445e-01,1.687832190548386e+00,1.694978436638026e+00,3.676227414669536e-01,,False,True,False,True,0.056
0.056,0.056,0.056,0.85,2,5.417678954921982e-01,-5.417678954921982e-01,6.512588661646214e-01,1.743705669176889e-01,1.687194626609128e+00,1.694285174749603e+00,3.673973285745089e-01,,False,True,False,True,0.056
0.056,0.056,0.056,0.9,1,5.736365952270334e-01,-5.736365952270334e-01,6.898610855935997e-01,1.550694572032000e-01,1.786855556243491e+00,1.794399354435955e+00,4.185671380238332e-01,,False,True,False,True,0.056
0.056,0.056,0.056,0.9,2,5.736365952270333e-01,-5.736365952270333e-01,6.894102598087108e-01,1.552948700956444e-01,1.786217992304234e+00,1.793706162907601e+00,4.183417251313887e-01,,False,True,False,True,0.056
0.056,0.056,0.056,0.95,1,6.055052949618687e-01,-6.055052949618687e-01,7.280124792376887e-01,1.359937603811556e-01,1.885878921938597e+00,1.893820299978502e+00,4.695115345807130e-01,,False,True,False,True,0.056
0.056,0.056,0.056,0.95,2,6.055052949618684e-01,-6.055052949618684e-01,7.275616534527994e-01,1.362191732736000e-01,1.885241357999338e+00,1.893127171430203e+00,4.692861216882682e-01,,False,True,False,True,0.056
0.056,0.056,0.056,1.0,1,6.373739946967037e-01,-6.373739946967037e-01,7.661638728817778e-01,1.169180635591111e-01,1.984902287633702e+00,1.993241269114042e+00,5.204559311375927e-01,,False,True,False,True,0.056
0.056,0.056,0.056,1.0,2,6.373739946967036e-01,-6.373739946967036e-01,7.657130470968881e-01,1.171434764515555e-01,1.984264723694443e+00,1.992548197269050e+00,5.202305182451477e-01,,False,True,False,True,0.056
0.057,0.057,0.057,0.5,1,3.160043662184638e-01,-3.160043662184638e-01,3.828587271119995e-01,3.085706364440000e-01,9.883416648299553e-01,9.928535932250102e-01,7.433729774463549e-03,,False,True,False,True,0.057
0.057,0.057,0.057,0.5,2,3.160043662184639e-01,-3.160043662184639e-01,3.823836453359999e-01,3.088081773320001e-01,9.876697977391005e-01,9.921209839320623e-01,7.196188886463839e-03,,False,True,False,True,0.057
0.057,0.057,0.057,0.6,1,3.792052394621566e-01,-3.792052394621566e-01,4.587806725343995e-01,2.706096637327999e-01,1.185091041823116e+00,1.190422310151599e+00,1.085955757293564e-01,,False,True,False,True,0.057
0.057,0.057,0.057,0.6,2,3.792052394621566e-01,-3.792052394621566e-01,4.583055907583993e-01,2.708472046208000e-01,1.184419174732261e+00,1.189690091000100e+00,1.083580348413563e-01,,False,True,False,True,0.057
0.057,0.057,0.057,0.7,1,4.424061127058494e-01,-4.424061127058494e-01,5.347026179567993e-01,2.326486910216000e-01,1.381840418816278e+00,1.387991438315605e+00,2.097574216842490e-01,,False,True,False,True,0.057
0.057,0.057,0.057,0.7,2,4.424061127058493e-01,-4.424061127058493e-01,5.342275361807998e-01,2.328862319096000e-01,1.381168551725422e+00,1.387259498397194e+00,2.095198807962492e-01,,False,True,False,True,0.057
0.057,0.057,0.057,0.8,1,5.056069859495420e-01,-5.056069859495420e-01,6.106245633791993e-01,1.946877183103999e-01,1.578589795809438e+00,1.585560823990071e+00,3.109192676391417e-01,,False,True,False,True,0.057
0.057,0.057,0.057,0.8,2,5.056069859495422e-01,-5.056069859495422e-01,6.101494816032000e-01,1.949252591983999e-01,1.577917928718584e+00,1.584829093803662e+00,3.106817267511423e-01,,False,True,False,True,0.057
0.057,0.057,0.057,0.85,1,5.372074225713884e-01,-5.372074225713884e-01,6.485855360903998e-01,1.757072319547999e-01,1.676964484306020e+00,1.684345585076252e+00,3.615001906165883e-01,,False,True,False,True,0.057
0.057,0.057,0.057,0.85,2,5.372074225713885e-01,-5.372074225713885e-01,6.481104543143996e-01,1.759447728428000e-01,1.676292617215164e+00,1.683613941326707e+00,3.612626497285883e-01,,False,True,False,True,0.057
0.057,0.057,0.057,0.9,1,5.688078591932348e-01,-5.688078591932348e-01,6.865465088015996e-01,1.567267455991999e-01,1.775339172802600e+00,1.783130381579155e+00,4.120811135940347e-01,,False,True,False,True,0.057
0.057,0.057,0.057,0.9,2,5.688078591932350e-01,-5.688078591932350e-01,6.860714270255996e-01,1.569642864872000e-01,1.774667305711745e+00,1.782398814699935e+00,4.118435727060348e-01,,False,True,False,True,0.057
0.057,0.057,0.057,0.95,1,6.004082958150811e-01,-6.004082958150811e-01,7.245074815127991e-01,1.377462592436000e-01,1.873713861299180e+00,1.881915207921535e+00,4.626620365714807e-01,,False,True,False,True,0.057
0.057,0.057,0.057,0.95,2,6.004082958150814e-01,-6.004082958150814e-01,7.240323997367994e-01,1.379838001315999e-01,1.873041994208325e+00,1.881183709851006e+00,4.624244956834811e-01,,False,True,False,True,0.057
0.057,0.057,0.057,1.0,1,6.320087324369277e-01,-6.320087324369277e-01,7.624684542239992e-01,1.187657728879999e-01,1.972088549795761e+00,1.980700059638780e+00,5.132429595489273e-01,,False,True,False,True,0.057
0.057,0.057,0.057,1.0,2,6.320087324369278e-01,-6.320087324369278e-01,7.619933724479997e-01,1.190033137760000e-01,1.971416682704906e+00,1.979968623520290e+00,5.130054186609276e-01,,False,True,False,True,0.057
0.058,0.058,0.058,0.5,1,3.133394662372692e-01,-3.133394662372692e-01,3.810765995520002e-01,3.094617002239998e-01,9.820526181689521e-01,9.867137291595213e-01,3.877766013269279e-03,,False,True,False,True,0.058
0.058,0.058,0.058,0.5,2,3.133394662372692e-01,-3.133394662372692e-01,3.805764191004447e-01,3.097117904497775e-01,9.813452561907284e-01,9.859412393792525e-01,3.627675787491569e-03,,False,True,False,True,0.058
0.058,0.058,0.058,0.6,1,3.760073594847230e-01,-3.760073594847230e-01,4.566191194624001e-01,2.716904402688000e-01,1.177511658917977e+00,1.183017421081010e+00,1.043169192159230e-01,,False,True,False,True,0.058
0.058,0.058,0.058,0.6,2,3.760073594847230e-01,-3.760073594847230e-01,4.561189390108441e-01,2.719405304945777e-01,1.176804296939753e+00,1.182245356786910e+00,1.040668289901451e-01,,False,True,False,True,0.058
0.058,0.058,0.058,0.7,1,4.386752527321768e-01,-4.386752527321768e-01,5.321616393727997e-01,2.339191803136000e-01,1.372970699667003e+00,1.379321554648639e+00,2.047560724185767e-01,,False,True,False,True,0.058
0.058,0.058,0.058,0.7,2,4.386752527321768e-01,-4.386752527321768e-01,5.316614589212441e-01,2.341692705393777e-01,1.372263337688779e+00,1.378549794910441e+00,2.045059821927988e-01,,False,True,False,True,0.058
0.058,0.058,0.058,0.8,1,5.013431459796307e-01,-5.013431459796307e-01,6.077041592832000e-01,1.961479203583998e-01,1.568429740416029e+00,1.575625964790952e+00,3.051952256212307e-01,,False,True,False,True,0.058
0.058,0.058,0.058,0.8,2,5.013431459796307e-01,-5.013431459796307e-01,6.072039788316440e-01,1.963980105841778e-01,1.567722378437805e+00,1.574854433818863e+00,3.049451353954527e-01,,False,True,False,True,0.058
0.058,0.058,0.058,0.85,1,5.326770926033576e-01,-5.326770926033576e-01,6.454754192383998e-01,1.772622903808000e-01,1.666159260790542e+00,1.673778243167659e+00,3.554148022225575e-01,,False,True,False,True,0.058
0.058,0.058,0.058,0.85,2,5.326770926033577e-01,-5.326770926033577e-01,6.449752387868446e-01,1.775123806065777e-01,1.665451898812318e+00,1.673006806480492e+00,3.551647119967800e-01,,False,True,False,True,0.058
0.058,0.058,0.058,0.9,1,5.640110392270845e-01,-5.640110392270845e-01,6.832466791935998e-01,1.583766604031999e-01,1.763888781165055e+00,1.771930559586462e+00,4.056343788238844e-01,,False,True,False,True,0.058
0.058,0.058,0.058,0.9,2,5.640110392270847e-01,-5.640110392270847e-01,6.827464987420441e-01,1.586267506289777e-01,1.763181419186831e+00,1.771159206750806e+00,4.053842885981068e-01,,False,True,False,True,0.058
0.058,0.058,0.058,0.95,1,5.953449858508113e-01,-5.953449858508113e-01,7.210179391488001e-01,1.394910304256000e-01,1.861618301539568e+00,1.870082908057379e+00,4.558539554252113e-01,,False,True,False,True,0.058
0.058,0.058,0.058,0.95,2,5.953449858508115e-01,-5.953449858508115e-01,7.205177586972441e-01,1.397411206513777e-01,1.860910939561343e+00,1.869311630280840e+00,4.556038651994336e-01,,False,True,False,True,0.058
0.058,0.058,0.058,1.0,1,6.266789324745383e-01,-6.266789324745383e-01,7.587891991039998e-01,1.206054004480000e-01,1.959347821914080e+00,1.968235283785266e+00,5.060735320265382e-01,,False,True,False,True,0.058
0.058,0.058,0.058,1.0,2,6.266789324745384e-01,-6.266789324745384e-01,7.582890186524442e-01,1.208554906737778e-01,1.958640459935857e+00,1.967464073589466e+00,5.058234418007606e-01,,False,True,False,True,0.058
0.059,0.059,0.059,0.5,1,3.106922112060481e-01,-3.106922112060481e-01,3.793035363208890e-01,3.103482318395558e-01,9.758013441323563e-01,9.806137318427385e-01,3.439793664925528e-04,,False,True,False,True,0.059
0.059,0.059,0.059,0.5,2,3.106922112060480e-01,-3.106922112060480e-01,3.787774009626667e-01,3.106112995186666e-01,9.750572763731140e-01,9.797999175018056e-01,8.091168738133536e-05,,False,True,False,True,0.059
0.059,0.059,0.059,0.6,1,3.728306534472576e-01,-3.728306534472576e-01,4.544680435850669e-01,2.727659782074667e-01,1.169977037476703e+00,1.175659642566585e+00,1.000646752397911e-01,,False,True,False,True,0.059
0.059,0.059,0.059,0.6,2,3.728306534472576e-01,-3.728306534472576e-01,4.539419082268447e-01,2.730290458865777e-01,1.169232969717461e+00,1.174846291553986e+00,9.980160756067996e-02,,False,True,False,True,0.059
0.059,0.059,0.059,0.7,1,4.349690956884673e-01,-4.349690956884673e-01,5.296325508492448e-01,2.351837245753777e-01,1.364152730821051e+00,1.370706027013992e+00,1.997853711130896e-01,,False,True,False,True,0.059
0.059,0.059,0.059,0.7,2,4.349690956884673e-01,-4.349690956884673e-01,5.291064154910220e-01,2.354467922544889e-01,1.363408663061808e+00,1.369893007672937e+00,1.995223034339783e-01,,False,True,False,True,0.059
0.059,0.059,0.059,0.8,1,4.971075379296768e-01,-4.971075379296768e-01,6.047970581134223e-01,1.976014709432888e-01,1.558328424165397e+00,1.565752708149222e+00,2.995060669863880e-01,,False,True,False,True,0.059
0.059,0.059,0.059,0.8,2,4.971075379296768e-01,-4.971075379296768e-01,6.042709227552003e-01,1.978645386224000e-01,1.557584356406156e+00,1.564939937957909e+00,2.992429993072770e-01,,False,True,False,True,0.059
0.059,0.059,0.059,0.85,1,5.281767590502817e-01,-5.281767590502817e-01,6.423793117455110e-01,1.788103441272444e-01,1.655416270837571e+00,1.663276127357687e+00,3.493664149230372e-01,,False,True,False,True,0.059
0.059,0.059,0.059,0.85,2,5.281767590502818e-01,-5.281767590502818e-01,6.418531763872892e-01,1.790734118063555e-01,1.654672203078329e+00,1.662463459856260e+00,3.491033472439264e-01,,False,True,False,True,0.059
0.059,0.059,0.059,0.9,1,5.592459801708866e-01,-5.592459801708866e-01,6.799615653776001e-01,1.600192173111999e-01,1.752504117509745e+00,1.760799587378475e+00,3.992267628596866e-01,,False,True,False,True,0.059
0.059,0.059,0.059,0.9,2,5.592459801708864e-01,-5.592459801708864e-01,6.794354300193775e-01,1.602822849903110e-01,1.751760049750502e+00,1.759987011205380e+00,3.989636951805752e-01,,False,True,False,True,0.059
0.059,0.059,0.059,0.95,1,5.903152012914914e-01,-5.903152012914914e-01,7.175438190096892e-01,1.412280904951556e-01,1.849591964181919e+00,1.858323081786182e+00,4.490871107963360e-01,,False,True,False,True,0.059
0.059,0.059,0.059,0.95,2,5.903152012914913e-01,-5.903152012914913e-01,7.170176836514669e-01,1.414911581742667e-01,1.848847896422676e+00,1.857510587366574e+00,4.488240431172247e-01,,False,True,False,True,0.059
0.059,0.059,0.059,1.0,1,6.213844224120961e-01,-6.213844224120961e-01,7.551260726417774e-01,1.224369636791111e-01,1.946679810854091e+00,1.955846605436949e+00,4.989474587329848e-01,,False,True,False,True,0.059
0.059,0.059,0.059,1.0,2,6.213844224120960e-01,-6.213844224120960e-01,7.545999372835557e-01,1.227000313582222e-01,1.945935743094849e+00,1.955034184626714e+00,4.986843910538739e-01,,False,True,False,True,0.059
0.06,0.06,0.06,0.5,1,3.080625151999998e-01,-3.080625151999998e-01,3.775395199999997e-01,3.112302399999999e-01,9.695876965704353e-01,9.745534411886918e-01,0.000000000000000e+00,,False,False,False,True,0.06
0.06,0.06,0.06,0.5,2,3.080625151999998e-01,-3.080625151999998e-01,3.769865600000000e-01,3.115067199999999e-01,9.688056930389859e-01,9.736968310351712e-01,0.000000000000000e+00,,False,False,False,True,0.06
0.06,0.06,0.06,0.6,1,3.696750182399999e-01,-3.696750182399999e-01,4.523274239999996e-01,2.738362879999998e-01,1.162487002119614e+00,1.168348779454525e+00,9.583873023999973e-02,,False,True,False,True,0.06
0.06,0.06,0.06,0.6,2,3.696750182399999e-01,-3.696750182399999e-01,4.517744639999999e-01,2.741127679999998e-01,1.161704998588164e+00,1.167492673096035e+00,9.556225023999981e-02,,False,True,False,True,0.06
0.06,0.06,0.06,0.7,1,4.312875212799997e-01,-4.312875212799997e-01,5.271153279999998e-01,2.364423359999999e-01,1.355386307668792e+00,1.362144625250041e+00,1.948451852799996e-01,,False,True,False,True,0.06
0.06,0.06,0.06,0.7,2,4.312875212799997e-01,-4.312875212799997e-01,5.265623679999993e-01,2.367188159999999e-01,1.354604304137342e+00,1.361288879563207e+00,1.945687052799994e-01,,False,True,False,True,0.06
0.06,0.06,0.06,0.8,1,4.929000243199999e-01,-4.929000243199999e-01,6.019032320000000e-01,1.990483839999999e-01,1.548285613217971e+00,1.555940788933438e+00,2.938516403199999e-01,,False,True,False,True,0.06
0.06,0.06,0.06,0.8,2,4.929000243199997e-01,-4.929000243199997e-01,6.013502720000002e-01,1.993248639999999e-01,1.547503609686522e+00,1.555085314198717e+00,2.935751603199999e-01,,False,True,False,True,0.06
0.06,0.06,0.06,0.85,1,5.237062758399997e-01,-5.237062758399997e-01,6.392971839999997e-01,1.803514080000000e-01,1.644735265992560e+00,1.652838955040123e+00,3.433548678399996e-01,,False,True,False,True,0.06
0.06,0.06,0.06,0.85,2,5.237062758399997e-01,-5.237062758399997e-01,6.387442240000000e-01,1.806278880000000e-01,1.643953262461111e+00,1.651983591985785e+00,3.430783878399997e-01,,False,True,False,True,0.06
0.06,0.06,0.06,0.9,1,5.545125273599997e-01,-5.545125273599997e-01,6.766911359999999e-01,1.616544320000000e-01,1.741184918767150e+00,1.749737164879508e+00,3.928580953599996e-01,,False,True,False,True,0.06
0.06,0.06,0.06,0.9,2,5.545125273599997e-01,-5.545125273599997e-01,6.761381759999998e-01,1.619309119999999e-01,1.740402915235700e+00,1.748881901151454e+00,3.925816153599996e-01,,False,True,False,True,0.06
0.06,0.06,0.06,0.95,1,5.853187788799998e-01,-5.853187788799998e-01,7.140850879999995e-01,1.429574560000000e-01,1.837634571541739e+00,1.846635411567255e+00,4.423613228799996e-01,,False,True,False,True,0.06
0.06,0.06,0.06,0.95,2,5.853187788799995e-01,-5.853187788799995e-01,7.135321280000000e-01,1.432339359999999e-01,1.836852568010289e+00,1.845780236753858e+00,4.420848428799995e-01,,False,True,False,True,0.06
0.06,0.06,0.06,1.0,1,6.161250303999996e-01,-6.161250303999996e-01,7.514790399999997e-01,1.242604799999999e-01,1.934084224316328e+00,1.943533689591947e+00,4.918645503999994e-01,,False,True,False,True,0.06
0.06,0.06,0.06,1.0,2,6.161250303999997e-01,-6.161250303999997e-01,7.509260799999997e-01,1.245369599999999e-01,1.933302220784878e+00,1.942678594837104e+00,4.915880703999995e-01,,False,True,False,True,0.06
0.061,0.061,0.061,0.5,1,3.054502925678189e-01,-3.054502925678189e-01,3.757845331920003e-01,3.121077334040001e-01,9.634115297504084e-01,9.685326976743650e-01,0.000000000000000e+00,,False,False,False,True,0.061
0.061,0.061,0.061,0.5,2,3.054502925678188e-01,-3.054502925678188e-01,3.752038653537786e-01,3.123980673231112e-01,9.625903414183614e-01,9.676317932068634e-01,0.000000000000000e+00,,False,False,False,True,0.061
0.061,0.061,0.061,0.6,1,3.665403510813827e-01,-3.665403510813827e-01,4.501972398303999e-01,2.749013800848002e-01,1.155041377967372e+00,1.161084637262545e+00,9.163897099658264e-02,,False,True,False,True,0.061
0.061,0.061,0.061,0.6,2,3.665403510813826e-01,-3.665403510813826e-01,4.496165719921774e-01,2.751917140039115e-01,1.154220189635323e+00,1.160184279812237e+00,9.134863707747132e-02,,False,True,False,True,0.061
0.061,0.061,0.061,0.7,1,4.276304095949465e-01,-4.276304095949465e-01,5.246099464688001e-01,2.376950267656001e-01,1.346671226184335e+00,1.353637119976161e+00,1.899353828293465e-01,,False,True,False,True,0.061
0.061,0.061,0.061,0.7,2,4.276304095949464e-01,-4.276304095949464e-01,5.240292786305780e-01,2.379853606847113e-01,1.345850037852288e+00,1.352737154176562e+00,1.896450489102354e-01,,False,True,False,True,0.061
0.061,0.061,0.061,0.8,1,4.887204681085102e-01,-4.887204681085102e-01,5.990226531072005e-01,2.004886734464001e-01,1.538301074401299e+00,1.546189942903253e+00,2.882317946621105e-01,,False,True,False,True,0.061
0.061,0.061,0.061,0.8,2,4.887204681085102e-01,-4.887204681085102e-01,5.984419852689784e-01,2.007790073655112e-01,1.537479886069252e+00,1.545290271348238e+00,2.879414607429994e-01,,False,True,False,True,0.061
0.061,0.061,0.061,0.85,1,5.192654973652920e-01,-5.192654973652920e-01,6.362290064264005e-01,1.818854967868001e-01,1.634115998509781e+00,1.642466444555077e+00,3.373800005784923e-01,,False,True,False,True,0.061
0.061,0.061,0.061,0.85,2,5.192654973652920e-01,-5.192654973652920e-01,6.356483385881787e-01,1.821758307059112e-01,1.633294810177734e+00,1.641566894285988e+00,3.370896666593814e-01,,False,True,False,True,0.061
0.061,0.061,0.061,0.9,1,5.498105266220739e-01,-5.498105266220739e-01,6.734353597456001e-01,1.632823201272001e-01,1.729930922618263e+00,1.738742993015504e+00,3.865282064948739e-01,,False,True,False,True,0.061
0.061,0.061,0.061,0.9,2,5.498105266220737e-01,-5.498105266220737e-01,6.728546919073782e-01,1.635726540463112e-01,1.729109734286215e+00,1.737843550618081e+00,3.862378725757629e-01,,False,True,False,True,0.061
0.061,0.061,0.061,0.95,1,5.803555558788559e-01,-5.803555558788559e-01,7.106417130648004e-01,1.446791434676001e-01,1.825745846726745e+00,1.835019580916923e+00,4.356764124112561e-01,,False,True,False,True,0.061
0.061,0.061,0.061,0.95,2,5.803555558788558e-01,-5.803555558788558e-01,7.100610452265781e-01,1.449694773867112e-01,1.824924658394697e+00,1.834120235085711e+00,4.353860784921448e-01,,False,True,False,True,0.061
0.061,0.061,0.061,1.0,1,6.109005851356377e-01,-6.109005851356377e-01,7.478480663840007e-01,1.260759668080000e-01,1.921560770835227e+00,1.931296202360843e+00,4.848246183276381e-01,,False,True,False,True,0.061
0.061,0.061,0.061,1.0,2,6.109005851356376e-01,-6.109005851356376e-01,7.472673985457779e-01,1.263663007271112e-01,1.920739582503178e+00,1.930396943479179e+00,4.845342844085266e-01,,False,True,False,True,0.061
0.062,0.062,0.062,0.5,1,3.028554579312639e-01,-3.028554579312639e-01,3.740385585208888e-01,3.129807207395555e-01,9.572726983558312e-01,9.625513423379345e-01,0.000000000000000e+00,,False,False,False,True,0.062
0.062,0.062,0.062,0.5,2,3.028554579312639e-01,-3.028554579312639e-01,3.734292862293325e-01,3.132853568853333e-01,9.564110572179342e-01,9.616046177353857e-01,0.000000000000000e+00,,False,False,False,True,0.062
0.062,0.062,0.062,0.6,1,3.634265495175167e-01,-3.634265495175167e-01,4.480774702250659e-01,2.759612648874665e-01,1.147639990640244e+00,1.153867022178037e+00,8.746528463004971e-02,,False,True,False,True,0.062
0.062,0.062,0.062,0.6,2,3.634265495175166e-01,-3.634265495175166e-01,4.474681979335108e-01,2.762659010332442e-01,1.146778349502349e+00,1.152920890705120e+00,8.716064848427202e-02,,False,True,False,True,0.062
0.062,0.062,0.062,0.7,1,4.239976411037695e-01,-4.239976411037695e-01,5.221163819292444e-01,2.389418090353776e-01,1.338007282924659e+00,1.345183282590808e+00,1.850558320683917e-01,,False,True,False,True,0.062
0.062,0.062,0.062,0.7,2,4.239976411037694e-01,-4.239976411037694e-01,5.215071096376890e-01,2.392464451811555e-01,1.337145641786763e+00,1.344237575823883e+00,1.847511959226139e-01,,False,True,False,True,0.062
0.062,0.062,0.062,0.8,1,4.845687326900221e-01,-4.845687326900221e-01,5.961552936334217e-01,2.019223531832888e-01,1.528374575209072e+00,1.536499906707404e+00,2.826463795067329e-01,,False,True,False,True,0.062
0.062,0.062,0.062,0.8,2,4.845687326900222e-01,-4.845687326900222e-01,5.955460213418663e-01,2.022269893290664e-01,1.527512934071176e+00,1.535554519041171e+00,2.823417433609554e-01,,False,True,False,True,0.062
0.062,0.062,0.062,0.85,1,5.148542784831484e-01,-5.148542784831484e-01,6.331747494855110e-01,1.834126252572443e-01,1.623558221351279e+00,1.632158315186910e+00,3.314416532259039e-01,,False,True,False,True,0.062
0.062,0.062,0.062,0.85,2,5.148542784831485e-01,-5.148542784831485e-01,6.325654771939555e-01,1.837172614030221e-01,1.622696580213383e+00,1.631213059057608e+00,3.311370170801262e-01,,False,True,False,True,0.062
0.062,0.062,0.062,0.9,1,5.451398242762748e-01,-5.451398242762748e-01,6.701942053375997e-01,1.649028973311999e-01,1.718741867493486e+00,1.727816773711917e+00,3.802369269450747e-01,,False,True,False,True,0.062
0.062,0.062,0.062,0.9,2,5.451398242762747e-01,-5.451398242762747e-01,6.695849330460437e-01,1.652075334769777e-01,1.717880226355589e+00,1.726871634574200e+00,3.799322907992966e-01,,False,True,False,True,0.062
0.062,0.062,0.062,0.95,1,5.754253700694012e-01,-5.754253700694012e-01,7.072136611896885e-01,1.463931694051555e-01,1.813925513635692e+00,1.823475274406353e+00,4.290322006642455e-01,,False,True,False,True,0.062
0.062,0.062,0.062,0.95,2,5.754253700694011e-01,-5.754253700694011e-01,7.066043888981330e-01,1.466978055509333e-01,1.813063872497797e+00,1.822530240001094e+00,4.287275645184676e-01,,False,True,False,True,0.062
0.062,0.062,0.062,1.0,1,6.057109158625278e-01,-6.057109158625278e-01,7.442331170417777e-01,1.278834414791111e-01,1.909109159777901e+00,1.919133810964460e+00,4.778274743834167e-01,,False,True,False,True,0.062
0.062,0.062,0.062,1.0,2,6.057109158625279e-01,-6.057109158625279e-01,7.436238447502220e-01,1.281880776248888e-01,1.908247518640004e+00,1.918188870863476e+00,4.775228382376389e-01,,False,True,False,True,0.062
0.063,0.063,0.063,0.5,1,3.002779261847360e-01,-3.002779261847360e-01,3.723015786320004e-01,3.138492106840000e-01,9.511710574860089e-01,9.566092167770189e-01,0.000000000000000e+00,,False,False,False,True,0.063
0.063,0.063,0.063,0.5,2,3.002779261847360e-01,-3.002779261847360e-01,3.716627918959999e-01,3.141686040520000e-01,9.502676766204929e-01,9.556151188291971e-01,0.000000000000000e+00,,False,False,False,True,0.063
0.063,0.063,0.063,0.6,1,3.603335114216832e-01,-3.603335114216832e-01,4.459680943584004e-01,2.770159528208000e-01,1.140282666257399e+00,1.146695741056264e+00,8.331755860088336e-02,,False,True,False,True,0.063
0.063,0.063,0.063,0.6,2,3.603335114216832e-01,-3.603335114216832e-01,4.453293076224000e-01,2.773353461888002e-01,1.139379285391883e+00,1.145702285379455e+00,8.299816523288323e-02,,False,True,False,True,0.063
0.063,0.063,0.063,0.7,1,4.203890966586306e-01,-4.203890966586306e-01,5.196346100848002e-01,2.401826949576001e-01,1.329394275028789e+00,1.336782885269619e+00,1.802064017010307e-01,,False,True,False,True,0.063
0.063,0.063,0.063,0.7,2,4.203890966586304e-01,-4.203890966586304e-01,5.189958233488001e-01,2.405020883256000e-01,1.328490894163273e+00,1.335789889530473e+00,1.798870083330305e-01,,False,True,False,True,0.063
0.063,0.063,0.063,0.8,1,4.804446818955776e-01,-4.804446818955776e-01,5.933011258112002e-01,2.033494370944000e-01,1.518505883800178e+00,1.526870417881728e+00,2.770952448011777e-01,,False,True,False,True,0.063
0.063,0.063,0.063,0.8,2,4.804446818955776e-01,-4.804446818955776e-01,5.926623390752006e-01,2.036688304624000e-01,1.517602502934663e+00,1.525877767738728e+00,2.767758514331779e-01,,False,True,False,True,0.063
0.063,0.063,0.063,0.85,1,5.104724745140511e-01,-5.104724745140511e-01,6.301343836744001e-01,1.849328081628000e-01,1.613061688185873e+00,1.621914287162197e+00,3.255396663512511e-01,,False,True,False,True,0.063
0.063,0.063,0.063,0.85,2,5.104724745140510e-01,-5.104724745140510e-01,6.294955969384000e-01,1.852522015308000e-01,1.612158307320357e+00,1.620921779483922e+00,3.252202729832510e-01,,False,True,False,True,0.063
0.063,0.063,0.063,0.9,1,5.405002671325249e-01,-5.405002671325249e-01,6.669676415376001e-01,1.665161792312000e-01,1.707617492571568e+00,1.716958209891620e+00,3.739840879013249e-01,,False,True,False,True,0.063
0.063,0.063,0.063,0.9,2,5.405002671325247e-01,-5.405002671325247e-01,6.663288548015998e-01,1.668355725992000e-01,1.706714111706052e+00,1.715965828927304e+00,3.736646945333246e-01,,False,True,False,True,0.063
0.063,0.063,0.063,0.95,1,5.705280597509985e-01,-5.705280597509985e-01,7.038008994007997e-01,1.480995502996000e-01,1.802173296957263e+00,1.812002177659413e+00,4.224285094513984e-01,,False,True,False,True,0.063
0.063,0.063,0.063,0.95,2,5.705280597509984e-01,-5.705280597509984e-01,7.031621126648002e-01,1.484189436676000e-01,1.801269916091748e+00,1.811009910133530e+00,4.221091160833985e-01,,False,True,False,True,0.063
0.063,0.063,0.063,1.0,1,6.005558523694721e-01,-6.005558523694721e-01,7.406341572640003e-01,1.296829213680000e-01,1.896729101342958e+00,1.907046183731667e+00,4.708729310014722e-01,,False,True,False,True,0.063
0.063,0.063,0.063,1.0,2,6.005558523694721e-01,-6.005558523694721e-01,7.399953705280001e-01,1.300023147360000e-01,1.895825720477443e+00,1.906054018351102e+00,4.705535376334721e-01,,False,True,False,True,0.063
0.064,0.064,0.064,0.5,1,2.977176124948477e-01,-2.977176124948477e-01,3.705735761919995e-01,3.147132119039998e-01,9.451064626553763e-01,9.507061631468684e-01,0.000000000000000e+00,,False,False,False,True,0.064
0.064,0.064,0.064,0.5,2,2.977176124948479e-01,-2.977176124948479e-01,3.699043516871112e-01,3.150478241564443e-01,9.441600362842912e-01,9.496631111856340e-01,0.000000000000000e+00,,False,False,False,True,0.064
0.064,0.064,0.064,0.6,1,3.572611349938175e-01,-3.572611349938175e-01,4.438690914303996e-01,2.780654542847999e-01,1.132969231436156e+00,1.139570601418480e+00,7.919568070901722e-02,,False,True,False,True,0.064
0.064,0.064,0.064,0.6,2,3.572611349938174e-01,-3.572611349938174e-01,4.431998669255108e-01,2.784000665372443e-01,1.132022805065070e+00,1.138528244041159e+00,7.886106845657281e-02,,False,True,False,True,0.064
0.064,0.064,0.064,0.7,1,4.168046574927869e-01,-4.168046574927869e-01,5.171646066688002e-01,2.414176966656000e-01,1.320832000216936e+00,1.328435700963467e+00,1.753869608271870e-01,,False,True,False,True,0.064
0.064,0.064,0.064,0.7,2,4.168046574927871e-01,-4.168046574927871e-01,5.164953821639113e-01,2.417523089180443e-01,1.319885573845850e+00,1.327393841034867e+00,1.750523485747427e-01,,False,True,False,True,0.064
0.064,0.064,0.064,0.8,1,4.763481799917566e-01,-4.763481799917566e-01,5.904601219071993e-01,2.047699390464000e-01,1.508694768997715e+00,1.517301214847103e+00,2.715782409453563e-01,,False,True,False,True,0.064
0.064,0.064,0.064,0.8,2,4.763481799917564e-01,-4.763481799917564e-01,5.897908974023106e-01,2.051045512988444e-01,1.507748342626628e+00,1.516259728727346e+00,2.712436286929117e-01,,False,True,False,True,0.064
0.064,0.064,0.064,0.85,1,5.061199412412413e-01,-5.061199412412413e-01,6.271078795264000e-01,1.864460602367999e-01,1.602626153388105e+00,1.611734081647634e+00,3.196738810044413e-01,,False,True,False,True,0.064
0.064,0.064,0.064,0.85,2,5.061199412412414e-01,-5.061199412412414e-01,6.264386550215111e-01,1.867806724892444e-01,1.601679727017019e+00,1.610692749629423e+00,3.193392687519969e-01,,False,True,False,True,0.064
0.064,0.064,0.064,0.9,1,5.358917024907264e-01,-5.358917024907264e-01,6.637556371455994e-01,1.681221814271999e-01,1.696557537778494e+00,1.706167005472758e+00,3.677695210635261e-01,,False,True,False,True,0.064
0.064,0.064,0.064,0.9,2,5.358917024907262e-01,-5.358917024907262e-01,6.630864126407103e-01,1.684567936796443e-01,1.695611111407408e+00,1.705125810522069e+00,3.674349088110813e-01,,False,True,False,True,0.064
0.064,0.064,0.064,0.95,1,5.656634637402108e-01,-5.656634637402108e-01,7.004033947647997e-01,1.497983026176000e-01,1.790488922168884e+00,1.800599977350470e+00,4.158651611226107e-01,,False,True,False,True,0.064
0.064,0.064,0.064,0.95,2,5.656634637402109e-01,-5.656634637402109e-01,6.997341702599108e-01,1.501329148700443e-01,1.789542495797798e+00,1.799558905109692e+00,4.155305488701663e-01,,False,True,False,True,0.064
0.064,0.064,0.064,1.0,1,5.954352249896955e-01,-5.954352249896955e-01,7.370511523839994e-01,1.314744238079999e-01,1.884420306559273e+00,1.895032990097123e+00,4.639608011816952e-01,,False,True,False,True,0.064
0.064,0.064,0.064,1.0,2,5.954352249896958e-01,-5.954352249896958e-01,7.363819278791106e-01,1.318090360604444e-01,1.883473880188188e+00,1.893992028352269e+00,4.636261889292511e-01,,False,True,False,True,0.064
0.065,0.065,0.065,0.5,1,2.951744322999998e-01,-2.951744322999998e-01,3.688545338888890e-01,3.155727330555554e-01,9.390787697929118e-01,9.448420241585717e-01,0.000000000000000e+00,,False,False,False,True,0.065
0.065,0.065,0.065,0.5,2,2.951744322999999e-01,-2.951744322999999e-01,3.681539349999999e-01,3.159230324999999e-01,9.380879733424616e-01,9.437484099898901e-01,0.000000000000000e+00,,False,False,False,True,0.065
0.065,0.065,0.065,0.6,1,3.542093187599997e-01,-3.542093187599997e-01,4.417804406666662e-01,2.791097796666667e-01,1.125699513291288e+00,1.132491411450095e+00,7.509953909333283e-02,,False,True,False,True,0.065
0.065,0.065,0.065,0.6,2,3.542093187599998e-01,-3.542093187599998e-01,4.410798417777781e-01,2.794600791111110e-01,1.124708716840839e+00,1.131398547496209e+00,7.474923964888891e-02,,False,True,False,True,0.065
0.065,0.065,0.065,0.7,1,4.132442052199998e-01,-4.132442052199998e-01,5.147063474444439e-01,2.426468262777778e-01,1.312320256789665e+00,1.320141503396526e+00,1.705973789422218e-01,,False,True,False,True,0.065
0.065,0.065,0.065,0.7,2,4.132442052199997e-01,-4.132442052199997e-01,5.140057485555550e-01,2.429971257222222e-01,1.311329460339215e+00,1.319049176787682e+00,1.702470794977772e-01,,False,True,False,True,0.065
0.065,0.065,0.065,0.8,1,4.722790916799998e-01,-4.722790916799998e-01,5.876322542222217e-01,2.061838728888888e-01,1.498941000288042e+00,1.507792036907445e+00,2.660952187911106e-01,,False,True,False,True,0.065
0.065,0.065,0.065,0.8,2,4.722790916799998e-01,-4.722790916799998e-01,5.869316553333332e-01,2.065341723333332e-01,1.497950203837593e+00,1.506700114117487e+00,2.657449193466664e-01,,False,True,False,True,0.065
0.065,0.065,0.065,0.85,1,5.017965349099996e-01,-5.017965349099996e-01,6.240952076111111e-01,1.879523961944444e-01,1.592251372037231e+00,1.601617420747962e+00,3.138441387155552e-01,,False,True,False,True,0.065
0.065,0.065,0.065,0.85,2,5.017965349099998e-01,-5.017965349099998e-01,6.233946087222220e-01,1.883026956388888e-01,1.591260575586781e+00,1.600525664438549e+00,3.134938392711107e-01,,False,True,False,True,0.065
0.065,0.065,0.065,0.9,1,5.313139781399997e-01,-5.313139781399997e-01,6.605581609999995e-01,1.697209195000000e-01,1.685561743786419e+00,1.695442865366632e+00,3.615930586399995e-01,,False,True,False,True,0.065
0.065,0.065,0.065,0.9,2,5.313139781399997e-01,-5.313139781399997e-01,6.598575621111105e-01,1.700712189444444e-01,1.684570947335969e+00,1.694351257139050e+00,3.612427591955549e-01,,False,True,False,True,0.065
0.065,0.065,0.065,0.95,1,5.608314213699995e-01,-5.608314213699995e-01,6.970211143888885e-01,1.514894428055555e-01,1.778872115535608e+00,1.789268361202223e+00,4.093419785644438e-01,,False,True,False,True,0.065
0.065,0.065,0.065,0.95,2,5.608314213699996e-01,-5.608314213699996e-01,6.963205155000001e-01,1.518397422500000e-01,1.777881319085158e+00,1.788176885548049e+00,4.089916791199997e-01,,False,True,False,True,0.065
0.065,0.065,0.065,1.0,1,5.903488645999996e-01,-5.903488645999996e-01,7.334840677777772e-01,1.332579661111110e-01,1.872182487284796e+00,1.883093900599058e+00,4.570908984888882e-01,,False,True,False,True,0.065
0.065,0.065,0.065,1.0,2,5.903488645999998e-01,-5.903488645999998e-01,7.327834688888881e-01,1.336082655555556e-01,1.871191690834346e+00,1.882002544324891e+00,4.567405990444439e-01,,False,True,False,True,0.065
0.066,0.066,0.066,0.5,1,2.926483013099518e-01,-2.926483013099518e-01,3.671444344319995e-01,3.164277827839999e-01,9.330878352415151e-01,9.390166430771995e-01,0.000000000000000e+00,,False,False,False,True,0.066
0.066,0.066,0.066,0.5,2,2.926483013099519e-01,-2.926483013099519e-01,3.664115112960001e-01,3.167942443519998e-01,9.320513254024076e-01,9.378708309139786e-01,0.000000000000000e+00,,False,False,False,True,0.066
0.066,0.066,0.066,0.6,1,3.511779615719422e-01,-3.511779615719422e-01,4.397021213184000e-01,2.801489393408000e-01,1.118473339434279e+00,1.125457979998766e+00,7.102902223114221e-02,,False,True,False,True,0.066
0.066,0.066,0.066,0.6,2,3.511779615719422e-01,-3.511779615719422e-01,4.389691981823998e-01,2.805154009088000e-01,1.117436829595171e+00,1.124312977149554e+00,7.066256066314208e-02,,False,True,False,True,0.066
0.066,0.066,0.066,0.7,1,4.097076218339325e-01,-4.097076218339325e-01,5.122598082047993e-01,2.438700958976000e-01,1.303858843627042e+00,1.311900067064309e+00,1.658375259363322e-01,,False,True,False,True,0.066
0.066,0.066,0.066,0.7,2,4.097076218339326e-01,-4.097076218339326e-01,5.115268850688002e-01,2.442365574655999e-01,1.302822333787935e+00,1.310755643950475e+00,1.654710643683326e-01,,False,True,False,True,0.066
0.066,0.066,0.066,0.8,1,4.682372820959231e-01,-4.682372820959231e-01,5.848174950911993e-01,2.075912524543999e-01,1.489244347819806e+00,1.498342624247635e+00,2.606460296415227e-01,,False,True,False,True,0.066
0.066,0.066,0.066,0.8,2,4.682372820959230e-01,-4.682372820959230e-01,5.840845719551997e-01,2.079577140224000e-01,1.488207837980698e+00,1.497198636842374e+00,2.602795680735228e-01,,False,True,False,True,0.066
0.066,0.066,0.066,0.85,1,4.975021122269181e-01,-4.975021122269181e-01,6.210963385343995e-01,1.894518307327999e-01,1.581937099916188e+00,1.591564027503867e+00,3.080502814941179e-01,,False,True,False,True,0.066
0.066,0.066,0.066,0.85,2,4.975021122269181e-01,-4.975021122269181e-01,6.203634153983996e-01,1.898182923007999e-01,1.580900590077080e+00,1.590420219734410e+00,3.076838199261179e-01,,False,True,False,True,0.066
0.066,0.066,0.066,0.9,1,5.267669423579133e-01,-5.267669423579133e-01,6.573751819775997e-01,1.713124090111999e-01,1.674629852012570e+00,1.684785495475537e+00,3.554545333467132e-01,,False,True,False,True,0.066
0.066,0.066,0.066,0.9,2,5.267669423579132e-01,-5.267669423579132e-01,6.566422588415995e-01,1.716788705791999e-01,1.673593342173462e+00,1.683641847493348e+00,3.550880717787130e-01,,False,True,False,True,0.066
0.066,0.066,0.066,0.95,1,5.560317724889086e-01,-5.560317724889086e-01,6.936540254207991e-01,1.531729872895999e-01,1.767322604108951e+00,1.778007017983490e+00,4.028587851993081e-01,,False,True,False,True,0.066
0.066,0.066,0.066,0.95,2,5.560317724889083e-01,-5.560317724889083e-01,6.929211022847993e-01,1.535394488576000e-01,1.766286094269843e+00,1.776863513057475e+00,4.024923236313080e-01,,False,True,False,True,0.066
0.066,0.066,0.066,1.0,1,5.852966026199037e-01,-5.852966026199037e-01,7.299328688639997e-01,1.350335655679999e-01,1.860015356205334e+00,1.871228586877007e+00,4.502630370519035e-01,,False,True,False,True,0.066
0.066,0.066,0.066,1.0,2,5.852966026199038e-01,-5.852966026199038e-01,7.291999457279994e-01,1.354000271360000e-01,1.858978846366225e+00,1.870085210773155e+00,4.498965754839035e-01,,False,True,False,True,0.066
0.067,0.067,0.067,0.5,1,2.901391355053971e-01,-2.901391355053971e-01,3.654432605519998e-01,3.172783697240000e-01,9.271335157574205e-01,9.332298637199649e-01,0.000000000000000e+00,,False,False,False,True,0.067
0.067,0.067,0.067,0.5,2,2.901391355053972e-01,-2.901391355053972e-01,3.646770501004444e-01,3.176614749497777e-01,9.260499305451991e-01,9.320301901157092e-01,0.000000000000000e+00,,False,False,False,True,0.067
0.067,0.067,0.067,0.6,1,3.481669626064766e-01,-3.481669626064766e-01,4.376341126623996e-01,2.811829436687999e-01,1.111290537972606e+00,1.118470116572500e+00,6.698401893767636e-02,,False,True,False,True,0.067
0.067,0.067,0.067,0.6,2,3.481669626064766e-01,-3.481669626064766e-01,4.368679022108444e-01,2.815660488945776e-01,1.110206952760384e+00,1.117271315004057e+00,6.660091371189880e-02,,False,True,False,True,0.067
0.067,0.067,0.067,0.7,1,4.061947897075560e-01,-4.061947897075560e-01,5.098249647727997e-01,2.450875176136000e-01,1.295447560187792e+00,1.303711167231687e+00,1.611072720939559e-01,,False,True,False,True,0.067
0.067,0.067,0.067,0.7,2,4.061947897075560e-01,-4.061947897075560e-01,5.090587543212444e-01,2.454706228393777e-01,1.294363974975570e+00,1.302512990394588e+00,1.607241668681782e-01,,False,True,False,True,0.067
0.067,0.067,0.067,0.8,1,4.642226168086355e-01,-4.642226168086355e-01,5.820158168831996e-01,2.089920915584000e-01,1.479604582402977e+00,1.488952717931467e+00,2.552305252502353e-01,,False,True,False,True,0.067
0.067,0.067,0.067,0.8,2,4.642226168086354e-01,-4.642226168086354e-01,5.812496064316444e-01,2.093751967841777e-01,1.478520997190756e+00,1.487755010656793e+00,2.548474200244575e-01,,False,True,False,True,0.067
0.067,0.067,0.067,0.85,1,4.932365303591752e-01,-4.932365303591752e-01,6.181112429383994e-01,1.909443785307999e-01,1.571683093510570e+00,1.581573625889874e+00,3.022921518283749e-01,,False,True,False,True,0.067
0.067,0.067,0.067,0.85,2,4.932365303591752e-01,-4.932365303591752e-01,6.173450324868441e-01,1.913274837565778e-01,1.570599508298348e+00,1.580376112217519e+00,3.019090466025973e-01,,False,True,False,True,0.067
0.067,0.067,0.067,0.9,1,5.222504439097150e-01,-5.222504439097150e-01,6.542066689935996e-01,1.728966655031999e-01,1.663761604618163e+00,1.674194602690614e+00,3.493537784065148e-01,,False,True,False,True,0.067
0.067,0.067,0.067,0.9,2,5.222504439097148e-01,-5.222504439097148e-01,6.534404585420441e-01,1.732797707289777e-01,1.662678019405941e+00,1.672997261233300e+00,3.489706731807368e-01,,False,True,False,True,0.067
0.067,0.067,0.067,0.95,1,5.512643574602547e-01,-5.512643574602547e-01,6.903020950487994e-01,1.548489524756000e-01,1.755840115725755e+00,1.766815637507014e+00,3.964154049846544e-01,,False,True,False,True,0.067
0.067,0.067,0.067,0.95,2,5.512643574602545e-01,-5.512643574602545e-01,6.895358845972440e-01,1.552320577013777e-01,1.754756530513534e+00,1.765618450235918e+00,3.960322997588765e-01,,False,True,False,True,0.067
0.067,0.067,0.067,1.0,1,5.802782710107942e-01,-5.802782710107942e-01,7.263975211039994e-01,1.368012394480000e-01,1.847918626833348e+00,1.859436721669562e+00,4.434770315627939e-01,,False,True,False,True,0.067
0.067,0.067,0.067,1.0,2,5.802782710107944e-01,-5.802782710107944e-01,7.256313106524441e-01,1.371843446737777e-01,1.846835041621127e+00,1.858239673246119e+00,4.430939263370165e-01,,False,True,False,True,0.067
0.068,0.068,0.068,0.5,1,2.876468511375357e-01,-2.876468511375357e-01,3.637509950008887e-01,3.181245024995553e-01,9.212156685095825e-01,9.274815304543291e-01,0.000000000000000e+00,,False,False,False,True,0.068
0.068,0.068,0.068,0.5,2,2.876468511375357e-01,-2.876468511375357e-01,3.629505210026659e-01,3.185247394986664e-01,9.200836273249686e-01,9.262263042376765e-01,0.000000000000000e+00,,False,False,False,True,0.068
0.068,0.068,0.068,0.6,1,3.451762213650428e-01,-3.451762213650428e-01,4.355763940010660e-01,2.822118029994664e-01,1.104150937509015e+00,1.111527631337738e+00,6.296441836557581e-02,,False,True,False,True,0.068
0.068,0.068,0.068,0.6,2,3.451762213650427e-01,-3.451762213650427e-01,4.347759200028439e-01,2.826120399985775e-01,1.103018896324403e+00,1.110273343659422e+00,6.256418136646469e-02,,False,True,False,True,0.068
0.068,0.068,0.068,0.7,1,4.027055915925501e-01,-4.027055915925501e-01,5.074017930012438e-01,2.462991034993775e-01,1.287086206508450e+00,1.295574579930901e+00,1.564064880931720e-01,,False,True,False,True,0.068
0.068,0.068,0.068,0.7,2,4.027055915925501e-01,-4.027055915925501e-01,5.066013190030220e-01,2.466993404984887e-01,1.285954165323837e+00,1.294320964700035e+00,1.560062510940611e-01,,False,True,False,True,0.068
0.068,0.068,0.068,0.8,1,4.602349618200571e-01,-4.602349618200571e-01,5.792271920014211e-01,2.103864039992887e-01,1.470021475507883e+00,1.479622059899568e+00,2.498485578207676e-01,,False,True,False,True,0.068
0.068,0.068,0.068,0.8,2,4.602349618200571e-01,-4.602349618200571e-01,5.784267180031991e-01,2.107866409983997e-01,1.468889434323270e+00,1.478368950135874e+00,2.494483208216567e-01,,False,True,False,True,0.068
0.068,0.068,0.068,0.85,1,4.889996469338105e-01,-4.889996469338105e-01,6.151398915015107e-01,1.924300542492444e-01,1.561489110007600e+00,1.571645940812220e+00,2.965695926845658e-01,,False,True,False,True,0.068
0.068,0.068,0.068,0.85,2,4.889996469338105e-01,-4.889996469338105e-01,6.143394175032887e-01,1.928302912483554e-01,1.560357068822988e+00,1.570393039464543e+00,2.961693556854549e-01,,False,True,False,True,0.068
0.068,0.068,0.068,0.9,1,5.177643320475641e-01,-5.177643320475641e-01,6.510525910015992e-01,1.744737044991998e-01,1.652956744507317e+00,1.663669894889675e+00,3.432906275483637e-01,,False,True,False,True,0.068
0.068,0.068,0.068,0.9,2,5.177643320475641e-01,-5.177643320475641e-01,6.502521170033766e-01,1.748739414983109e-01,1.651824703322704e+00,1.662417178939189e+00,3.428903905492524e-01,,False,True,False,True,0.068
0.068,0.068,0.068,0.95,1,5.465290171613177e-01,-5.465290171613177e-01,6.869652905016884e-01,1.565173547491554e-01,1.744424379007034e+00,1.755693910627231e+00,3.900116624121620e-01,,False,True,False,True,0.068
0.068,0.068,0.068,0.95,2,5.465290171613177e-01,-5.465290171613177e-01,6.861648165034657e-01,1.569175917482665e-01,1.743292337822421e+00,1.754441360669032e+00,3.896114254130506e-01,,False,True,False,True,0.068
0.068,0.068,0.068,1.0,1,5.752937022750714e-01,-5.752937022750714e-01,7.228779900017769e-01,1.385610049991110e-01,1.835892013506751e+00,1.847717978812100e+00,4.367326972759598e-01,,False,True,False,True,0.068
0.068,0.068,0.068,1.0,2,5.752937022750714e-01,-5.752937022750714e-01,7.220775160035547e-01,1.389612419982221e-01,1.834759972322138e+00,1.846465578336322e+00,4.363324602768487e-01,,False,True,False,True,0.068
0.069,0.069,0.069,0.5,1,2.851713647276478e-01,-2.851713647276478e-01,3.620676205519993e-01,3.189661897239999e-01,9.153341510790768e-01,9.217714881961053e-01,0.000000000000000e+00,,False,False,False,True,0.069
0.069,0.069,0.069,0.5,2,2.851713647276478e-01,-2.851713647276478e-01,3.612318936559993e-01,3.193840531720001e-01,9.141522547683136e-01,9.204589904062609e-01,0.000000000000000e+00,,False,False,False,True,0.069
0.069,0.069,0.069,0.6,1,3.422056376731774e-01,-3.422056376731774e-01,4.335289446623997e-01,2.832355276687999e-01,1.097054367140801e+00,1.104630335117409e+00,5.897011000437724e-02,,False,True,False,True,0.069
0.069,0.069,0.069,0.6,2,3.422056376731775e-01,-3.422056376731775e-01,4.326932177663999e-01,2.836533911167999e-01,1.095872470830038e+00,1.103318846311160e+00,5.855224655637742e-02,,False,True,False,True,0.069
0.069,0.069,0.069,0.7,1,3.992399106187070e-01,-3.992399106187070e-01,5.049902687727996e-01,2.475048656136000e-01,1.278774583202525e+00,1.287490081959558e+00,1.517350450051068e-01,,False,True,False,True,0.069
0.069,0.069,0.069,0.7,2,3.992399106187069e-01,-3.992399106187069e-01,5.041545418767996e-01,2.479227290616000e-01,1.277592686891762e+00,1.286179316154383e+00,1.513171815571067e-01,,False,True,False,True,0.069
0.069,0.069,0.069,0.8,1,4.562741835642365e-01,-4.562741835642365e-01,5.764515928831997e-01,2.117742035583999e-01,1.460494799264249e+00,1.470350392967321e+00,2.444999800058363e-01,,False,True,False,True,0.069
0.069,0.069,0.069,0.8,2,4.562741835642366e-01,-4.562741835642366e-01,5.756158659871995e-01,2.121920670063999e-01,1.459312902953486e+00,1.469040170673905e+00,2.440821165578363e-01,,False,True,False,True,0.069
0.069,0.069,0.069,0.85,1,4.847913200370013e-01,-4.847913200370013e-01,6.121822549383997e-01,1.939088725308000e-01,1.551354907295111e+00,1.561780698106725e+00,2.908824475062011e-01,,False,True,False,True,0.069
0.069,0.069,0.069,0.85,2,4.847913200370011e-01,-4.847913200370011e-01,6.113465280423995e-01,1.943267359788000e-01,1.550173010984348e+00,1.560470699927063e+00,2.904645840582009e-01,,False,True,False,True,0.069
0.069,0.069,0.069,0.9,1,5.133084565097660e-01,-5.133084565097660e-01,6.479129169935994e-01,1.760435415032000e-01,1.642215015325973e+00,1.653211080935031e+00,3.372649150065657e-01,,False,True,False,True,0.069
0.069,0.069,0.069,0.9,2,5.133084565097660e-01,-5.133084565097660e-01,6.470771900975995e-01,1.764614049512000e-01,1.641033119015210e+00,1.651901282121959e+00,3.368470515585657e-01,,False,True,False,True,0.069
0.069,0.069,0.069,0.95,1,5.418255929825309e-01,-5.418255929825309e-01,6.836435790487997e-01,1.581782104756000e-01,1.733075123356835e+00,1.744641529238054e+00,3.836473825069307e-01,,False,True,False,True,0.069
0.069,0.069,0.069,0.95,2,5.418255929825307e-01,-5.418255929825307e-01,6.828078521527996e-01,1.585960739235999e-01,1.731893227046072e+00,1.743331908928865e+00,3.832295190589305e-01,,False,True,False,True,0.069
0.069,0.069,0.069,1.0,1,5.703427294552956e-01,-5.703427294552956e-01,7.193742411039996e-01,1.403128794480000e-01,1.823935231387697e+00,1.836072033234505e+00,4.300298500072954e-01,,False,True,False,True,0.069
0.069,0.069,0.069,1.0,2,5.703427294552956e-01,-5.703427294552956e-01,7.185385142079995e-01,1.407307428960000e-01,1.822753335076933e+00,1.834762573678411e+00,4.296119865592954e-01,,False,True,False,True,0.069
0.07,0.07,0.07,0.5,1,2.827125930666665e-01,-2.827125930666665e-01,3.603931200000000e-01,3.198034399999999e-01,9.094888214584997e-01,9.160995824075305e-01,0.000000000000000e+00,,False,False,False,True,0.07
0.07,0.07,0.07,0.5,2,2.827125930666665e-01,-2.827125930666665e-01,3.595211377777775e-01,3.202394311111111e-01,9.082556523736844e-01,9.147280662306284e-01,0.000000000000000e+00,,False,False,False,True,0.07
0.07,0.07,0.07,0.6,1,3.392551116799997e-01,-3.392551116799997e-01,4.314917439999998e-01,2.842541279999999e-01,1.090000656459074e+00,1.097778039388966e+00,5.500098367999962e-02,,False,True,False,True,0.07
0.07,0.07,0.07,0.6,2,3.392551116799999e-01,-3.392551116799999e-01,4.306197617777782e-01,2.846901191111110e-01,1.088767487374260e+00,1.096407606749533e+00,5.456499256888897e-02,,False,True,False,True,0.07
0.07,0.07,0.07,0.7,1,3.957976302933331e-01,-3.957976302933331e-01,5.025903679999999e-01,2.487048160000000e-01,1.270512491459648e+00,1.279457450878603e+00,1.470928142933330e-01,,False,True,False,True,0.07
0.07,0.07,0.07,0.7,2,3.957976302933331e-01,-3.957976302933331e-01,5.017183857777774e-01,2.491408071111111e-01,1.269279322374833e+00,1.278087794751638e+00,1.466568231822218e-01,,False,True,False,True,0.07
0.07,0.07,0.07,0.8,1,4.523401489066662e-01,-4.523401489066662e-01,5.736889919999999e-01,2.131555039999998e-01,1.451024326460223e+00,1.461137460822740e+00,2.391846449066662e-01,,False,True,False,True,0.07
0.07,0.07,0.07,0.8,2,4.523401489066664e-01,-4.523401489066664e-01,5.728170097777773e-01,2.135914951111110e-01,1.449791157375407e+00,1.459768388483131e+00,2.387486537955550e-01,,False,True,False,True,0.07
0.07,0.07,0.07,0.85,1,4.806114082133331e-01,-4.806114082133331e-01,6.092383039999998e-01,1.953808479999999e-01,1.541280243960510e+00,1.551977624536642e+00,2.852305602133330e-01,,False,True,False,True,0.07
0.07,0.07,0.07,0.85,2,4.806114082133329e-01,-4.806114082133329e-01,6.083663217777774e-01,1.958168391111110e-01,1.540047074875694e+00,1.550608792930344e+00,2.847945691022216e-01,,False,True,False,True,0.07
0.07,0.07,0.07,0.9,1,5.088826675199997e-01,-5.088826675199997e-01,6.447876159999991e-01,1.776061919999999e-01,1.631536161460796e+00,1.642817870671284e+00,3.312764755199992e-01,,False,True,False,True,0.07
0.07,0.07,0.07,0.9,2,5.088826675199998e-01,-5.088826675199998e-01,6.439156337777775e-01,1.780421831111110e-01,1.630302992375982e+00,1.641449253221930e+00,3.308404844088885e-01,,False,True,False,True,0.07
0.07,0.07,0.07,0.95,1,5.371539268266664e-01,-5.371539268266664e-01,6.803369279999998e-01,1.598315359999999e-01,1.721792078961084e+00,1.733658186270621e+00,3.773223908266663e-01,,False,True,False,True,0.07
0.07,0.07,0.07,0.95,2,5.371539268266665e-01,-5.371539268266665e-01,6.794649457777772e-01,1.602675271111111e-01,1.720558909876269e+00,1.732289760572527e+00,3.768863997155551e-01,,False,True,False,True,0.07
0.07,0.07,0.07,1.0,1,5.654251861333329e-01,-5.654251861333329e-01,7.158862399999995e-01,1.420568799999999e-01,1.812047996461371e+00,1.824498560958874e+00,4.233683061333327e-01,,False,True,False,True,0.07
0.07,0.07,0.07,1.0,2,5.654251861333330e-01,-5.654251861333330e-01,7.150142577777777e-01,1.424928711111110e-01,1.810814827376557e+00,1.823130307947757e+00,4.229323150222219e-01,,False,True,False,True,0.07
0.071,0.071,0.071,0.5,1,2.802704532147520e-01,-2.802704532147520e-01,3.587274761608889e-01,3.206362619195555e-01,9.036795380513564e-01,9.104656590953084e-01,0.000000000000000e+00,,False,False,False,True,0.071
0.071,0.071,0.071,0.5,2,2.802704532147521e-01,-2.802704532147521e-01,3.578182231493333e-01,3.210908884253334e-01,9.023936601107860e-01,9.090333498017520e-01,0.000000000000000e+00,,False,False,False,True,0.071
0.071,0.071,0.071,0.6,1,3.363245438577025e-01,-3.363245438577025e-01,4.294647713930666e-01,2.852676143034666e-01,1.082989635548043e+00,1.090970556282415e+00,5.105692955423580e-02,,False,True,False,True,0.071
0.071,0.071,0.071,0.6,2,3.363245438577024e-01,-3.363245438577024e-01,4.285555183815115e-01,2.857222408092444e-01,1.081703757607473e+00,1.089539409358538e+00,5.060230304845820e-02,,False,True,False,True,0.071
0.071,0.071,0.071,0.7,1,3.923786345006529e-01,-3.923786345006529e-01,5.002020666252445e-01,2.498989666873777e-01,1.262299733044730e+00,1.271476465010285e+00,1.424796678132751e-01,,False,True,False,True,0.071
0.071,0.071,0.071,0.7,2,3.923786345006529e-01,-3.923786345006529e-01,4.992928136136892e-01,2.503535931931555e-01,1.261013855104160e+00,1.270046151191162e+00,1.420250413074975e-01,,False,True,False,True,0.071
0.071,0.071,0.071,0.8,1,4.484327251436033e-01,-4.484327251436033e-01,5.709393618574223e-01,2.145303190712889e-01,1.441609830541417e+00,1.451983008024377e+00,2.339024060723145e-01,,False,True,False,True,0.071
0.071,0.071,0.071,0.8,2,4.484327251436032e-01,-4.484327251436032e-01,5.700301088458668e-01,2.149849455770666e-01,1.440323952600846e+00,1.450553320592592e+00,2.334477795665366e-01,,False,True,False,True,0.071
0.071,0.071,0.071,0.85,1,4.764597704650784e-01,-4.764597704650784e-01,6.063080094735110e-01,1.968459952632445e-01,1.531264879289760e+00,1.542236447790502e+00,2.796137752018339e-01,,False,True,False,True,0.071
0.071,0.071,0.071,0.85,2,4.764597704650784e-01,-4.764597704650784e-01,6.053987564619555e-01,1.973006217690223e-01,1.529979001349190e+00,1.540807018672121e+00,2.791591486960561e-01,,False,True,False,True,0.071
0.071,0.071,0.071,0.9,1,5.044868157865537e-01,-5.044868157865537e-01,6.416766570896003e-01,1.791616714551999e-01,1.620919928038104e+00,1.632489974923143e+00,3.253251443313539e-01,,False,True,False,True,0.071
0.071,0.071,0.071,0.9,2,5.044868157865535e-01,-5.044868157865535e-01,6.407674040780440e-01,1.796162979609778e-01,1.619634050097532e+00,1.631060775607545e+00,3.248705178255755e-01,,False,True,False,True,0.071
0.071,0.071,0.071,0.95,1,5.325138611080288e-01,-5.325138611080288e-01,6.770453047056889e-01,1.614773476471555e-01,1.710574976786447e+00,1.722743575691055e+00,3.710365134608732e-01,,False,True,False,True,0.071
0.071,0.071,0.071,0.95,2,5.325138611080289e-01,-5.325138611080289e-01,6.761360516941330e-01,1.619319741529333e-01,1.709289098845876e+00,1.721314582140885e+00,3.705818869550954e-01,,False,True,False,True,0.071
0.071,0.071,0.071,1.0,1,5.605409064295039e-01,-5.605409064295039e-01,7.124139523217776e-01,1.437930238391110e-01,1.800230025534790e+00,1.812997239097231e+00,4.167478825903927e-01,,False,True,False,True,0.071
0.071,0.071,0.071,1.0,2,5.605409064295042e-01,-5.605409064295042e-01,7.115046993102221e-01,1.442476503448889e-01,1.798944147594220e+00,1.811568430859116e+00,4.162932560846152e-01,,False,True,False,True,0.071
0.072,0.072,0.072,0.5,1,2.778448625008640e-01,-2.778448625008640e-01,3.570706718720004e-01,3.214646640639999e-01,8.979061596714657e-01,9.048695648086431e-01,0.000000000000000e+00,,False,False,False,True,0.072
0.072,0.072,0.072,0.5,2,2.778448625008640e-01,-2.778448625008640e-01,3.561231196159999e-01,3.219384401920002e-01,8.965661184199726e-01,9.033746596914390e-01,0.000000000000000e+00,,False,False,False,True,0.072
0.072,0.072,0.072,0.6,1,3.334138350010368e-01,-3.334138350010368e-01,4.274480062463999e-01,2.862759968768001e-01,1.076021134984290e+00,1.084207698578314e+00,4.713783812423672e-02,,False,True,False,True,0.072
0.072,0.072,0.072,0.6,2,3.334138350010368e-01,-3.334138350010368e-01,4.265004539903995e-01,2.867497730048001e-01,1.074681093732797e+00,1.082714039114882e+00,4.666406199623657e-02,,False,True,False,True,0.072
0.072,0.072,0.072,0.7,1,3.889828075012096e-01,-3.889828075012096e-01,4.978253406208004e-01,2.510873296896000e-01,1.254136110297115e+00,1.263546903436100e+00,1.378954778116098e-01,,False,True,False,True,0.072
0.072,0.072,0.072,0.7,2,3.889828075012096e-01,-3.889828075012096e-01,4.968777883647999e-01,2.515611058176002e-01,1.252796069045622e+00,1.262054136876573e+00,1.374217016836095e-01,,False,True,False,True,0.072
0.072,0.072,0.072,0.8,1,4.445517800013825e-01,-4.445517800013825e-01,5.682026749951999e-01,2.158986625024000e-01,1.432251085609939e+00,1.442886779999177e+00,2.286531174989825e-01,,False,True,False,True,0.072
0.072,0.072,0.072,0.8,2,4.445517800013825e-01,-4.445517800013825e-01,5.672551227392002e-01,2.163724386304001e-01,1.430911044358447e+00,1.441394684846954e+00,2.281793413709826e-01,,False,True,False,True,0.072
0.072,0.072,0.072,0.85,1,4.723362662514687e-01,-4.723362662514687e-01,6.033913421824000e-01,1.983043289088000e-01,1.521308573266351e+00,1.532556896479940e+00,2.740319373426687e-01,,False,True,False,True,0.072
0.072,0.072,0.072,0.85,2,4.723362662514688e-01,-4.723362662514688e-01,6.024437899264004e-01,1.987781050368000e-01,1.519968532014859e+00,1.531065078221384e+00,2.735581612146690e-01,,False,True,False,True,0.072
0.072,0.072,0.072,0.9,1,5.001207525015553e-01,-5.001207525015553e-01,6.385800093696002e-01,1.807099953152000e-01,1.610366060922764e+00,1.622227105493186e+00,3.194107571863554e-01,,False,True,False,True,0.072
0.072,0.072,0.072,0.9,2,5.001207525015552e-01,-5.001207525015552e-01,6.376324571135998e-01,1.811837714432000e-01,1.609026019671271e+00,1.620735533574122e+00,3.189369810583551e-01,,False,True,False,True,0.072
0.072,0.072,0.072,0.95,1,5.279052387516416e-01,-5.279052387516416e-01,6.737686765568003e-01,1.631156617216000e-01,1.699423548579176e+00,1.711897392498195e+00,3.647895770300418e-01,,False,True,False,True,0.072
0.072,0.072,0.072,0.95,2,5.279052387516416e-01,-5.279052387516416e-01,6.728211243008000e-01,1.635894378496001e-01,1.698083507327684e+00,1.710406041157269e+00,3.643158009020416e-01,,False,True,False,True,0.072
0.072,0.072,0.072,1.0,1,5.556897250017281e-01,-5.556897250017281e-01,7.089573437440001e-01,1.455213281279999e-01,1.788481036235588e+00,1.801567745849203e+00,4.101683968737281e-01,,False,True,False,True,0.072
0.072,0.072,0.072,1.0,2,5.556897250017281e-01,-5.556897250017281e-01,7.080097914879999e-01,1.459951042560000e-01,1.787140994984096e+00,1.800076593165277e+00,4.096946207457280e-01,,False,True,False,True,0.072
0.073,0.073,0.073,0.5,1,2.754357385223358e-01,-2.754357385223358e-01,3.554226899919995e-01,3.222886550039999e-01,8.921685455423505e-01,8.993111466372326e-01,0.000000000000000e+00,,False,False,False,True,0.073
0.073,0.073,0.073,0.5,2,2.754357385223359e-01,-2.754357385223359e-01,3.544357970871108e-01,3.227821014564442e-01,8.907728682116471e-01,8.977518149513709e-01,0.000000000000000e+00,,False,False,False,True,0.073
0.073,0.073,0.073,0.6,1,3.305228862268030e-01,-3.305228862268030e-01,4.254414279903996e-01,2.872792860047998e-01,1.069094985836044e+00,1.077489279705755e+00,4.324360022200280e-02,,False,True,False,True,0.073
0.073,0.073,0.073,0.6,2,3.305228862268029e-01,-3.305228862268029e-01,4.244545350855110e-01,2.877727324572444e-01,1.067699308505340e+00,1.075931281586986e+00,4.275015376955843e-02,,False,True,False,True,0.073
0.073,0.073,0.073,0.7,1,3.856100339312700e-01,-3.856100339312700e-01,4.954601659887998e-01,2.522699170055999e-01,1.246021426129737e+00,1.255668545994721e+00,1.333401169256699e-01,,False,True,False,True,0.073
0.073,0.073,0.073,0.7,2,3.856100339312701e-01,-3.856100339312701e-01,4.944732730839104e-01,2.527633634580443e-01,1.244625748799033e+00,1.254111503914689e+00,1.328466704732253e-01,,False,True,False,True,0.073
0.073,0.073,0.073,0.8,1,4.406971816357374e-01,-4.406971816357374e-01,5.654789039871990e-01,2.172605480063999e-01,1.422947866423429e+00,1.433848523040347e+00,2.234366336293369e-01,,False,True,False,True,0.073
0.073,0.073,0.073,0.8,2,4.406971816357374e-01,-4.406971816357374e-01,5.644920110823108e-01,2.177539944588444e-01,1.421552189092727e+00,1.432292199905360e+00,2.229431871768928e-01,,False,True,False,True,0.073
0.073,0.073,0.073,0.85,1,4.682407554879708e-01,-4.682407554879708e-01,6.004882729863996e-01,1.997558635067999e-01,1.511411086570276e+00,1.522938700137513e+00,2.684848919811706e-01,,False,True,False,True,0.073
0.073,0.073,0.073,0.85,2,4.682407554879709e-01,-4.682407554879709e-01,5.995013800815110e-01,2.002493099592443e-01,1.510015409239573e+00,1.521382673517195e+00,2.679914455287264e-01,,False,True,False,True,0.073
0.073,0.073,0.073,0.9,1,4.957843293402044e-01,-4.957843293402044e-01,6.354976419855997e-01,1.822511790071999e-01,1.599874306717123e+00,1.612028975159657e+00,3.135331503330042e-01,,False,True,False,True,0.073
0.073,0.073,0.073,0.9,2,4.957843293402046e-01,-4.957843293402046e-01,6.345107490807110e-01,1.827446254596444e-01,1.598478629386420e+00,1.610473212342610e+00,3.130397038805601e-01,,False,True,False,True,0.073
0.073,0.073,0.073,0.95,1,5.233279031924380e-01,-5.233279031924380e-01,6.705070109847997e-01,1.647464945076000e-01,1.688337526863970e+00,1.701119332721328e+00,3.585814086848379e-01,,False,True,False,True,0.073
0.073,0.073,0.073,0.95,2,5.233279031924382e-01,-5.233279031924382e-01,6.695201180799102e-01,1.652399409600445e-01,1.686941849533265e+00,1.699563806126185e+00,3.580879622323933e-01,,False,True,False,True,0.073
0.073,0.073,0.073,1.0,1,5.508714770446717e-01,-5.508714770446717e-01,7.055163799839997e-01,1.472418100079999e-01,1.776800747010816e+00,1.790209760499708e+00,4.036296670366715e-01,,False,True,False,True,0.073
0.073,0.073,0.073,1.0,2,5.508714770446718e-01,-5.508714770446718e-01,7.045294870791106e-01,1.477352564604443e-01,1.775405069680112e+00,1.788654446655735e+00,4.031362205842270e-01,,False,True,False,True,0.073
0.074,0.074,0.074,0.5,1,2.730429991444478e-01,-2.730429991444478e-01,3.537835134008886e-01,3.231082432995555e-01,8.864665552966438e-01,8.937902522092567e-01,0.000000000000000e+00,,False,False,False,True,0.074
0.074,0.074,0.074,0.5,2,2.730429991444477e-01,-2.730429991444477e-01,3.527562255359998e-01,3.236218872319999e-01,8.850137508656566e-01,8.921646351121525e-01,0.000000000000000e+00,,False,False,False,True,0.074
0.074,0.074,0.074,0.6,1,3.276515989733375e-01,-3.276515989733375e-01,4.234450160810661e-01,2.882774919594666e-01,1.062211019662461e+00,1.070815113740330e+00,3.937410701387051e-02,,False,True,False,True,0.074
0.074,0.074,0.074,0.6,2,3.276515989733375e-01,-3.276515989733375e-01,4.224177282161777e-01,2.887911358919110e-01,1.060758215231475e+00,1.069190922933975e+00,3.886046308142638e-02,,False,True,False,True,0.074
0.074,0.074,0.074,0.7,1,3.822601988022270e-01,-3.822601988022270e-01,4.931065187612446e-01,2.534467406193777e-01,1.237955484028280e+00,1.247841173279920e+00,1.288134581828493e-01,,False,True,False,True,0.074
0.074,0.074,0.074,0.7,2,3.822601988022270e-01,-3.822601988022270e-01,4.920792308963553e-01,2.539603845518221e-01,1.236502679597292e+00,1.246218005114461e+00,1.282998142504047e-01,,False,True,False,True,0.074
0.074,0.074,0.074,0.8,1,4.368687986311167e-01,-4.368687986311167e-01,5.627680214414217e-01,2.186159892792889e-01,1.413699948394097e+00,1.424867984305195e+00,2.182528093518276e-01,,False,True,False,True,0.074
0.074,0.074,0.074,0.8,2,4.368687986311164e-01,-4.368687986311164e-01,5.617407335765330e-01,2.191296332117332e-01,1.412247143963110e+00,1.423245585240293e+00,2.177391654193829e-01,,False,True,False,True,0.074
0.074,0.074,0.074,0.85,1,4.641730985455614e-01,-4.641730985455614e-01,5.975987727815109e-01,2.012006136092443e-01,1.501572180577006e+00,1.513381589214505e+00,2.629724849363168e-01,,False,True,False,True,0.074
0.074,0.074,0.074,0.85,2,4.641730985455614e-01,-4.641730985455614e-01,5.965714849166217e-01,2.017142575416888e-01,1.500119376146019e+00,1.511759507367505e+00,2.624588410038722e-01,,False,True,False,True,0.074
0.074,0.074,0.074,0.9,1,4.914773984600063e-01,-4.914773984600063e-01,6.324295241216000e-01,1.837852379391999e-01,1.589444412759916e+00,1.601895297674214e+00,3.076921605208063e-01,,False,True,False,True,0.074
0.074,0.074,0.074,0.9,2,4.914773984600063e-01,-4.914773984600063e-01,6.314022362567107e-01,1.842988818716443e-01,1.587991608328928e+00,1.600273498058367e+00,3.071785165883616e-01,,False,True,False,True,0.074
0.074,0.074,0.074,0.95,1,5.187816983744511e-01,-5.187816983744511e-01,6.672602754616888e-01,1.663698622691555e-01,1.677316644942825e+00,1.690409093417908e+00,3.524118361052955e-01,,False,True,False,True,0.074
0.074,0.074,0.074,0.95,2,5.187816983744510e-01,-5.187816983744510e-01,6.662329875967996e-01,1.668835062015999e-01,1.675863840511837e+00,1.688787546532052e+00,3.518981921728508e-01,,False,True,False,True,0.074
0.074,0.074,0.074,1.0,1,5.460859982888956e-01,-5.460859982888956e-01,7.020910268017773e-01,1.489544865991110e-01,1.765188877125732e+00,1.778922963416633e+00,3.971315116897842e-01,,False,True,False,True,0.074
0.074,0.074,0.074,1.0,2,5.460859982888955e-01,-5.460859982888955e-01,7.010637389368883e-01,1.494681305315554e-01,1.763736072694745e+00,1.777301644155374e+00,3.966178677573396e-01,,False,True,False,True,0.074
0.075,0.075,0.075,0.5,1,2.706665625000000e-01,-2.706665625000000e-01,3.521531249999994e-01,3.239234375000002e-01,8.808000489754720e-01,8.883067296893155e-01,0.000000000000000e+00,,False,False,False,True,0.075
0.075,0.075,0.075,0.5,2,2.706665625000000e-01,-2.706665625000000e-01,3.510843749999997e-01,3.244578125000003e-01,8.792886082306860e-01,8.866129401823702e-01,0.000000000000000e+00,,False,False,False,True,0.075
0.075,0.075,0.075,0.6,1,3.247998750000000e-01,-3.247998750000000e-01,4.214587499999999e-01,2.892706249999999e-01,1.055369068512897e+00,1.064185015402074e+00,3.552924999999990e-02,,False,True,False,True,0.075
0.075,0.075,0.075,0.6,2,3.247998750000000e-01,-3.247998750000000e-01,4.203899999999997e-01,2.898050000000002e-01,1.053857627768111e+00,1.062492749904705e+00,3.499487499999976e-02,,False,True,False,True,0.075
0.075,0.075,0.075,0.7,1,3.789331875000000e-01,-3.789331875000000e-01,4.907643750000001e-01,2.546178125000002e-01,1.229938088050322e+00,1.240064566638449e+00,1.243153750000001e-01,,False,True,False,True,0.075
0.075,0.075,0.075,0.7,2,3.789331875000000e-01,-3.789331875000000e-01,4.896956249999996e-01,2.551521875000001e-01,1.228426647305536e+00,1.238373393985918e+00,1.237809999999998e-01,,False,True,False,True,0.075
0.075,0.075,0.075,0.8,1,4.330665000000001e-01,-4.330665000000001e-01,5.600700000000002e-01,2.199650000000000e-01,1.404507107587748e+00,1.415944911812957e+00,2.131015000000002e-01,,False,True,False,True,0.075
0.075,0.075,0.075,0.8,2,4.330665000000001e-01,-4.330665000000001e-01,5.590012499999997e-01,2.204993750000001e-01,1.402995666842961e+00,1.414254561136449e+00,2.125671250000000e-01,,False,True,False,True,0.075
0.075,0.075,0.075,0.85,1,4.601331562499999e-01,-4.601331562499999e-01,5.947228124999996e-01,2.026385937500000e-01,1.491791617356459e+00,1.503885295078712e+00,2.574945624999997e-01,,False,True,False,True,0.075
0.075,0.075,0.075,0.85,2,4.601331562500001e-01,-4.601331562500001e-01,5.936540624999997e-01,2.031729687500000e-01,1.490280176611673e+00,1.502195283447982e+00,2.569601874999999e-01,,False,True,False,True,0.075
0.075,0.075,0.075,0.9,1,4.871998125000002e-01,-4.871998125000002e-01,6.293756249999998e-01,1.853121875000000e-01,1.579076127125172e+00,1.591825787759673e+00,3.018876250000001e-01,,False,True,False,True,0.075
0.075,0.075,0.075,0.9,2,4.871998124999999e-01,-4.871998124999999e-01,6.283068749999998e-01,1.858465624999999e-01,1.577564686380386e+00,1.590136077789949e+00,3.013532499999999e-01,,False,True,False,True,0.075
0.075,0.075,0.075,0.95,1,5.142664687500001e-01,-5.142664687500001e-01,6.640284375000000e-01,1.679857812500000e-01,1.666360636893884e+00,1.679766372671255e+00,3.462806875000001e-01,,False,True,False,True,0.075
0.075,0.075,0.075,0.95,2,5.142664687499999e-01,-5.142664687499999e-01,6.629596874999999e-01,1.685201562499999e-01,1.664849196149098e+00,1.678076932837934e+00,3.457463124999999e-01,,False,True,False,True,0.075
0.075,0.075,0.075,1.0,1,5.413331250000001e-01,-5.413331250000001e-01,6.986812499999999e-01,1.506593750000000e-01,1.753645146662597e+00,1.767707036048483e+00,3.906737500000000e-01,,False,True,False,True,0.075
0.075,0.075,0.075,1.0,2,5.413331250000000e-01,-5.413331250000000e-01,6.976125000000000e-01,1.511937500000000e-01,1.752133705917810e+00,1.766017839523164e+00,3.901393750000000e-01,,False,True,False,True,0.075
0.076,0.076,0.076,0.5,1,2.683063469888853e-01,-2.683063469888853e-01,3.505315077119996e-01,3.247342461440001e-01,8.751688870278621e-01,8.828604277763678e-01,0.000000000000000e+00,,False,False,False,True,0.076
0.076,0.076,0.076,0.5,2,2.683063469888853e-01,-2.683063469888853e-01,3.494202155804449e-01,3.252898922097778e-01,8.735972826236590e-01,8.810965506476681e-01,0.000000000000000e+00,,False,False,False,True,0.076
0.076,0.076,0.076,0.6,1,3.219676163866624e-01,-3.219676163866624e-01,4.194826092543995e-01,2.902586953728001e-01,1.048568964926181e+00,1.057598800053382e+00,3.170892101386213e-02,,False,True,False,True,0.076
0.076,0.076,0.076,0.6,2,3.219676163866624e-01,-3.219676163866624e-01,4.183713171228441e-01,2.908143414385779e-01,1.046997360521977e+00,1.055836549836787e+00,3.115327494808445e-02,,False,True,False,True,0.076
0.076,0.076,0.076,0.7,1,3.756288857844395e-01,-3.756288857844395e-01,4.884337107968001e-01,2.557831446016001e-01,1.221969042824501e+00,1.232338508167933e+00,1.198457411828395e-01,,False,True,False,True,0.076
0.076,0.076,0.076,0.7,2,3.756288857844395e-01,-3.756288857844395e-01,4.873224186652443e-01,2.563387906673777e-01,1.220397438420297e+00,1.230577424739139e+00,1.192900951170617e-01,,False,True,False,True,0.076
0.076,0.076,0.076,0.8,1,4.292901551822164e-01,-4.292901551822164e-01,5.573848123392000e-01,2.213075938304001e-01,1.395369120722820e+00,1.407079054442609e+00,2.079825613518164e-01,,False,True,False,True,0.076
0.076,0.076,0.076,0.8,2,4.292901551822166e-01,-4.292901551822166e-01,5.562735202076444e-01,2.218632398961778e-01,1.393797516318616e+00,1.405318848689615e+00,2.074269152860388e-01,,False,True,False,True,0.076
0.076,0.076,0.076,0.85,1,4.561207898811050e-01,-4.561207898811050e-01,5.918603631103997e-01,2.040698184448000e-01,1.482069159671979e+00,1.494449550012227e+00,2.520509714363048e-01,,False,True,False,True,0.076
0.076,0.076,0.076,0.85,2,4.561207898811050e-01,-4.561207898811050e-01,5.907490709788448e-01,2.046254645105778e-01,1.480497555267776e+00,1.492689706300853e+00,2.514953253705274e-01,,False,True,False,True,0.076
0.076,0.076,0.076,0.9,1,4.829514245799936e-01,-4.829514245799936e-01,6.263359138815998e-01,1.868320430592000e-01,1.568769198621139e+00,1.581820161107759e+00,2.961193815207935e-01,,False,True,False,True,0.076
0.076,0.076,0.076,0.9,2,4.829514245799936e-01,-4.829514245799936e-01,6.252246217500443e-01,1.873876891249778e-01,1.567197594216935e+00,1.580060639527903e+00,2.955637354550157e-01,,False,True,False,True,0.076
0.076,0.076,0.076,0.95,1,5.097820592788822e-01,-5.097820592788822e-01,6.608114646528002e-01,1.695942676736000e-01,1.655469237570299e+00,1.669190869588253e+00,3.401877916052823e-01,,False,True,False,True,0.076
0.076,0.076,0.076,0.95,2,5.097820592788821e-01,-5.097820592788821e-01,6.597001725212441e-01,1.701499137393778e-01,1.653897633166094e+00,1.667431636484299e+00,3.396321455395042e-01,,False,True,False,True,0.076
0.076,0.076,0.076,1.0,1,5.366126939777706e-01,-5.366126939777706e-01,6.952870154239998e-01,1.523564922880000e-01,1.742169276519458e+00,1.756561660922034e+00,3.842562016897705e-01,,False,True,False,True,0.076
0.076,0.076,0.076,1.0,2,5.366126939777706e-01,-5.366126939777706e-01,6.941757232924448e-01,1.529121383537778e-01,1.740597672115254e+00,1.754802687650859e+00,3.837005556239930e-01,,False,True,False,True,0.076
0.077,0.077,0.077,0.5,1,2.659622712776638e-01,-2.659622712776638e-01,3.489186444808887e-01,3.255406777595553e-01,8.695729303101335e-01,8.774511957016287e-01,0.000000000000000e+00,,False,False,False,True,0.077
0.077,0.077,0.077,0.5,2,2.659622712776639e-01,-2.659622712776639e-01,3.477637174426663e-01,3.261181412786666e-01,8.679396168291280e-01,8.756152874698256e-01,0.000000000000000e+00,,False,False,False,True,0.077
0.077,0.077,0.077,0.6,1,3.191547255331966e-01,-3.191547255331966e-01,4.175165733770665e-01,2.912417133114666e-01,1.041810541929898e+00,1.051056283696925e+00,2.791301222172987e-02,,False,True,False,True,0.077
0.077,0.077,0.077,0.6,2,3.191547255331967e-01,-3.191547255331967e-01,4.163616463388441e-01,2.918191768305776e-01,1.040177228448893e+00,1.049222110655628e+00,2.733554870261873e-02,,False,True,False,True,0.077
0.077,0.077,0.077,0.7,1,3.723471797887293e-01,-3.723471797887293e-01,4.861145022732442e-01,2.569427488633777e-01,1.214048153549663e+00,1.224662780714731e+00,1.154044309253514e-01,,False,True,False,True,0.077
0.077,0.077,0.077,0.7,2,3.723471797887294e-01,-3.723471797887294e-01,4.849595752350220e-01,2.575202123824888e-01,1.212414840068658e+00,1.222829852283225e+00,1.148269674062404e-01,,False,True,False,True,0.077
0.077,0.077,0.077,0.8,1,4.255396340442621e-01,-4.255396340442621e-01,5.547124311694220e-01,2.226437844152888e-01,1.386285765169428e+00,1.398270161930684e+00,2.028958496289732e-01,,False,True,False,True,0.077
0.077,0.077,0.077,0.8,2,4.255396340442623e-01,-4.255396340442623e-01,5.535575041312000e-01,2.232212479343999e-01,1.384652451688423e+00,1.396438169805578e+00,2.023183861098622e-01,,False,True,False,True,0.077
0.077,0.077,0.077,0.85,1,4.521358611720285e-01,-4.521358611720285e-01,5.890113956175105e-01,2.054943021912444e-01,1.472404570979309e+00,1.485074087209200e+00,2.466415589807838e-01,,False,True,False,True,0.077
0.077,0.077,0.077,0.85,2,4.521358611720285e-01,-4.521358611720285e-01,5.878564685792884e-01,2.060717657103555e-01,1.470771257498304e+00,1.483242481333762e+00,2.460640954616727e-01,,False,True,False,True,0.077
0.077,0.077,0.077,0.9,1,4.787320882997950e-01,-4.787320882997950e-01,6.233103600655993e-01,1.883448199671999e-01,1.558523376789192e+00,1.571878134376822e+00,2.903872683325947e-01,,False,True,False,True,0.077
0.077,0.077,0.077,0.9,2,4.787320882997949e-01,-4.787320882997949e-01,6.221554330273773e-01,1.889222834863110e-01,1.556890063308187e+00,1.570046872183587e+00,2.898098048134835e-01,,False,True,False,True,0.077
0.077,0.077,0.077,0.95,1,5.053283154275612e-01,-5.053283154275612e-01,6.576093245136884e-01,1.711953377431555e-01,1.644642182599074e+00,1.658682284297033e+00,3.341329776844054e-01,,False,True,False,True,0.077
0.077,0.077,0.077,0.95,2,5.053283154275614e-01,-5.053283154275614e-01,6.564543974754659e-01,1.717728012622666e-01,1.643008869118069e+00,1.656851329887789e+00,3.335555141652943e-01,,False,True,False,True,0.077
0.077,0.077,0.077,1.0,1,5.319245425553276e-01,-5.319245425553276e-01,6.919082889617776e-01,1.540458555191110e-01,1.730760988408957e+00,1.745486521639980e+00,3.778786870362164e-01,,False,True,False,True,0.077
0.077,0.077,0.077,1.0,2,5.319245425553277e-01,-5.319245425553277e-01,6.907533619235551e-01,1.546233190382222e-01,1.729127674927952e+00,1.743655844461732e+00,3.773012235171053e-01,,False,True,False,True,0.077
0.078,0.078,0.078,0.5,1,2.636342542991360e-01,-2.636342542991360e-01,3.473145182720001e-01,3.263427408640000e-01,8.640120400852961e-01,8.720788832264498e-01,0.000000000000000e+00,,False,False,False,True,0.078
0.078,0.078,0.078,0.5,2,2.636342542991360e-01,-2.636342542991360e-01,3.461148508159997e-01,3.269425745920002e-01,8.623154540986827e-01,8.701689720858662e-01,0.000000000000000e+00,,False,False,False,True,0.078
0.078,0.078,0.078,0.6,1,3.163611051589633e-01,-3.163611051589633e-01,4.155606219263999e-01,2.922196890368002e-01,1.035093633039659e+00,1.044557282973523e+00,2.414141612216320e-02,,False,True,False,True,0.078
0.078,0.078,0.078,0.6,2,3.163611051589632e-01,-3.163611051589632e-01,4.143609544704000e-01,2.928195227648001e-01,1.033397047053047e+00,1.042649220873485e+00,2.354158239416321e-02,,False,True,False,True,0.078
0.078,0.078,0.078,0.7,1,3.690879560187903e-01,-3.690879560187903e-01,4.838067255807998e-01,2.580966372096002e-01,1.206175225994023e+00,1.217037167871785e+00,1.109913188091902e-01,,False,True,False,True,0.078
0.078,0.078,0.078,0.7,2,3.690879560187904e-01,-3.690879560187904e-01,4.826070581248002e-01,2.586964709376002e-01,1.204478640007411e+00,1.215130432225286e+00,1.103914850811905e-01,,False,True,False,True,0.078
0.078,0.078,0.078,0.8,1,4.218148068786177e-01,-4.218148068786177e-01,5.520528292351996e-01,2.239735853824001e-01,1.377256818948386e+00,1.389517984869046e+00,1.978412214962175e-01,,False,True,False,True,0.078
0.078,0.078,0.078,0.8,2,4.218148068786175e-01,-4.218148068786175e-01,5.508531617792001e-01,2.245734191104001e-01,1.375560232961774e+00,1.387612247199032e+00,1.972413877682175e-01,,False,True,False,True,0.078
0.078,0.078,0.078,0.85,1,4.481782323085313e-01,-4.481782323085313e-01,5.861758810624002e-01,2.069120594688000e-01,1.462797615425569e+00,1.475758640773593e+00,2.412661728397314e-01,,False,True,False,True,0.078
0.078,0.078,0.078,0.85,2,4.481782323085311e-01,-4.481782323085311e-01,5.849762136064000e-01,2.075118931968000e-01,1.461101029438956e+00,1.473853314818649e+00,2.406663391117311e-01,,False,True,False,True,0.078
0.078,0.078,0.078,0.9,1,4.745416577384449e-01,-4.745416577384449e-01,6.202989328896000e-01,1.898505335552000e-01,1.548338411902750e+00,1.561999425189559e+00,2.846911241832449e-01,,False,True,False,True,0.078
0.078,0.078,0.078,0.9,2,4.745416577384450e-01,-4.745416577384450e-01,6.190992654336001e-01,1.904503672832000e-01,1.546641825916138e+00,1.560094465587997e+00,2.840912904552450e-01,,False,True,False,True,0.078
0.078,0.078,0.078,0.95,1,5.009050831683584e-01,-5.009050831683584e-01,6.544219847167999e-01,1.727890076416000e-01,1.633879208379932e+00,1.648240317944657e+00,3.281160755267583e-01,,False,True,False,True,0.078
0.078,0.078,0.078,0.95,2,5.009050831683584e-01,-5.009050831683584e-01,6.532223172607996e-01,1.733888413696001e-01,1.632182622393319e+00,1.646335686440002e+00,3.275162417987582e-01,,False,True,False,True,0.078
0.078,0.078,0.078,1.0,1,5.272685085982720e-01,-5.272685085982720e-01,6.885450365439999e-01,1.557274817280001e-01,1.719420004857114e+00,1.734481302878557e+00,3.715410268702720e-01,,False,True,False,True,0.078
0.078,0.078,0.078,1.0,2,5.272685085982720e-01,-5.272685085982720e-01,6.873453690879999e-01,1.563273154560000e-01,1.717723418870501e+00,1.732576966909309e+00,3.709411931422720e-01,,False,True,False,True,0.078
0.079,0.079,0.079,0.5,1,2.613222152519148e-01,-2.613222152519148e-01,3.457191120720001e-01,3.271404439640000e-01,8.584860780224457e-01,8.667433406401697e-01,0.000000000000000e+00,,False,False,False,True,0.079
0.079,0.079,0.079,0.5,2,2.613222152519148e-01,-2.613222152519148e-01,3.444735859937778e-01,3.277632070031113e-01,8.567246381503343e-01,8.647574264071531e-01,0.000000000000000e+00,,False,False,False,True,0.079
0.079,0.079,0.079,0.6,1,3.135866583022979e-01,-3.135866583022979e-01,4.136147344864003e-01,2.931926327568002e-01,1.028418072258381e+00,1.038101615160014e+00,2.039402554549802e-02,,False,True,False,True,0.079
0.079,0.079,0.079,0.6,2,3.135866583022979e-01,-3.135866583022979e-01,4.123692084081780e-01,2.938153957959113e-01,1.026656632386270e+00,1.036117669588526e+00,1.977126250638689e-02,,False,True,False,True,0.079
0.079,0.079,0.079,0.7,1,3.658511013526808e-01,-3.658511013526808e-01,4.815103569008004e-01,2.592448215496003e-01,1.198350066494316e+00,1.209461453976448e+00,1.066062798030810e-01,,False,True,False,True,0.079
0.079,0.079,0.079,0.7,2,3.658511013526807e-01,-3.658511013526807e-01,4.802648308225781e-01,2.598675845887113e-01,1.196588626622205e+00,1.207478920869444e+00,1.059835167639698e-01,,False,True,False,True,0.079
0.079,0.079,0.079,0.8,1,4.181155444030636e-01,-4.181155444030636e-01,5.494059793152001e-01,2.252970103424001e-01,1.368282060730251e+00,1.380822274702671e+00,1.928185340606637e-01,,False,True,False,True,0.079
0.079,0.079,0.079,0.8,2,4.181155444030638e-01,-4.181155444030638e-01,5.481604532369779e-01,2.259197733815113e-01,1.366520620858140e+00,1.378840804392500e+00,1.921957710215527e-01,,False,True,False,True,0.079
0.079,0.079,0.079,0.85,1,4.442477659282553e-01,-4.442477659282553e-01,5.833537905224004e-01,2.083231047388001e-01,1.453248057848219e+00,1.466502945716917e+00,2.359246611894555e-01,,False,True,False,True,0.079
0.079,0.079,0.079,0.85,2,4.442477659282552e-01,-4.442477659282552e-01,5.821082644441778e-01,2.089458677779113e-01,1.451486617976107e+00,1.464521913890617e+00,2.353018981503441e-01,,False,True,False,True,0.079
0.079,0.079,0.079,0.9,1,4.703799874534467e-01,-4.703799874534467e-01,6.173016017296005e-01,1.913491991352000e-01,1.538214054966186e+00,1.552183752130700e+00,2.790307883182469e-01,,False,True,False,True,0.079
0.079,0.079,0.079,0.9,2,4.703799874534466e-01,-4.703799874534466e-01,6.160560756513787e-01,1.919719621743112e-01,1.536452615094075e+00,1.550203110490598e+00,2.784080252791359e-01,,False,True,False,True,0.079
0.079,0.079,0.079,0.95,1,4.965122089786381e-01,-4.965122089786381e-01,6.512494129368002e-01,1.743752935316001e-01,1.623180052084153e+00,1.637864672694754e+00,3.221369154470382e-01,,False,True,False,True,0.079
0.079,0.079,0.079,0.95,2,4.965122089786382e-01,-4.965122089786382e-01,6.500038868585780e-01,1.749980565707112e-01,1.621418612212042e+00,1.635884380506283e+00,3.215141524079272e-01,,False,True,False,True,0.079
0.079,0.079,0.079,1.0,1,5.226444305038297e-01,-5.226444305038297e-01,6.851972241440001e-01,1.574013879280001e-01,1.708146049202121e+00,1.723545690385161e+00,3.652430425758297e-01,,False,True,False,True,0.079
0.079,0.079,0.079,1.0,2,5.226444305038297e-01,-5.226444305038297e-01,6.839516980657779e-01,1.580241509671113e-01,1.706384609330010e+00,1.721565712976108e+00,3.646202795367187e-01,,False,True,False,True,0.079
0.08,0.08,0.08,0.5,1,2.590260736000000e-01,-2.590260736000000e-01,3.441324088888891e-01,3.279337955555556e-01,8.529949061961619e-01,8.614444187579421e-01,0.000000000000000e+00,,False,False,False,True,0.08
0.08,0.08,0.08,0.5,2,2.590260736000000e-01,-2.590260736000000e-01,3.428398933333332e-01,3.285800533333334e-01,8.511670131679165e-01,8.593804728185156e-01,0.000000000000000e+00,,False,False,False,True,0.08
0.08,0.08,0.08,0.6,1,3.108312883200000e-01,-3.108312883200000e-01,4.116788906666664e-01,2.941605546666667e-01,1.021783694075556e+00,1.031689098167094e+00,1.667073365333316e-02,,False,True,False,True,0.08
0.08,0.08,0.08,0.6,2,3.108312883200000e-01,-3.108312883200000e-01,4.103863751111110e-01,2.948068124444445e-01,1.019955801047311e+00,1.029627246483908e+00,1.602447587555550e-02,,False,True,False,True,0.08
0.08,0.08,0.08,0.7,1,3.626365030400001e-01,-3.626365030400001e-01,4.792253724444443e-01,2.603873137777779e-01,1.190572481954951e+00,1.201935424108294e+00,1.022491892622222e-01,,False,True,False,True,0.08
0.08,0.08,0.08,0.7,2,3.626365030399999e-01,-3.626365030399999e-01,4.779328568888890e-01,2.610335715555557e-01,1.188744588926706e+00,1.199875075215841e+00,1.016029314844444e-01,,False,True,False,True,0.08
0.08,0.08,0.08,0.8,1,4.144417177599999e-01,-4.144417177599999e-01,5.467718542222222e-01,2.266140728888889e-01,1.359361269834346e+00,1.372182783727396e+00,1.878276448711110e-01,,False,True,False,True,0.08
0.08,0.08,0.08,0.8,2,4.144417177600001e-01,-4.144417177600001e-01,5.454793386666665e-01,2.272603306666666e-01,1.357533376806101e+00,1.370123565715273e+00,1.871813870933333e-01,,False,True,False,True,0.08
0.08,0.08,0.08,0.85,1,4.403443251199999e-01,-4.403443251199999e-01,5.805450951111109e-01,2.097274524444444e-01,1.443755663774043e+00,1.457306737955955e+00,2.306168726755553e-01,,False,True,False,True,0.08
0.08,0.08,0.08,0.85,2,4.403443251200001e-01,-4.403443251200001e-01,5.792525795555554e-01,2.103737102222222e-01,1.441927770745798e+00,1.455247986546834e+00,2.299706148977778e-01,,False,True,False,True,0.08
0.08,0.08,0.08,0.9,1,4.662469324800001e-01,-4.662469324800001e-01,6.143183360000002e-01,1.928408320000000e-01,1.528150057713741e+00,1.542430834744714e+00,2.734061004800002e-01,,False,True,False,True,0.08
0.08,0.08,0.08,0.9,2,4.662469324800000e-01,-4.662469324800000e-01,6.130258204444443e-01,1.934870897777777e-01,1.526322164685495e+00,1.540372498558181e+00,2.727598427022221e-01,,False,True,False,True,0.08
0.08,0.08,0.08,0.95,1,4.921495398399999e-01,-4.921495398399999e-01,6.480915768888889e-01,1.759542115555556e-01,1.612544451653438e+00,1.627555051725195e+00,3.161953282844443e-01,,False,True,False,True,0.08
0.08,0.08,0.08,0.95,2,4.921495398399999e-01,-4.921495398399999e-01,6.467990613333335e-01,1.766004693333333e-01,1.610716558625193e+00,1.625497087424527e+00,3.155490705066666e-01,,False,True,False,True,0.08
0.08,0.08,0.08,1.0,1,5.180521471999999e-01,-5.180521471999999e-01,6.818648177777776e-01,1.590675911111111e-01,1.696938845593135e+00,1.712679370975960e+00,3.589845560888887e-01,,False,True,False,True,0.08
0.08,0.08,0.08,1.0,2,5.180521471999999e-01,-5.180521471999999e-01,6.805723022222223e-01,1.597138488888888e-01,1.695110952564891e+00,1.710621741672409e+00,3.583382983111111e-01,,False,True,False,True,0.08
0.081,0.081,0.081,0.5,1,2.567457490723519e-01,-2.567457490723519e-01,3.425543917520003e-01,3.287228041239998e-01,8.475383870859046e-01,8.561819689185377e-01,0.000000000000000e+00,,False,False,False,True,0.081
0.081,0.081,0.081,0.5,2,2.567457490723518e-01,-2.567457490723518e-01,3.412137432559994e-01,3.293931283720001e-01,8.456424238004847e-01,8.540379341773856e-01,0.000000000000000e+00,,False,False,False,True,0.081
0.081,0.081,0.081,0.6,1,3.080948988868221e-01,-3.080948988868221e-01,4.097530701023998e-01,2.951234649487999e-01,1.015190333466538e+00,1.025319550537145e+00,1.297143393802203e-02,,False,True,False,True,0.081
0.081,0.081,0.081,0.6,2,3.080948988868222e-01,-3.080948988868222e-01,4.084124216063996e-01,2.957937891968000e-01,1.013294370181120e+00,1.023177741826873e+00,1.230110969002196e-02,,False,True,False,True,0.081
0.081,0.081,0.081,0.7,1,3.594440487012925e-01,-3.594440487012925e-01,4.769517484527996e-01,2.615241257736000e-01,1.182842279847173e+00,1.194458864086930e+00,9.791992292769230e-02,,False,True,False,True,0.081
0.081,0.081,0.081,0.7,2,3.594440487012925e-01,-3.594440487012925e-01,4.756110999567997e-01,2.621944500216000e-01,1.180946316561755e+00,1.192318652959676e+00,9.724959867969241e-02,,False,True,False,True,0.081
0.081,0.081,0.081,0.8,1,4.107931985157628e-01,-4.107931985157628e-01,5.441504268032001e-01,2.279247865983999e-01,1.350494226227809e+00,1.363599265087681e+00,1.828684119173629e-01,,False,True,False,True,0.081
0.081,0.081,0.081,0.8,2,4.107931985157628e-01,-4.107931985157628e-01,5.428097783071993e-01,2.285951108464000e-01,1.348598262942389e+00,1.361460256302360e+00,1.821980876693625e-01,,False,True,False,True,0.081
0.081,0.081,0.081,0.85,1,4.364677734229980e-01,-4.364677734229980e-01,5.777497659784000e-01,2.111251170108000e-01,1.434320199418126e+00,1.448169754310489e+00,2.253426564121980e-01,,False,True,False,True,0.081
0.081,0.081,0.081,0.85,2,4.364677734229981e-01,-4.364677734229981e-01,5.764091174824003e-01,2.117954412587999e-01,1.432424236132708e+00,1.446031241645448e+00,2.246723321641982e-01,,False,True,False,True,0.081
0.081,0.081,0.081,0.9,1,4.621423483302333e-01,-4.621423483302333e-01,6.113491051535994e-01,1.943254474231998e-01,1.518146172608442e+00,1.532740393533477e+00,2.678169009070330e-01,,False,True,False,True,0.081
0.081,0.081,0.081,0.9,2,4.621423483302332e-01,-4.621423483302332e-01,6.100084566575996e-01,1.949957716711999e-01,1.516250209323025e+00,1.530602322373737e+00,2.671465766590330e-01,,False,True,False,True,0.081
0.081,0.081,0.081,0.95,1,4.878169232374683e-01,-4.878169232374683e-01,6.449484443287998e-01,1.775257778356000e-01,1.601972145798760e+00,1.617311159225718e+00,3.102911454018683e-01,,False,True,False,True,0.081
0.081,0.081,0.081,0.95,2,4.878169232374683e-01,-4.878169232374683e-01,6.436077958327995e-01,1.781961020836000e-01,1.600076182513342e+00,1.615173483504016e+00,3.096208211538681e-01,,False,True,False,True,0.081
0.081,0.081,0.081,1.0,1,5.134914981447037e-01,-5.134914981447037e-01,6.785477835039994e-01,1.607261082479999e-01,1.685798118989078e+00,1.701882032533492e+00,3.527653898967034e-01,,False,True,False,True,0.081
0.081,0.081,0.081,1.0,2,5.134914981447036e-01,-5.134914981447036e-01,6.772071350079993e-01,1.613964324959999e-01,1.683902155703659e+00,1.699744713035031e+00,3.520950656487033e-01,,False,True,False,True,0.081
0.082,0.082,0.082,0.5,1,2.544811616624640e-01,-2.544811616624640e-01,3.409850437120001e-01,3.295074781440000e-01,8.421163835754099e-01,8.509558429821180e-01,0.000000000000000e+00,,False,False,False,True,0.082
0.082,0.082,0.082,0.5,2,2.544811616624641e-01,-2.544811616624641e-01,3.395951062471112e-01,3.302024468764445e-01,8.401507151617135e-01,8.487296338129450e-01,0.000000000000000e+00,,False,False,False,True,0.082
0.082,0.082,0.082,0.6,1,3.053773939949568e-01,-3.053773939949568e-01,4.078372524544002e-01,2.960813737728000e-01,1.008637825891813e+00,1.018992791442030e+00,9.296020222156920e-03,,False,True,False,True,0.082
0.082,0.082,0.082,0.6,2,3.053773939949568e-01,-3.053773939949568e-01,4.064473149895110e-01,2.967763425052445e-01,1.006672157478116e+00,1.016768946467847e+00,8.601051489712352e-03,,False,True,False,True,0.082
0.082,0.082,0.082,0.7,1,3.562736263274495e-01,-3.562736263274495e-01,4.746894611967997e-01,2.626552694016000e-01,1.175159268208214e+00,1.187031560469761e+00,9.361835692584930e-02,,False,True,False,True,0.082
0.082,0.082,0.082,0.7,2,3.562736263274495e-01,-3.562736263274495e-01,4.732995237319113e-01,2.633502381340444e-01,1.173193599794519e+00,1.184809412490237e+00,9.292338819340518e-02,,False,True,False,True,0.082
0.082,0.082,0.082,0.8,1,4.071698586599423e-01,-4.071698586599423e-01,5.415416699392003e-01,2.292291650303999e-01,1.341680710524618e+00,1.355071472774326e+00,1.779406936295424e-01,,False,True,False,True,0.082
0.082,0.082,0.082,0.8,2,4.071698586599423e-01,-4.071698586599423e-01,5.401517324743110e-01,2.299241337628444e-01,1.339715042110921e+00,1.352850602093457e+00,1.772457248970978e-01,,False,True,False,True,0.082
0.082,0.082,0.082,0.85,1,4.326179748261887e-01,-4.326179748261887e-01,5.749677743104002e-01,2.125161128448001e-01,1.424941431682819e+00,1.439091732500980e+00,2.201018619813889e-01,,False,True,False,True,0.082
0.082,0.082,0.082,0.85,2,4.326179748261887e-01,-4.326179748261887e-01,5.735778368455111e-01,2.132110815772446e-01,1.422975763269122e+00,1.436871388904503e+00,2.194068932489442e-01,,False,True,False,True,0.082
0.082,0.082,0.082,0.9,1,4.580660909924352e-01,-4.580660909924352e-01,6.083938786815997e-01,1.958030606591999e-01,1.508202152841020e+00,1.523112149953943e+00,2.622630303332351e-01,,False,True,False,True,0.082
0.082,0.082,0.082,0.9,2,4.580660909924351e-01,-4.580660909924351e-01,6.070039412167111e-01,1.964980293916445e-01,1.506236484427324e+00,1.520892275435325e+00,2.615680616007907e-01,,False,True,False,True,0.082
0.082,0.082,0.082,0.95,1,4.835142071586814e-01,-4.835142071586814e-01,6.418199830527997e-01,1.790900084736001e-01,1.591462873999221e+00,1.607132700395564e+00,3.044241986850813e-01,,False,True,False,True,0.082
0.082,0.082,0.082,0.95,2,4.835142071586815e-01,-4.835142071586815e-01,6.404300455879106e-01,1.797849772060445e-01,1.589497205585524e+00,1.604913246024247e+00,3.037292299526368e-01,,False,True,False,True,0.082
0.082,0.082,0.082,1.0,1,5.089623233249281e-01,-5.089623233249281e-01,6.752460874240002e-01,1.623769562880001e-01,1.674723595157423e+00,1.691153364004257e+00,3.465853670369282e-01,,False,True,False,True,0.082
0.082,0.082,0.082,1.0,2,5.089623233249282e-01,-5.089623233249282e-01,6.738561499591109e-01,1.630719250204445e-01,1.672757926743726e+00,1.688934288126124e+00,3.458903983044836e-01,,False,True,False,True,0.082
0.083,0.083,0.083,0.5,1,2.522322316279360e-01,-2.522322316279360e-01,3.394243478408888e-01,3.302878260795555e-01,8.367287589520870e-01,8.457658933279858e-01,0.000000000000000e+00,,False,False,False,True,0.083
0.083,0.083,0.083,0.5,2,2.522322316279360e-01,-2.522322316279360e-01,3.379839528560001e-01,3.310080235720000e-01,8.346917328292831e-01,8.434553955252778e-01,0.000000000000000e+00,,False,False,False,True,0.083
0.083,0.083,0.083,0.6,1,3.026786779535232e-01,-3.026786779535232e-01,4.059314174090667e-01,2.970342912954667e-01,1.002126007296267e+00,1.012708640680875e+00,5.644386658056499e-03,,False,True,False,True,0.083
0.083,0.083,0.083,0.6,2,3.026786779535232e-01,-3.026786779535232e-01,4.044910224241774e-01,2.977544887879112e-01,1.000088981173462e+00,1.010400651839554e+00,4.924189165611881e-03,,False,True,False,True,0.083
0.083,0.083,0.083,0.7,1,3.531251242791105e-01,-3.531251242791105e-01,4.724384869772448e-01,2.637807565113778e-01,1.167523255640447e+00,1.179653300549760e+00,8.934436776773297e-02,,False,True,False,True,0.083
0.083,0.083,0.083,0.7,2,3.531251242791104e-01,-3.531251242791104e-01,4.709980919923556e-01,2.645009540038223e-01,1.165486229517642e+00,1.177347112889953e+00,8.862417027528818e-02,,False,True,False,True,0.083
0.083,0.083,0.083,0.8,1,4.035715706046978e-01,-4.035715706046978e-01,5.389455565454225e-01,2.305272217272888e-01,1.332920503984627e+00,1.346599161622192e+00,1.730443488774090e-01,,False,True,False,True,0.083
0.083,0.083,0.083,0.8,2,4.035715706046977e-01,-4.035715706046977e-01,5.375051615605335e-01,2.312474192197334e-01,1.330883477861822e+00,1.344294329831913e+00,1.723241513849645e-01,,False,True,False,True,0.083
0.083,0.083,0.083,0.85,1,4.287947937674912e-01,-4.287947937674912e-01,5.721990913295113e-01,2.139004543352446e-01,1.415619128156716e+00,1.430072411146266e+00,2.148943394322468e-01,,False,True,False,True,0.083
0.083,0.083,0.083,0.85,2,4.287947937674911e-01,-4.287947937674911e-01,5.707586963446223e-01,2.146206518276890e-01,1.413582102033912e+00,1.427768138900876e+00,2.141741419398023e-01,,False,True,False,True,0.083
0.083,0.083,0.083,0.9,1,4.540180169302849e-01,-4.540180169302849e-01,6.054526261135997e-01,1.972736869431999e-01,1.498317752328806e+00,1.513545826415788e+00,2.567443299870847e-01,,False,True,False,True,0.083
0.083,0.083,0.083,0.9,2,4.540180169302849e-01,-4.540180169302849e-01,6.040122311287111e-01,1.979938844356444e-01,1.496280726206002e+00,1.511242052154971e+00,2.560241324946404e-01,,False,True,False,True,0.083
0.083,0.083,0.083,0.95,1,4.792412400930782e-01,-4.792412400930782e-01,6.387061608976888e-01,1.806469195511556e-01,1.581016376500895e+00,1.597019381441084e+00,2.985943205419226e-01,,False,True,False,True,0.083
0.083,0.083,0.083,0.95,2,4.792412400930783e-01,-4.792412400930783e-01,6.372657659128005e-01,1.813671170436000e-01,1.578979350378092e+00,1.594716053233778e+00,2.978741230494785e-01,,False,True,False,True,0.083
0.083,0.083,0.083,1.0,1,5.044644632558720e-01,-5.044644632558720e-01,6.719596956817779e-01,1.640201521591111e-01,1.663715000672986e+00,1.680493055396282e+00,3.404443110967610e-01,,False,True,False,True,0.083
0.083,0.083,0.083,1.0,2,5.044644632558720e-01,-5.044644632558720e-01,6.705193006968888e-01,1.647403496515555e-01,1.661677974550182e+00,1.678190129031964e+00,3.397241136043164e-01,,False,True,False,True,0.083
0.084,0.084,0.084,0.5,1,2.499988794900480e-01,-2.499988794900480e-01,3.378722872320000e-01,3.310638563839998e-01,8.313753769064152e-01,8.406119728523088e-01,0.000000000000000e+00,,False,False,False,True,0.084
0.084,0.084,0.084,0.5,2,2.499988794900481e-01,-2.499988794900481e-01,3.363802536960000e-01,3.318098731520002e-01,8.292653228442886e-01,8.382150435845562e-01,0.000000000000000e+00,,False,False,False,True,0.084
0.084,0.084,0.084,0.6,1,2.999986553880576e-01,-2.999986553880576e-01,4.040355446783999e-01,2.979822276608001e-01,9.956547141084771e-01,1.006466918677835e+00,2.016427727257519e-03,,False,True,False,True,0.084
0.084,0.084,0.084,0.6,2,2.999986553880576e-01,-2.999986553880576e-01,4.025435111424006e-01,2.987282444287999e-01,9.935446600463514e-01,1.004072649956156e+00,1.270410959257895e-03,,False,True,False,True,0.084
0.084,0.084,0.084,0.7,1,3.499984312860672e-01,-3.499984312860672e-01,4.701988021248000e-01,2.649005989376001e-01,1.159934051310539e+00,1.172323872353207e+00,8.509783234846724e-02,,False,True,False,True,0.084
0.084,0.084,0.084,0.7,2,3.499984312860672e-01,-3.499984312860672e-01,4.687067685888006e-01,2.656466157055999e-01,1.157823997248413e+00,1.169931513933467e+00,8.435181558046745e-02,,False,True,False,True,0.084
0.084,0.084,0.084,0.8,1,3.999982071840768e-01,-3.999982071840768e-01,5.363620595712000e-01,2.318189702144001e-01,1.324213388512602e+00,1.338182087307905e+00,1.681792369696768e-01,,False,True,False,True,0.084
0.084,0.084,0.084,0.8,2,3.999982071840769e-01,-3.999982071840769e-01,5.348700260351997e-01,2.325649869824001e-01,1.322103334450474e+00,1.335791167063731e+00,1.674332202016768e-01,,False,True,False,True,0.084
0.084,0.084,0.084,0.85,1,4.249980951330816e-01,-4.249980951330816e-01,5.694436882944000e-01,2.152781558528001e-01,1.406353057113632e+00,1.421111529761232e+00,2.097199392802816e-01,,False,True,False,True,0.084
0.084,0.084,0.084,0.85,2,4.249980951330816e-01,-4.249980951330816e-01,5.679516547583998e-01,2.160241726208000e-01,1.404243003051506e+00,1.418721203069232e+00,2.089739225122815e-01,,False,True,False,True,0.084
0.084,0.084,0.084,0.9,1,4.499979830820864e-01,-4.499979830820864e-01,6.025253170175999e-01,1.987373414911999e-01,1.488492725714663e+00,1.504041146279057e+00,2.512606415908863e-01,,False,True,False,True,0.084
0.084,0.084,0.084,0.9,2,4.499979830820864e-01,-4.499979830820864e-01,6.010332834815997e-01,1.994833582592000e-01,1.486382671652536e+00,1.501651347857576e+00,2.505146248228863e-01,,False,True,False,True,0.084
0.084,0.084,0.084,0.95,1,4.749978710310910e-01,-4.749978710310910e-01,6.356069457407999e-01,1.821965271296000e-01,1.570632394315694e+00,1.586970909573351e+00,2.928013439014910e-01,,False,True,False,True,0.084
0.084,0.084,0.084,0.95,2,4.749978710310911e-01,-4.749978710310911e-01,6.341149122047999e-01,1.829425438976000e-01,1.568522340253568e+00,1.584581584349092e+00,2.920553271334911e-01,,False,True,False,True,0.084
0.084,0.084,0.084,1.0,1,4.999977589800960e-01,-4.999977589800960e-01,6.686885744640000e-01,1.656557127680000e-01,1.652772062916726e+00,1.669900797776700e+00,3.343420462120960e-01,,False,True,False,True,0.084
0.084,0.084,0.084,1.0,2,4.999977589800961e-01,-4.999977589800961e-01,6.671965409280003e-01,1.664017295359999e-01,1.650662008854599e+00,1.667511898861783e+00,3.335960294440963e-01,,False,True,False,True,0.084
0.085,0.085,0.085,0.5,1,2.477810260333335e-01,-2.477810260333335e-01,3.363288450000002e-01,3.318355775000001e-01,8.260561015313399e-01,8.354939349658156e-01,0.000000000000000e+00,,False,False,False,True,0.085
0.085,0.085,0.085,0.5,2,2.477810260333335e-01,-2.477810260333335e-01,3.347839794444443e-01,3.326080102777782e-01,8.238713317106297e-01,8.330084027302236e-01,0.000000000000000e+00,,False,False,False,True,0.085
0.085,0.085,0.085,0.6,1,2.973372312400001e-01,-2.973372312400001e-01,4.021496140000002e-01,2.989251930000002e-01,9.892237832399784e-01,1.000267446479827e+00,0.000000000000000e+00,,False,False,False,True,0.085
0.085,0.085,0.085,0.6,2,2.973372312400001e-01,-2.973372312400001e-01,4.006047484444447e-01,2.996976257777780e-01,9.870390134192690e-01,9.977847334123852e-01,0.000000000000000e+00,,False,False,False,True,0.085
0.085,0.085,0.085,0.7,1,3.468934364466669e-01,-3.468934364466669e-01,4.679703829999999e-01,2.660148085000002e-01,1.152391464948617e+00,1.165043064637431e+00,8.087862794666684e-02,,False,True,False,True,0.085
0.085,0.085,0.085,0.7,2,3.468934364466669e-01,-3.468934364466669e-01,4.664255174444445e-01,2.667872412777780e-01,1.150206695127908e+00,1.162562376086712e+00,8.010619516888912e-02,,False,True,False,True,0.085
0.085,0.085,0.085,0.8,1,3.964496416533336e-01,-3.964496416533336e-01,5.337911520000000e-01,2.331044240000001e-01,1.315559146657256e+00,1.329820006347541e+00,1.633452176533336e-01,,False,True,False,True,0.085
0.085,0.085,0.085,0.8,2,3.964496416533336e-01,-3.964496416533336e-01,5.322462864444450e-01,2.338768567777779e-01,1.313374376836547e+00,1.327340842136576e+00,1.625727848755561e-01,,False,True,False,True,0.085
0.085,0.085,0.085,0.85,1,4.212277442566670e-01,-4.212277442566670e-01,5.667015365000000e-01,2.166492317500002e-01,1.397142987511576e+00,1.412208828754474e+00,2.045785125066670e-01,,False,True,False,True,0.085
0.085,0.085,0.085,0.85,2,4.212277442566669e-01,-4.212277442566669e-01,5.651566709444449e-01,2.174216645277779e-01,1.394958217690866e+00,1.409730293700987e+00,2.038060797288893e-01,,False,True,False,True,0.085
0.085,0.085,0.085,0.9,1,4.460058468600003e-01,-4.460058468600003e-01,5.996119209999998e-01,2.001940395000001e-01,1.478726828365895e+00,1.494597833851790e+00,2.458118073600002e-01,,False,True,False,True,0.085
0.085,0.085,0.085,0.9,2,4.460058468600004e-01,-4.460058468600004e-01,5.980670554444446e-01,2.009664722777778e-01,1.476542058545185e+00,1.492119858779843e+00,2.450393745822227e-01,,False,True,False,True,0.085
0.085,0.085,0.085,0.95,1,4.707839494633335e-01,-4.707839494633335e-01,6.325223055000004e-01,1.837388472500002e-01,1.560310669220214e+00,1.576986993005751e+00,2.870451022133337e-01,,False,True,False,True,0.085
0.085,0.085,0.085,0.95,2,4.707839494633336e-01,-4.707839494633336e-01,6.309774399444448e-01,1.845112800277780e-01,1.558125899399505e+00,1.574509519553489e+00,2.862726694355560e-01,,False,True,False,True,0.085
0.085,0.085,0.085,1.0,1,4.955620520666670e-01,-4.955620520666670e-01,6.654326900000006e-01,1.672836550000001e-01,1.641894510074534e+00,1.659376283269305e+00,3.282783970666673e-01,,False,True,False,True,0.085
0.085,0.085,0.085,1.0,2,4.955620520666670e-01,-4.955620520666670e-01,6.638878244444448e-01,1.680560877777779e-01,1.639709740253824e+00,1.656899261746596e+00,3.275059642888894e-01,,False,True,False,True,0.085
0.086,0.086,0.086,0.5,1,2.455785923051518e-01,-2.455785923051518e-01,3.347940042808890e-01,3.326029978595551e-01,8.207707973216678e-01,8.304116335914662e-01,0.000000000000000e+00,,False,False,False,True,0.086
0.086,0.086,0.086,0.5,2,2.455785923051518e-01,-2.455785923051518e-01,3.331951008426663e-01,3.334024495786665e-01,8.185096063944086e-01,8.278352981701965e-01,0.000000000000000e+00,,False,False,False,True,0.086
0.086,0.086,0.086,0.6,1,2.946943107661822e-01,-2.946943107661822e-01,4.002736051370663e-01,2.998631974314664e-01,9.828330520845387e-01,9.941100457542501e-01,0.000000000000000e+00,,False,False,False,True,0.086
0.086,0.086,0.086,0.6,2,2.946943107661822e-01,-2.946943107661822e-01,3.986747016988441e-01,3.006626491505775e-01,9.805718611572796e-01,9.915366953827125e-01,0.000000000000000e+00,,False,False,False,True,0.086
0.086,0.086,0.086,0.7,1,3.438100292272126e-01,-3.438100292272126e-01,4.657532059932437e-01,2.671233970033776e-01,1.144895306847409e+00,1.157810666888506e+00,7.668663222383443e-02,,False,True,False,True,0.086
0.086,0.086,0.086,0.7,2,3.438100292272127e-01,-3.438100292272127e-01,4.641543025550222e-01,2.679228487224887e-01,1.142634115920152e+00,1.155239460506013e+00,7.588718050472382e-02,,False,True,False,True,0.086
0.086,0.086,0.086,0.8,1,3.929257476882429e-01,-3.929257476882429e-01,5.312328068494216e-01,2.343835965752887e-01,1.306957561610281e+00,1.321512676094300e+00,1.585421511129537e-01,,False,True,False,True,0.086
0.086,0.086,0.086,0.8,2,3.929257476882430e-01,-3.929257476882430e-01,5.296339034111996e-01,2.351830482943999e-01,1.304696370683022e+00,1.318943084198782e+00,1.577426993938428e-01,,False,True,False,True,0.086
0.086,0.086,0.086,0.85,1,4.174836069187581e-01,-4.174836069187581e-01,5.639726072775109e-01,2.180136963612443e-01,1.387988688991717e+00,1.403364049425935e+00,1.994699105575136e-01,,False,True,False,True,0.086
0.086,0.086,0.086,0.85,2,4.174836069187581e-01,-4.174836069187581e-01,5.623737038392884e-01,2.188131480803554e-01,1.385727498064457e+00,1.400795123943278e+00,1.986704588384023e-01,,False,True,False,True,0.086
0.086,0.086,0.086,0.9,1,4.420414661492734e-01,-4.420414661492734e-01,5.967124077055997e-01,2.016437961471998e-01,1.469019816373153e+00,1.485215614387639e+00,2.403976700020732e-01,,False,True,False,True,0.086
0.086,0.086,0.086,0.9,2,4.420414661492734e-01,-4.420414661492734e-01,5.951135042673772e-01,2.024432478663109e-01,1.466758625445894e+00,1.482647282069200e+00,2.395982182829620e-01,,False,True,False,True,0.086
0.086,0.086,0.086,0.95,1,4.665993253797886e-01,-4.665993253797886e-01,6.294522081336889e-01,1.852738959331555e-01,1.550050943754589e+00,1.567067340951563e+00,2.813254294466330e-01,,False,True,False,True,0.086
0.086,0.086,0.086,0.95,2,4.665993253797887e-01,-4.665993253797887e-01,6.278533046954669e-01,1.860733476522665e-01,1.547789752827330e+00,1.564499539995960e+00,2.805259777275221e-01,,False,True,False,True,0.086
0.086,0.086,0.086,1.0,1,4.911571846103037e-01,-4.911571846103037e-01,6.621920085617774e-01,1.689039957191110e-01,1.631082071136023e+00,1.648919205052086e+00,3.222531888911924e-01,,False,True,False,True,0.086
0.086,0.086,0.086,1.0,2,4.911571846103037e-01,-4.911571846103037e-01,6.605931051235550e-01,1.697034474382222e-01,1.628820880208764e+00,1.646351882838052e+00,3.214537371720811e-01,,False,True,False,True,0.086
0.087,0.087,0.087,0.5,1,2.433914996152639e-01,-2.433914996152639e-01,3.332677482319994e-01,3.333661258839999e-01,8.155193291734677e-01,8.253649231620990e-01,0.000000000000000e+00,,False,False,False,True,0.087
0.087,0.087,0.087,0.5,2,2.433914996152639e-01,-2.433914996152639e-01,3.316135886959991e-01,3.341932056519999e-01,8.131799943233272e-01,8.226955555800851e-01,0.000000000000000e+00,,False,False,False,True,0.087
0.087,0.087,0.087,0.6,1,2.920697995383166e-01,-2.920697995383166e-01,3.984074978783998e-01,3.007962510607998e-01,9.764823585174414e-01,9.879945387866870e-01,0.000000000000000e+00,,False,False,False,True,0.087
0.087,0.087,0.087,0.6,2,2.920697995383166e-01,-2.920697995383166e-01,3.967533383423998e-01,3.016233308287999e-01,9.741430236673014e-01,9.853283296205204e-01,0.000000000000000e+00,,False,False,False,True,0.087
0.087,0.087,0.087,0.7,1,3.407480994613694e-01,-3.407480994613694e-01,4.635472475248006e-01,2.682263762375998e-01,1.137445387861416e+00,1.150626469318960e+00,7.252172322376971e-02,,False,True,False,True,0.087
0.087,0.087,0.087,0.7,2,3.407480994613695e-01,-3.407480994613695e-01,4.618930879887999e-01,2.690534560055999e-01,1.135106053011275e+00,1.147962529037189e+00,7.169464345576942e-02,,False,True,False,True,0.087
0.087,0.087,0.087,0.8,1,3.894263993844221e-01,-3.894263993844221e-01,5.286869971711994e-01,2.356565014143999e-01,1.298408417205387e+00,1.313259854736168e+00,1.537698979700218e-01,,False,True,False,True,0.087
0.087,0.087,0.087,0.8,2,3.894263993844223e-01,-3.894263993844223e-01,5.270328376352000e-01,2.364835811823999e-01,1.296069082355249e+00,1.310597623198404e+00,1.529428182020223e-01,,False,True,False,True,0.087
0.087,0.087,0.087,0.85,1,4.137655493459485e-01,-4.137655493459485e-01,5.612568719943996e-01,2.193715640027999e-01,1.378889931877374e+00,1.394576933964552e+00,1.943939853431483e-01,,False,True,False,True,0.087
0.087,0.087,0.087,0.85,2,4.137655493459486e-01,-4.137655493459486e-01,5.596027124584001e-01,2.201986437707998e-01,1.376550597027235e+00,1.391915407797979e+00,1.935669055751486e-01,,False,True,False,True,0.087
0.087,0.087,0.087,0.9,1,4.381046993074749e-01,-4.381046993074749e-01,5.938267468175997e-01,2.030866265911998e-01,1.459371446549361e+00,1.475894214083471e+00,2.350180727162748e-01,,False,True,False,True,0.087
0.087,0.087,0.087,0.9,2,4.381046993074751e-01,-4.381046993074751e-01,5.921725872815995e-01,2.039137063591998e-01,1.457032111699221e+00,1.473233315782774e+00,2.341909929482748e-01,,False,True,False,True,0.087
0.087,0.087,0.087,0.95,1,4.624438492690013e-01,-4.624438492690013e-01,6.263966216407992e-01,1.868016891795999e-01,1.539852961221347e+00,1.557211663621535e+00,2.756421600894009e-01,,False,True,False,True,0.087
0.087,0.087,0.087,0.95,2,4.624438492690013e-01,-4.624438492690013e-01,6.247424621047993e-01,1.876287689475999e-01,1.537513626371207e+00,1.554551327790109e+00,2.748150803214010e-01,,False,True,False,True,0.087
0.087,0.087,0.087,1.0,1,4.867829992305278e-01,-4.867829992305278e-01,6.589664964639994e-01,1.705167517679999e-01,1.620334475893334e+00,1.638529257354785e+00,3.162662474625275e-01,,False,True,False,True,0.087
0.087,0.087,0.087,1.0,2,4.867829992305277e-01,-4.867829992305277e-01,6.573123369279996e-01,1.713438315359998e-01,1.617995141043195e+00,1.635869428307304e+00,3.154391676945275e-01,,False,True,False,True,0.087
0.088,0.088,0.088,0.5,1,2.412196695354028e-01,-2.412196695354028e-01,3.317500600320006e-01,3.341249699840004e-01,8.103015623834663e-01,8.203536586180497e-01,0.000000000000000e+00,,False,False,False,True,0.088
0.088,0.088,0.088,0.5,2,2.412196695354028e-01,-2.412196695354028e-01,3.300394138737781e-01,3.349802930631112e-01,8.078823433860866e-01,8.175890011024266e-01,0.000000000000000e+00,,False,False,False,True,0.088
0.088,0.088,0.088,0.6,1,2.894636034424835e-01,-2.894636034424835e-01,3.965512720384002e-01,3.017243639808002e-01,9.701715408947557e-01,9.819207484785738e-01,0.000000000000000e+00,,False,False,False,True,0.088
0.088,0.088,0.088,0.6,2,2.894636034424835e-01,-2.894636034424835e-01,3.948406258801784e-01,3.025796870599111e-01,9.677523218973769e-01,9.791594304572844e-01,0.000000000000000e+00,,False,False,False,True,0.088
0.088,0.088,0.088,0.7,1,3.377075373495639e-01,-3.377075373495639e-01,4.613524840448001e-01,2.693237579776002e-01,1.130041519406045e+00,1.143490262865434e+00,6.838377937196399e-02,,False,True,False,True,0.088
0.088,0.088,0.088,0.7,2,3.377075373495639e-01,-3.377075373495639e-01,4.596418378865781e-01,2.701790810567112e-01,1.127622300408666e+00,1.140731344214681e+00,6.752845629285298e-02,,False,True,False,True,0.088
0.088,0.088,0.088,0.8,1,3.859514712566445e-01,-3.859514712566445e-01,5.261536960512003e-01,2.369231519744001e-01,1.289911497917335e+00,1.305061301293556e+00,1.490283192822447e-01,,False,True,False,True,0.088
0.088,0.088,0.088,0.8,2,3.859514712566444e-01,-3.859514712566444e-01,5.244430498929782e-01,2.377784750535113e-01,1.287492278919956e+00,1.302304189882252e+00,1.481729962031335e-01,,False,True,False,True,0.088
0.088,0.088,0.088,0.85,1,4.100734382101847e-01,-4.100734382101847e-01,5.585543020544002e-01,2.207228489728001e-01,1.369846487172980e+00,1.385847225445864e+00,1.893505892373848e-01,,False,True,False,True,0.088
0.088,0.088,0.088,0.85,2,4.100734382101847e-01,-4.100734382101847e-01,5.568436558961780e-01,2.215781720519113e-01,1.367427268175601e+00,1.383090860120684e+00,1.884952661582737e-01,,False,True,False,True,0.088
0.088,0.088,0.088,0.9,1,4.341954051637250e-01,-4.341954051637250e-01,5.909549080576004e-01,2.045225459712000e-01,1.449781476428625e+00,1.466633360076960e+00,2.296728591925252e-01,,False,True,False,True,0.088
0.088,0.088,0.088,0.9,2,4.341954051637251e-01,-4.341954051637251e-01,5.892442618993778e-01,2.053778690503112e-01,1.447362257431245e+00,1.463877658886334e+00,2.288175361134140e-01,,False,True,False,True,0.088
0.088,0.088,0.088,0.95,1,4.583173721172655e-01,-4.583173721172655e-01,6.233555140608004e-01,1.883222429696001e-01,1.529716465684270e+00,1.547419672221445e+00,2.699951291476657e-01,,False,True,False,True,0.088
0.088,0.088,0.088,0.95,2,4.583173721172654e-01,-4.583173721172654e-01,6.216448679025777e-01,1.891775660487112e-01,1.527297246686890e+00,1.544664566013073e+00,2.691398060685542e-01,,False,True,False,True,0.088
0.088,0.088,0.088,1.0,1,4.824393390708056e-01,-4.824393390708056e-01,6.557561200640003e-01,1.721219399680001e-01,1.609651454939914e+00,1.628206135456401e+00,3.103173991028057e-01,,False,True,False,True,0.088
0.088,0.088,0.088,1.0,2,4.824393390708056e-01,-4.824393390708056e-01,6.540454739057782e-01,1.729772630471113e-01,1.607232235942535e+00,1.625451565343870e+00,3.094620760236946e-01,,False,True,False,True,0.088
0.089,0.089,0.089,0.5,1,2.390630238988479e-01,-2.390630238988479e-01,3.302409228808884e-01,3.348795385595557e-01,8.051173626484338e-01,8.153776954047297e-01,0.000000000000000e+00,,False,False,False,True,0.089
0.089,0.089,0.089,0.5,2,2.390630238988479e-01,-2.390630238988479e-01,3.284725473093334e-01,3.357637263453334e-01,8.026165019317714e-01,8.125154613459202e-01,0.000000000000000e+00,,False,False,False,True,0.089
0.089,0.089,0.089,0.6,1,2.868756286786175e-01,-2.868756286786175e-01,3.947049074570662e-01,3.026475462714668e-01,9.639004380526093e-01,9.758884983448535e-01,0.000000000000000e+00,,False,False,False,True,0.089
0.089,0.089,0.089,0.6,2,2.868756286786175e-01,-2.868756286786175e-01,3.929365318855109e-01,3.035317340572447e-01,9.613995773359465e-01,9.730297928017726e-01,0.000000000000000e+00,,False,False,False,True,0.089
0.089,0.089,0.089,0.7,1,3.346882334583872e-01,-3.346882334583872e-01,4.591688920332440e-01,2.704155539833779e-01,1.122683513456785e+00,1.136401839186355e+00,6.427267947500920e-02,,False,True,False,True,0.089
0.089,0.089,0.089,0.7,2,3.346882334583872e-01,-3.346882334583872e-01,4.574005164616888e-01,2.712997417691557e-01,1.120182652740122e+00,1.133545669260688e+00,6.338849168923155e-02,,False,True,False,True,0.089
0.089,0.089,0.089,0.8,1,3.825008382381568e-01,-3.825008382381568e-01,5.236328766094218e-01,2.381835616952889e-01,1.281466588860960e+00,1.296916775616925e+00,1.443172765428677e-01,,False,True,False,True,0.089
0.089,0.089,0.089,0.8,2,3.825008382381567e-01,-3.825008382381567e-01,5.218645010378669e-01,2.390677494810666e-01,1.278965728144298e+00,1.294062515794958e+00,1.434330887570902e-01,,False,True,False,True,0.089
0.089,0.089,0.089,0.85,1,4.064071406280416e-01,-4.064071406280416e-01,5.558648688975114e-01,2.220675655512445e-01,1.360858126563049e+00,1.377174667829623e+00,1.843395750767973e-01,,False,True,False,True,0.089
0.089,0.089,0.089,0.85,2,4.064071406280416e-01,-4.064071406280416e-01,5.540964933259558e-01,2.229517533370222e-01,1.358357265846386e+00,1.374321196619745e+00,1.834553872910195e-01,,False,True,False,True,0.089
0.089,0.089,0.089,0.9,1,4.303134430179264e-01,-4.303134430179264e-01,5.880968611855999e-01,2.059515694072000e-01,1.440249664265136e+00,1.457432780444158e+00,2.243618736107263e-01,,False,True,False,True,0.089
0.089,0.089,0.089,0.9,2,4.303134430179264e-01,-4.303134430179264e-01,5.863284856140449e-01,2.068357571929778e-01,1.437748803548474e+00,1.454580011253285e+00,2.234776858249489e-01,,False,True,False,True,0.089
0.089,0.089,0.089,0.95,1,4.542197454078111e-01,-4.542197454078111e-01,6.203288534736887e-01,1.898355732631556e-01,1.519641201967224e+00,1.537691078949628e+00,2.643841721446555e-01,,False,True,False,True,0.089
0.089,0.089,0.089,0.95,2,4.542197454078112e-01,-4.542197454078112e-01,6.185604779021339e-01,1.907197610489333e-01,1.517140341250562e+00,1.534838938704453e+00,2.634999843588781e-01,,False,True,False,True,0.089
0.089,0.089,0.089,1.0,1,4.781260477976959e-01,-4.781260477976959e-01,6.525608457617778e-01,1.737195771191111e-01,1.599032739669312e+00,1.617949535682706e+00,3.044064706785847e-01,,False,True,False,True,0.089
0.089,0.089,0.089,1.0,2,4.781260477976959e-01,-4.781260477976959e-01,6.507924701902228e-01,1.746037649048889e-01,1.596531878952649e+00,1.615097962154539e+00,3.035222828928072e-01,,False,True,False,True,0.089
0.09,0.09,0.09,0.5,1,2.369214848000000e-01,-2.369214848000000e-01,3.287403200000001e-01,3.356298399999999e-01,7.999665960646023e-01,8.104368894702143e-01,0.000000000000000e+00,,False,False,False,True,0.09
0.09,0.09,0.09,0.5,2,2.369214848000001e-01,-2.369214848000001e-01,3.269129599999996e-01,3.365435200000001e-01,7.973823187692637e-01,8.074747633847091e-01,0.000000000000000e+00,,False,False,False,True,0.09
0.09,0.09,0.09,0.6,1,2.843057817600000e-01,-2.843057817600000e-01,3.928683840000002e-01,3.035658080000001e-01,9.576688893064785e-01,9.698976125116225e-01,0.000000000000000e+00,,False,False,False,True,0.09
0.09,0.09,0.09,0.6,2,2.843057817600000e-01,-2.843057817600000e-01,3.910410240000000e-01,3.044794880000000e-01,9.550846120111403e-01,9.669392121392809e-01,0.000000000000000e+00,,False,False,False,True,0.09
0.09,0.09,0.09,0.7,1,3.316900787200000e-01,-3.316900787200000e-01,4.569964479999998e-01,2.715017760000000e-01,1.115371182548354e+00,1.129360990659579e+00,6.018830271999992e-02,,False,True,False,True,0.09
0.09,0.09,0.09,0.7,2,3.316900787199999e-01,-3.316900787199999e-01,4.551690880000002e-01,2.724154560000001e-01,1.112786905253016e+00,1.126405268084328e+00,5.927462272000006e-02,,False,True,False,True,0.09
0.09,0.09,0.09,0.8,1,3.790743756800001e-01,-3.790743756800001e-01,5.211245119999999e-01,2.394377440000001e-01,1.273073475790230e+00,1.288826038384420e+00,1.396366316800000e-01,,False,True,False,True,0.09
0.09,0.09,0.09,0.8,2,3.790743756800000e-01,-3.790743756800000e-01,5.192971519999999e-01,2.403514240000000e-01,1.270489198494892e+00,1.285872333278063e+00,1.387229516799999e-01,,False,True,False,True,0.09
0.09,0.09,0.09,0.85,1,4.027665241599999e-01,-4.027665241599999e-01,5.531885440000002e-01,2.234057279999999e-01,1.351924622411169e+00,1.368559005957387e+00,1.793607961599999e-01,,False,True,False,True,0.09
0.09,0.09,0.09,0.85,2,4.027665241600000e-01,-4.027665241600000e-01,5.513611839999997e-01,2.243194080000001e-01,1.349340345115830e+00,1.365606133855306e+00,1.784471161599999e-01,,False,True,False,True,0.09
0.09,0.09,0.09,0.9,1,4.264586726400000e-01,-4.264586726400000e-01,5.852525759999999e-01,2.073737119999999e-01,1.430775769032106e+00,1.448292204197076e+00,2.190849606399999e-01,,False,True,False,True,0.09
0.09,0.09,0.09,0.9,2,4.264586726400000e-01,-4.264586726400000e-01,5.834252159999997e-01,2.082873919999999e-01,1.428191491736768e+00,1.445340073663658e+00,2.181712806399999e-01,,False,True,False,True,0.09
0.09,0.09,0.09,0.95,1,4.501508211200000e-01,-4.501508211200000e-01,6.173166079999998e-01,1.913416960000000e-01,1.509626915653044e+00,1.528025596994547e+00,2.588091251199999e-01,,False,True,False,True,0.09
0.09,0.09,0.09,0.95,2,4.501508211199999e-01,-4.501508211199999e-01,6.154892480000003e-01,1.922553759999999e-01,1.507042638357706e+00,1.525074130865272e+00,2.578954451200001e-01,,False,True,False,True,0.09
0.09,0.09,0.09,1.0,1,4.738429695999999e-01,-4.738429695999999e-01,6.493806400000000e-01,1.753096800000000e-01,1.588478062273982e+00,1.607759155403764e+00,2.985332895999999e-01,,False,True,False,True,0.09
0.09,0.09,0.09,1.0,2,4.738429696000002e-01,-4.738429696000002e-01,6.475532800000001e-01,1.762233600000001e-01,1.585893784978645e+00,1.604808287962279e+00,2.976196096000002e-01,,False,True,False,True,0.09
0.091,0.091,0.091,0.5,1,2.347949745939520e-01,-2.347949745939520e-01,3.272482346320000e-01,3.363758826839999e-01,7.948491291270403e-01,8.055310972627565e-01,0.000000000000000e+00,,False,False,False,True,0.091
0.091,0.091,0.091,0.5,2,2.347949745939520e-01,-2.347949745939520e-01,3.253606230071114e-01,3.373196884964444e-01,7.921796431666297e-01,8.024667347576477e-01,0.000000000000000e+00,,False,False,False,True,0.091
0.091,0.091,0.091,0.6,1,2.817539695127424e-01,-2.817539695127424e-01,3.910416815584000e-01,3.044791592208001e-01,9.514767344504459e-01,9.639479157137246e-01,0.000000000000000e+00,,False,False,False,True,0.091
0.091,0.091,0.091,0.6,2,2.817539695127423e-01,-2.817539695127423e-01,3.891540699335110e-01,3.054229650332444e-01,9.488072484900348e-01,9.608874845308440e-01,0.000000000000000e+00,,False,False,False,True,0.091
0.091,0.091,0.091,0.7,1,3.287129644315328e-01,-3.287129644315328e-01,4.548351284848001e-01,2.725824357576001e-01,1.108104339773852e+00,1.122367510380001e+00,5.613052867393281e-02,,False,True,False,True,0.091
0.091,0.091,0.091,0.7,2,3.287129644315328e-01,-3.287129644315328e-01,4.529475168599114e-01,2.735262415700446e-01,1.105434853813441e+00,1.119309905280795e+00,5.518672286148840e-02,,False,True,False,True,0.091
0.091,0.091,0.091,0.8,1,3.756719593503230e-01,-3.756719593503230e-01,5.186285754111998e-01,2.406857122944000e-01,1.264731945097257e+00,1.280788851099449e+00,1.349862470559229e-01,,False,True,False,True,0.091
0.091,0.091,0.091,0.8,2,3.756719593503232e-01,-3.756719593503232e-01,5.167409637863108e-01,2.416295181068445e-01,1.262062459136846e+00,1.277733375469102e+00,1.340424412434786e-01,,False,True,False,True,0.091
0.091,0.091,0.091,0.85,1,3.991514568097184e-01,-3.991514568097184e-01,5.505252988743997e-01,2.247373505628001e-01,1.343045747758960e+00,1.359999985550099e+00,1.744141062469183e-01,,False,True,False,True,0.091
0.091,0.091,0.091,0.85,2,3.991514568097184e-01,-3.991514568097184e-01,5.486376872495109e-01,2.256811563752445e-01,1.340376261798549e+00,1.356945389238362e+00,1.734703004344738e-01,,False,True,False,True,0.091
0.091,0.091,0.091,0.9,1,4.226309542691136e-01,-4.226309542691136e-01,5.824220223376001e-01,2.087889888312001e-01,1.421359550420663e+00,1.439211361281228e+00,2.138419654379136e-01,,False,True,False,True,0.091
0.091,0.091,0.091,0.9,2,4.226309542691136e-01,-4.226309542691136e-01,5.805344107127115e-01,2.097327946436445e-01,1.418690064460253e+00,1.436157547803133e+00,2.128981596254694e-01,,False,True,False,True,0.091
0.091,0.091,0.091,0.95,1,4.461104517285087e-01,-4.461104517285087e-01,6.143187458007997e-01,1.928406270996000e-01,1.499673353082366e+00,1.518422940532290e+00,2.532698246289086e-01,,False,True,False,True,0.091
0.091,0.091,0.091,0.95,2,4.461104517285087e-01,-4.461104517285087e-01,6.124311341759110e-01,1.937844329120444e-01,1.497003867121955e+00,1.515369828456944e+00,2.523260188164642e-01,,False,True,False,True,0.091
0.091,0.091,0.091,1.0,1,4.695899491879041e-01,-4.695899491879041e-01,6.462154692639999e-01,1.768922653680000e-01,1.577987155744069e+00,1.597634693031407e+00,2.926976838199040e-01,,False,True,False,True,0.091
0.091,0.091,0.091,1.0,2,4.695899491879040e-01,-4.695899491879040e-01,6.443278576391105e-01,1.778360711804445e-01,1.575317669783657e+00,1.594582213005155e+00,2.917538780074592e-01,,False,True,False,True,0.091
0.092,0.092,0.092,0.5,1,2.326834158960642e-01,-2.326834158960642e-01,3.257646500408891e-01,3.371176749795559e-01,7.897648287290636e-01,8.006601757283142e-01,0.000000000000000e+00,,False,False,False,True,0.092
0.092,0.092,0.092,0.5,2,2.326834158960641e-01,-2.326834158960641e-01,3.238155074560005e-01,3.380922462720001e-01,7.870083248505152e-01,7.974912034675941e-01,0.000000000000000e+00,,False,False,False,True,0.092
0.092,0.092,0.092,0.6,1,2.792200990752769e-01,-2.792200990752769e-01,3.892247800490670e-01,3.053876099754667e-01,9.453238137564911e-01,9.580392332923574e-01,0.000000000000000e+00,,False,False,False,True,0.092
0.092,0.092,0.092,0.6,2,2.792200990752769e-01,-2.792200990752769e-01,3.872756374641780e-01,3.063621812679111e-01,9.425673098779422e-01,9.548744066124988e-01,0.000000000000000e+00,,False,False,False,True,0.092
0.092,0.092,0.092,0.7,1,3.257567822544897e-01,-3.257567822544897e-01,4.526849100572446e-01,2.736575449713779e-01,1.100882798783919e+00,1.115421192157177e+00,5.209923728311205e-02,,False,True,False,True,0.092
0.092,0.092,0.092,0.7,2,3.257567822544898e-01,-3.257567822544898e-01,4.507357674723559e-01,2.746321162638223e-01,1.098126294905370e+00,1.112259346130556e+00,5.112466599066778e-02,,False,True,False,True,0.092
0.092,0.092,0.092,0.8,1,3.722934654337026e-01,-3.722934654337026e-01,5.161450400654225e-01,2.419274799672890e-01,1.256441783811346e+00,1.272804976088280e+00,1.303659854664138e-01,,False,True,False,True,0.092
0.092,0.092,0.092,0.8,2,3.722934654337027e-01,-3.722934654337027e-01,5.141958974805337e-01,2.429020512597334e-01,1.253685279932798e+00,1.269645376300717e+00,1.293914141739695e-01,,False,True,False,True,0.092
0.092,0.092,0.092,0.85,1,3.955618070233091e-01,-3.955618070233091e-01,5.478751050695111e-01,2.260624474652446e-01,1.334221276325060e+00,1.351497353205656e+00,1.694993595580646e-01,,False,True,False,True,0.092
0.092,0.092,0.092,0.85,2,3.955618070233090e-01,-3.955618070233090e-01,5.459259624846224e-01,2.270370187576891e-01,1.331464772446511e+00,1.348338681029817e+00,1.685247882656202e-01,,False,True,False,True,0.092
0.092,0.092,0.092,0.9,1,4.188301486129154e-01,-4.188301486129154e-01,5.796051700736005e-01,2.101974149632000e-01,1.412000768838774e+00,1.430189982573174e+00,2.086327336497156e-01,,False,True,False,True,0.092
0.092,0.092,0.092,0.9,2,4.188301486129155e-01,-4.188301486129155e-01,5.776560274887110e-01,2.111719862556445e-01,1.409244264960225e+00,1.427032136262047e+00,2.076581623572710e-01,,False,True,False,True,0.092
0.092,0.092,0.092,0.95,1,4.420984902025217e-01,-4.420984902025217e-01,6.113352350776887e-01,1.943323824611557e-01,1.489780261352487e+00,1.508882824724096e+00,2.477661077413661e-01,,False,True,False,True,0.092
0.092,0.092,0.092,0.95,2,4.420984902025219e-01,-4.420984902025219e-01,6.093860924928002e-01,1.953069537536001e-01,1.487023757473938e+00,1.505725718400258e+00,2.467915364489220e-01,,False,True,False,True,0.092
0.092,0.092,0.092,1.0,1,4.653668317921283e-01,-4.653668317921283e-01,6.430653000817779e-01,1.784673499591111e-01,1.567559753866201e+00,1.587575848016730e+00,2.868994818330173e-01,,False,True,False,True,0.092
0.092,0.092,0.092,1.0,2,4.653668317921282e-01,-4.653668317921282e-01,6.411161574968894e-01,1.794419212515557e-01,1.564803249987653e+00,1.584419408535277e+00,2.859249105405730e-01,,False,True,False,True,0.092
0.093,0.093,0.093,0.5,1,2.305867315815360e-01,-2.305867315815360e-01,3.242895495120002e-01,3.378552252440001e-01,7.847135621616247e-01,7.958239823080261e-01,0.000000000000000e+00,,False,False,False,True,0.093
0.093,0.093,0.093,0.5,2,2.305867315815360e-01,-2.305867315815360e-01,3.222775845359997e-01,3.388612077320000e-01,7.818682140055450e-01,7.925479979807248e-01,0.000000000000000e+00,,False,False,False,True,0.093
0.093,0.093,0.093,0.6,1,2.767040778978432e-01,-2.767040778978432e-01,3.874176594143999e-01,3.062911702928000e-01,9.392099679737560e-01,9.521713911926312e-01,0.000000000000000e+00,,False,False,False,True,0.093
0.093,0.093,0.093,0.6,2,2.767040778978432e-01,-2.767040778978432e-01,3.854056944383999e-01,3.072971527808001e-01,9.363646198176772e-01,9.488997755945375e-01,0.000000000000000e+00,,False,False,False,True,0.093
0.093,0.093,0.093,0.7,1,3.228214242141503e-01,-3.228214242141503e-01,4.505457693167999e-01,2.747271153416001e-01,1.093706373785888e+00,1.108521830512903e+00,4.809430887255023e-02,,False,True,False,True,0.093
0.093,0.093,0.093,0.7,2,3.228214242141504e-01,-3.228214242141504e-01,4.485338043407999e-01,2.757330978296000e-01,1.090861025629809e+00,1.105253356598537e+00,4.708832638455035e-02,,False,True,False,True,0.093
0.093,0.093,0.093,0.8,1,3.689387705304576e-01,-3.689387705304576e-01,5.136738792191997e-01,2.431630603903999e-01,1.248202779598020e+00,1.264874176497610e+00,1.257757101400575e-01,,False,True,False,True,0.093
0.093,0.093,0.093,0.8,2,3.689387705304576e-01,-3.689387705304576e-01,5.116619142432000e-01,2.441690428784000e-01,1.245357431441941e+00,1.261608070499775e+00,1.247697276520576e-01,,False,True,False,True,0.093
0.093,0.093,0.093,0.85,1,3.919974436886111e-01,-3.919974436886111e-01,5.452379341703999e-01,2.273810329148001e-01,1.325450982504086e+00,1.343050856396452e+00,1.646164107738110e-01,,False,True,False,True,0.093
0.093,0.093,0.093,0.85,2,3.919974436886111e-01,-3.919974436886111e-01,5.432259691944001e-01,2.283870154028000e-01,1.322605634348007e+00,1.339785728339575e+00,1.636104282858112e-01,,False,True,False,True,0.093
0.093,0.093,0.093,0.9,1,4.150561168467648e-01,-4.150561168467648e-01,5.768019891216003e-01,2.115990054391999e-01,1.402699185410152e+00,1.421227799878049e+00,2.034571114075650e-01,,False,True,False,True,0.093
0.093,0.093,0.093,0.9,2,4.150561168467647e-01,-4.150561168467647e-01,5.747900241456000e-01,2.126049879272000e-01,1.399853837254073e+00,1.417963542534454e+00,2.024511289195647e-01,,False,True,False,True,0.093
0.093,0.093,0.093,0.95,1,4.381147900049184e-01,-4.381147900049184e-01,6.083660440727998e-01,1.958169779636000e-01,1.479947388316218e+00,1.499404965713855e+00,2.422978120413183e-01,,False,True,False,True,0.093
0.093,0.093,0.093,0.95,2,4.381147900049185e-01,-4.381147900049185e-01,6.063540790967998e-01,1.968229604516001e-01,1.477102040160139e+00,1.496141488574369e+00,2.412918295533184e-01,,False,True,False,True,0.093
0.093,0.093,0.093,1.0,1,4.611734631630720e-01,-4.611734631630720e-01,6.399300990239998e-01,1.800349504880000e-01,1.557195591222283e+00,1.577582320847553e+00,2.811385126750719e-01,,False,True,False,True,0.093
0.093,0.093,0.093,1.0,2,4.611734631630720e-01,-4.611734631630720e-01,6.379181340480004e-01,1.810409329759999e-01,1.554350243066206e+00,1.574319546817740e+00,2.801325301870721e-01,,False,True,False,True,0.093
0.094,0.094,0.094,0.5,1,2.285048447849812e-01,-2.285048447849812e-01,3.228229163519996e-01,3.385885418240001e-01,7.796951971127124e-01,7.910223749356738e-01,0.000000000000000e+00,,False,False,False,True,0.094
0.094,0.094,0.094,0.5,2,2.285048447849811e-01,-2.285048447849811e-01,3.207468255004444e-01,3.396265872497776e-01,7.767591612737242e-01,7.876369472258671e-01,0.000000000000000e+00,,False,False,False,True,0.094
0.094,0.094,0.094,0.6,1,2.742058137419775e-01,-2.742058137419775e-01,3.856202996223994e-01,3.071898501887999e-01,9.331350383278290e-01,9.463442159611251e-01,0.000000000000000e+00,,False,False,False,True,0.094
0.094,0.094,0.094,0.6,2,2.742058137419774e-01,-2.742058137419774e-01,3.835442087708444e-01,3.082278956145775e-01,9.301990024888411e-01,9.429633892607986e-01,0.000000000000000e+00,,False,False,False,True,0.094
0.094,0.094,0.094,0.7,1,3.199067826989735e-01,-3.199067826989735e-01,4.484176828927997e-01,2.757911585535998e-01,1.086574879542946e+00,1.101669220678795e+00,4.411562414537340e-02,,False,True,False,True,0.094
0.094,0.094,0.094,0.7,2,3.199067826989735e-01,-3.199067826989735e-01,4.463415920412440e-01,2.768292039793778e-01,1.083638843703957e+00,1.098291703333355e+00,4.307757871959556e-02,,False,True,False,True,0.094
0.094,0.094,0.094,0.8,1,3.656077516559698e-01,-3.656077516559698e-01,5.112150661631996e-01,2.443924669184000e-01,1.240014720758063e+00,1.256996216292122e+00,1.212152847375696e-01,,False,True,False,True,0.094
0.094,0.094,0.094,0.8,2,3.656077516559698e-01,-3.656077516559698e-01,5.091389753116441e-01,2.454305123441775e-01,1.237078684919074e+00,1.253621193586522e+00,1.201772393117919e-01,,False,True,False,True,0.094
0.094,0.094,0.094,0.85,1,3.884582361344679e-01,-3.884582361344679e-01,5.426137577983996e-01,2.286931211007998e-01,1.316734641365621e+00,1.334660243466931e+00,1.597651150336677e-01,,False,True,False,True,0.094
0.094,0.094,0.094,0.85,2,3.884582361344679e-01,-3.884582361344679e-01,5.405376669468438e-01,2.297311665265777e-01,1.313798605526632e+00,1.331286251125638e+00,1.587270696078898e-01,,False,True,False,True,0.094
0.094,0.094,0.094,0.9,1,4.113087206129662e-01,-4.113087206129662e-01,5.740124494335992e-01,2.129937752831998e-01,1.393454561973179e+00,1.412324545927083e+00,1.983149453297658e-01,,False,True,False,True,0.094
0.094,0.094,0.094,0.9,2,4.113087206129662e-01,-4.113087206129662e-01,5.719363585820445e-01,2.140318207089776e-01,1.390518526134192e+00,1.408951471017173e+00,1.972768999039884e-01,,False,True,False,True,0.094
0.094,0.094,0.094,0.95,1,4.341592050914643e-01,-4.341592050914643e-01,6.054111410687997e-01,1.972944294655999e-01,1.470174482580738e+00,1.489989080625597e+00,2.368647756258641e-01,,False,True,False,True,0.094
0.094,0.094,0.094,0.95,2,4.341592050914643e-01,-4.341592050914643e-01,6.033350502172440e-01,1.983324748913777e-01,1.467238446741750e+00,1.486616827815825e+00,2.358267302000863e-01,,False,True,False,True,0.094
0.094,0.094,0.094,1.0,1,4.570096895699624e-01,-4.570096895699624e-01,6.368098327039995e-01,1.815950836479999e-01,1.546894403188297e+00,1.567653813045889e+00,2.754146059219622e-01,,False,True,False,True,0.094
0.094,0.094,0.094,1.0,2,4.570096895699622e-01,-4.570096895699622e-01,6.347337418524445e-01,1.826331290737777e-01,1.543958367349308e+00,1.564282301129613e+00,2.743765604961845e-01,,False,True,False,True,0.094
0.095,0.095,0.095,0.5,1,2.264376789000000e-01,-2.264376789000000e-01,3.213647338888892e-01,3.393176330555554e-01,7.747096016667517e-01,7.862552120351154e-01,0.000000000000000e+00,,False,False,False,True,0.095
0.095,0.095,0.095,0.5,2,2.264376788999999e-01,-2.264376788999999e-01,3.192232016666672e-01,3.403883991666666e-01,7.716810177538261e-01,7.827578805938324e-01,0.000000000000000e+00,,False,False,False,True,0.095
0.095,0.095,0.095,0.6,1,2.717252146800000e-01,-2.717252146800000e-01,3.838326806666670e-01,3.080836596666666e-01,9.270988665200186e-01,9.405575347434131e-01,0.000000000000000e+00,,False,False,False,True,0.095
0.095,0.095,0.095,0.6,2,2.717252146800000e-01,-2.717252146800000e-01,3.816911484444441e-01,3.091544257777777e-01,9.240702826070920e-01,9.370650459679537e-01,0.000000000000000e+00,,False,False,False,True,0.095
0.095,0.095,0.095,0.7,1,3.170127504600000e-01,-3.170127504600000e-01,4.463006274444445e-01,2.768496862777778e-01,1.079488131373285e+00,1.094863158593838e+00,4.016306418222232e-02,,False,True,False,True,0.095
0.095,0.095,0.095,0.7,2,3.170127504600000e-01,-3.170127504600000e-01,4.441590952222220e-01,2.779204523888889e-01,1.076459547460359e+00,1.091374153666536e+00,3.909229807111098e-02,,False,True,False,True,0.095
0.095,0.095,0.095,0.8,1,3.623002862400000e-01,-3.623002862400000e-01,5.087685742222223e-01,2.456157128888889e-01,1.231877396226552e+00,1.249170860252030e+00,1.166845733511112e-01,,False,True,False,True,0.095
0.095,0.095,0.095,0.8,2,3.623002862400000e-01,-3.623002862400000e-01,5.066270419999997e-01,2.466864789999999e-01,1.228848812313626e+00,1.245684481873730e+00,1.156138072399999e-01,,False,True,False,True,0.095
0.095,0.095,0.095,0.85,1,3.849440541299999e-01,-3.849440541299999e-01,5.400025476111113e-01,2.299987261944445e-01,1.308072028653185e+00,1.326325263631106e+00,1.549453279355556e-01,,False,True,False,True,0.095
0.095,0.095,0.095,0.85,2,3.849440541299999e-01,-3.849440541299999e-01,5.378610153888892e-01,2.310694923055555e-01,1.305043444740260e+00,1.322839970193231e+00,1.538745618244445e-01,,False,True,False,True,0.095
0.095,0.095,0.095,0.9,1,4.075878220200001e-01,-4.075878220200001e-01,5.712365210000000e-01,2.143817395000000e-01,1.384266661079818e+00,1.403479954375111e+00,1.932060825200001e-01,,False,True,False,True,0.095
0.095,0.095,0.095,0.9,2,4.075878220199999e-01,-4.075878220199999e-01,5.690949887777774e-01,2.154525056111111e-01,1.381238077166892e+00,1.399995627008864e+00,1.921353164088886e-01,,False,True,False,True,0.095
0.095,0.095,0.095,0.95,1,4.302315899099999e-01,-4.302315899099999e-01,6.024704943888890e-01,1.987647528055556e-01,1.460461293506452e+00,1.480634887560980e+00,2.314668371044444e-01,,False,True,False,True,0.095
0.095,0.095,0.095,0.95,2,4.302315899099998e-01,-4.302315899099998e-01,6.003289621666670e-01,1.998355189166667e-01,1.457432709593526e+00,1.477151425917592e+00,2.303960709933333e-01,,False,True,False,True,0.095
0.095,0.095,0.095,1.0,1,4.528753578000000e-01,-4.528753578000000e-01,6.337044677777779e-01,1.831477661111112e-01,1.536655925933086e+00,1.557790027165400e+00,2.697275916888889e-01,,False,True,False,True,0.095
0.095,0.095,0.095,1.0,2,4.528753577999998e-01,-4.528753577999998e-01,6.315629355555553e-01,1.842185322222222e-01,1.533627342020159e+00,1.554307345758912e+00,2.686568255777775e-01,,False,True,False,True,0.095
0.096,0.096,0.096,0.5,1,2.243851575787519e-01,-2.243851575787519e-01,3.199149854720002e-01,3.400425072639997e-01,7.697566443039892e-01,7.815223525176779e-01,0.000000000000000e+00,,False,False,False,True,0.096
0.096,0.096,0.096,0.5,2,2.243851575787519e-01,-2.243851575787519e-01,3.177066844160002e-01,3.411466577919999e-01,7.666336350007912e-01,7.779106279367810e-01,0.000000000000000e+00,,False,False,False,True,0.096
0.096,0.096,0.096,0.6,1,2.692621890945022e-01,-2.692621890945022e-01,3.820547825663996e-01,3.089726087167999e-01,9.211012947266199e-01,9.348111752815589e-01,0.000000000000000e+00,,False,False,False,True,0.096
0.096,0.096,0.096,0.6,2,2.692621890945022e-01,-2.692621890945022e-01,3.798464815103991e-01,3.100767592447999e-01,9.179782854234213e-01,9.312045446448239e-01,0.000000000000000e+00,,False,False,False,True,0.096
0.096,0.096,0.096,0.7,1,3.141392206102526e-01,-3.141392206102526e-01,4.441945796607999e-01,2.779027101695998e-01,1.072445945149252e+00,1.088103440901924e+00,3.623651044065251e-02,,False,True,False,True,0.096
0.096,0.096,0.096,0.7,2,3.141392206102526e-01,-3.141392206102526e-01,4.419862786047998e-01,2.790068606976001e-01,1.069322935846054e+00,1.084500475611766e+00,3.513235991265251e-02,,False,True,False,True,0.096
0.096,0.096,0.096,0.8,1,3.590162521260029e-01,-3.590162521260029e-01,5.063343767551995e-01,2.468328116223998e-01,1.223790595571884e+00,1.241397873970595e+00,1.121834405036027e-01,,False,True,False,True,0.096
0.096,0.096,0.096,0.8,2,3.590162521260029e-01,-3.590162521260029e-01,5.041260756991995e-01,2.479369621503999e-01,1.220667586268685e+00,1.237797672465863e+00,1.110792899756026e-01,,False,True,False,True,0.096
0.096,0.096,0.096,0.85,1,3.814547678838782e-01,-3.814547678838782e-01,5.374042753023998e-01,2.312978623487998e-01,1.299462920783199e+00,1.318045666970065e+00,1.501569055350781e-01,,False,True,False,True,0.096
0.096,0.096,0.096,0.85,2,3.814547678838781e-01,-3.814547678838781e-01,5.351959742463998e-01,2.324020128767999e-01,1.296339911480001e+00,1.314446607193912e+00,1.490527550070780e-01,,False,True,False,True,0.096
0.096,0.096,0.096,0.9,1,4.038932836417533e-01,-4.038932836417533e-01,5.684741738495994e-01,2.157629130751998e-01,1.375135245994515e+00,1.394693759798046e+00,1.881303705665530e-01,,False,True,False,True,0.096
0.096,0.096,0.096,0.9,2,4.038932836417535e-01,-4.038932836417535e-01,5.662658727935995e-01,2.168670636031999e-01,1.372012236691317e+00,1.391095716709120e+00,1.870262200385533e-01,,False,True,False,True,0.096
0.096,0.096,0.096,0.95,1,4.263317993996285e-01,-4.263317993996285e-01,5.995440723967995e-01,2.002279638015999e-01,1.450807571205831e+00,1.471342105596742e+00,2.261038355980282e-01,,False,True,False,True,0.096
0.096,0.096,0.096,0.95,2,4.263317993996285e-01,-4.263317993996285e-01,5.973357713408000e-01,2.013321143295999e-01,1.447684561902634e+00,1.467744973628094e+00,2.249996850700284e-01,,False,True,False,True,0.096
0.096,0.096,0.096,1.0,1,4.487703151575037e-01,-4.487703151575037e-01,6.306139709439994e-01,1.846930145279999e-01,1.526479896417146e+00,1.547990666788821e+00,2.640773006295034e-01,,False,True,False,True,0.096
0.096,0.096,0.096,1.0,2,4.487703151575037e-01,-4.487703151575037e-01,6.284056698879992e-01,1.857971650559999e-01,1.523356887113948e+00,1.544394356003609e+00,2.629731501015033e-01,,False,True,False,True,0.096
0.097,0.097,0.097,0.5,1,2.223472047315307e-01,-2.223472047315307e-01,3.184736544720000e-01,3.407631727640004e-01,7.648361938999032e-01,7.768236557795497e-01,0.000000000000000e+00,,False,False,False,True,0.097
0.097,0.097,0.097,0.5,2,2.223472047315307e-01,-2.223472047315307e-01,3.161972451937779e-01,3.419013774031114e-01,7.616168650251296e-01,7.730950195676062e-01,0.000000000000000e+00,,False,False,False,True,0.097
0.097,0.097,0.097,0.6,1,2.668166456778370e-01,-2.668166456778370e-01,3.802865853664002e-01,3.098567073168002e-01,9.151421655982106e-01,9.291049659116213e-01,0.000000000000000e+00,,False,False,False,True,0.097
0.097,0.097,0.097,0.6,2,2.668166456778370e-01,-2.668166456778370e-01,3.780101760881781e-01,3.109949119559110e-01,9.119228367234369e-01,9.253816847917140e-01,0.000000000000000e+00,,False,False,False,True,0.097
0.097,0.097,0.097,0.7,1,3.112860866241431e-01,-3.112860866241431e-01,4.420995162608000e-01,2.789502418696002e-01,1.065448137296517e+00,1.081389864949375e+00,3.233584475454315e-02,,False,True,False,True,0.097
0.097,0.097,0.097,0.7,2,3.112860866241433e-01,-3.112860866241433e-01,4.398231069825774e-01,2.800884465087113e-01,1.062228808421743e+00,1.077670437864158e+00,3.119764011543197e-02,,False,True,False,True,0.097
0.097,0.097,0.097,0.8,1,3.557555275704492e-01,-3.557555275704492e-01,5.039124471552001e-01,2.480437764224001e-01,1.215754108994824e+00,1.233677023851658e+00,1.077117511480493e-01,,False,True,False,True,0.097
0.097,0.097,0.097,0.8,2,3.557555275704493e-01,-3.557555275704493e-01,5.016360378769779e-01,2.491819810615113e-01,1.212534780120050e+00,1.229960503258282e+00,1.065735465089382e-01,,False,True,False,True,0.097
0.097,0.097,0.097,0.85,1,3.779902480436023e-01,-3.779902480436023e-01,5.348189126024001e-01,2.325905436988001e-01,1.290907094843978e+00,1.309821204429486e+00,1.453997043448023e-01,,False,True,False,True,0.097
0.097,0.097,0.097,0.85,2,3.779902480436023e-01,-3.779902480436023e-01,5.325425033241782e-01,2.337287483379113e-01,1.287687765969204e+00,1.306105884624744e+00,1.442614997056914e-01,,False,True,False,True,0.097
0.097,0.097,0.097,0.9,1,4.002249685167556e-01,-4.002249685167556e-01,5.657253780496002e-01,2.171373109752002e-01,1.366060080693132e+00,1.385965697690388e+00,1.830876575415557e-01,,False,True,False,True,0.097
0.097,0.097,0.097,0.9,2,4.002249685167556e-01,-4.002249685167556e-01,5.634489687713784e-01,2.182755156143111e-01,1.362840751818358e+00,1.382251447217572e+00,1.819494529024448e-01,,False,True,False,True,0.097
0.097,0.097,0.097,0.95,1,4.224596889899085e-01,-4.224596889899085e-01,5.966318434968003e-01,2.016840782516001e-01,1.441213066542285e+00,1.462110454782183e+00,2.207756107383087e-01,,False,True,False,True,0.097
0.097,0.097,0.097,0.95,2,4.224596889899085e-01,-4.224596889899085e-01,5.943554342185783e-01,2.028222828907113e-01,1.437993737667512e+00,1.458397162650291e+00,2.196374060991977e-01,,False,True,False,True,0.097
0.097,0.097,0.097,1.0,1,4.446944094630615e-01,-4.446944094630615e-01,6.275383089440004e-01,1.862308455280001e-01,1.516366052391438e+00,1.538255436525412e+00,2.584635639350617e-01,,False,True,False,True,0.097
0.097,0.097,0.097,1.0,2,4.446944094630615e-01,-4.446944094630615e-01,6.252618996657782e-01,1.873690501671112e-01,1.513146723516665e+00,1.534543008170652e+00,2.573253592959506e-01,,False,True,False,True,0.097
0.098,0.098,0.098,0.5,1,2.203237445263360e-01,-2.203237445263360e-01,3.170407242808886e-01,3.414796378595556e-01,7.599481197245910e-01,7.721589816991230e-01,0.000000000000000e+00,,False,False,False,True,0.098
0.098,0.098,0.098,0.5,2,2.203237445263360e-01,-2.203237445263360e-01,3.146948555093330e-01,3.426525722453334e-01,7.566305602923094e-01,7.683108862593218e-01,0.000000000000000e+00,,False,False,False,True,0.098
0.098,0.098,0.098,0.6,1,2.643884934316032e-01,-2.643884934316032e-01,3.785280691370665e-01,3.107359654314666e-01,9.092213222589034e-01,9.234387355610956e-01,0.000000000000000e+00,,False,False,False,True,0.098
0.098,0.098,0.098,0.6,2,2.643884934316032e-01,-2.643884934316032e-01,3.761822003655110e-01,3.119088998172445e-01,9.059037628266220e-01,9.195962664797424e-01,0.000000000000000e+00,,False,False,False,True,0.098
0.098,0.098,0.098,0.7,1,3.084532423368704e-01,-3.084532423368704e-01,4.400154139932443e-01,2.799922930033780e-01,1.058494524793215e+00,1.074722228782441e+00,2.846094933349258e-02,,False,True,False,True,0.098
0.098,0.098,0.098,0.7,2,3.084532423368704e-01,-3.084532423368704e-01,4.376695452216886e-01,2.811652273891557e-01,1.055176965360934e+00,1.070883809799528e+00,2.728801494771466e-02,,False,True,False,True,0.098
0.098,0.098,0.098,0.8,1,3.525179912421376e-01,-3.525179912421376e-01,5.015027588494220e-01,2.492486205752888e-01,1.207767727327527e+00,1.226008077107118e+00,1.032693706668485e-01,,False,True,False,True,0.098
0.098,0.098,0.098,0.8,2,3.525179912421376e-01,-3.525179912421376e-01,4.991568900778668e-01,2.504215549610666e-01,1.204450167895246e+00,1.222172712936432e+00,1.020964362810710e-01,,False,True,False,True,0.098
0.098,0.098,0.098,0.85,1,3.745503656947711e-01,-3.745503656947711e-01,5.322464312775106e-01,2.338767843612445e-01,1.282404328594683e+00,1.301651627817109e+00,1.406735813335264e-01,,False,True,False,True,0.098
0.098,0.098,0.098,0.85,2,3.745503656947711e-01,-3.745503656947711e-01,5.299005625059550e-01,2.350497187470223e-01,1.279086769162401e+00,1.297817525827440e+00,1.395006469477486e-01,,False,True,False,True,0.098
0.098,0.098,0.098,0.9,1,3.965827401474049e-01,-3.965827401474049e-01,5.629901037056001e-01,2.185049481471999e-01,1.357040929861840e+00,1.377295504462665e+00,1.780777920002050e-01,,False,True,False,True,0.098
0.098,0.098,0.098,0.9,2,3.965827401474047e-01,-3.965827401474047e-01,5.606442349340447e-01,2.196778825329777e-01,1.353723370429558e+00,1.373462526533002e+00,1.769048576144270e-01,,False,True,False,True,0.098
0.098,0.098,0.098,0.95,1,4.186151146000383e-01,-4.186151146000383e-01,5.937337761336888e-01,2.031331119331556e-01,1.431677531128995e+00,1.452939656136582e+00,2.154820026668827e-01,,False,True,False,True,0.098
0.098,0.098,0.098,0.95,2,4.186151146000383e-01,-4.186151146000383e-01,5.913879073621333e-01,2.043060463189334e-01,1.428359971696714e+00,1.449107685640741e+00,2.143090682811050e-01,,False,True,False,True,0.098
0.098,0.098,0.098,1.0,1,4.406474890526720e-01,-4.406474890526720e-01,6.244774485617778e-01,1.877612757191111e-01,1.506314132396152e+00,1.528584042008358e+00,2.528862133335609e-01,,False,True,False,True,0.098
0.098,0.098,0.098,1.0,2,4.406474890526720e-01,-4.406474890526720e-01,6.221315797902223e-01,1.889342101048889e-01,1.502996572963870e+00,1.524752979574990e+00,2.517132789477831e-01,,False,True,False,True,0.098
0.099,0.099,0.099,0.5,1,2.183147013884481e-01,-2.183147013884481e-01,3.156161783120000e-01,3.421919108439998e-01,7.550922914421709e-01,7.675281906343229e-01,0.000000000000000e+00,,False,False,False,True,0.099
0.099,0.099,0.099,0.5,2,2.183147013884480e-01,-2.183147013884480e-01,3.131994869360000e-01,3.434002565320000e-01,7.516745737221615e-01,7.635580592444843e-01,0.000000000000000e+00,,False,False,False,True,0.099
0.099,0.099,0.099,0.6,1,2.619776416661375e-01,-2.619776416661375e-01,3.767792139744000e-01,3.116103930128000e-01,9.033386083056412e-01,9.178123137463734e-01,0.000000000000000e+00,,False,False,False,True,0.099
0.099,0.099,0.099,0.6,2,2.619776416661376e-01,-2.619776416661376e-01,3.743625225983999e-01,3.128187387007999e-01,8.999208905856320e-01,9.138480903502259e-01,0.000000000000000e+00,,False,False,False,True,0.099
0.099,0.099,0.099,0.7,1,3.056405819438271e-01,-3.056405819438271e-01,4.379422496367998e-01,2.810288751816001e-01,1.051584925169111e+00,1.068100331144790e+00,2.461170676222707e-02,,False,True,False,True,0.099
0.099,0.099,0.099,0.7,2,3.056405819438272e-01,-3.056405819438272e-01,4.355255582607998e-01,2.822372208696000e-01,1.048167207449102e+00,1.064140361473697e+00,2.340336107422708e-02,,False,True,False,True,0.099
0.099,0.099,0.099,0.8,1,3.493035222215168e-01,-3.493035222215168e-01,4.991052852991997e-01,2.504473573504000e-01,1.199831242032582e+00,1.218390801754434e+00,9.885616487111665e-02,,False,True,False,True,0.099
0.099,0.099,0.099,0.8,2,3.493035222215168e-01,-3.493035222215168e-01,4.966885939231999e-01,2.516557030384000e-01,1.196413524312573e+00,1.214434040975076e+00,9.764781918311682e-02,,False,True,False,True,0.099
0.099,0.099,0.099,0.85,1,3.711349923603616e-01,-3.711349923603616e-01,5.296868031303998e-01,2.351565984348000e-01,1.273954400464317e+00,1.293536689800221e+00,1.359783939255615e-01,,False,True,False,True,0.099
0.099,0.099,0.099,0.85,2,3.711349923603616e-01,-3.711349923603616e-01,5.272701117543999e-01,2.363649441228000e-01,1.270536682744308e+00,1.289581254987561e+00,1.347700482375615e-01,,False,True,False,True,0.099
0.099,0.099,0.099,0.9,1,3.929664624992065e-01,-3.929664624992065e-01,5.602683209616000e-01,2.198658395192000e-01,1.348077558896053e+00,1.368682917438909e+00,1.731006229800065e-01,,False,True,False,True,0.099
0.099,0.099,0.099,0.9,2,3.929664624992065e-01,-3.929664624992065e-01,5.578516295855996e-01,2.210741852072001e-01,1.344659841176043e+00,1.364728663552502e+00,1.718922772920063e-01,,False,True,False,True,0.099
0.099,0.099,0.099,0.95,1,4.147979326380511e-01,-4.147979326380511e-01,5.908498387928001e-01,2.045750806036000e-01,1.422200717327788e+00,1.443829431646660e+00,2.102228520344512e-01,,False,True,False,True,0.099
0.099,0.099,0.099,0.95,2,4.147979326380511e-01,-4.147979326380511e-01,5.884331474168001e-01,2.057834262916000e-01,1.418782999607779e+00,1.439876236208714e+00,2.090145063464511e-01,,False,True,False,True,0.099
0.099,0.099,0.099,1.0,1,4.366294027768961e-01,-4.366294027768961e-01,6.214313566239997e-01,1.892843216880000e-01,1.496323875759523e+00,1.518976189892197e+00,2.473450810888960e-01,,False,True,False,True,0.099
0.099,0.099,0.099,1.0,2,4.366294027768960e-01,-4.366294027768960e-01,6.190146652479998e-01,1.904926673760000e-01,1.492906158039514e+00,1.515023948538639e+00,2.461367354008959e-01,,False,True,False,True,0.099
0.1,0.1,0.1,0.5,1,2.163199999999998e-01,-2.163199999999998e-01,3.141999999999998e-01,3.428999999999998e-01,7.502685791101738e-01,7.629311434199021e-01,0.000000000000000e+00,,False,False,False,True,0.1
0.1,0.1,0.1,0.5,2,2.163199999999998e-01,-2.163199999999998e-01,3.117111111111107e-01,3.441444444444443e-01,7.467487586882673e-01,7.588363702146151e-01,0.000000000000000e+00,,False,False,False,True,0.1
0.1,0.1,0.1,0.6,1,2.595839999999997e-01,-2.595839999999997e-01,3.750400000000000e-01,3.124799999999999e-01,8.974938678074624e-01,9.122255305701542e-01,0.000000000000000e+00,,False,False,False,True,0.1
0.1,0.1,0.1,0.6,2,2.595839999999998e-01,-2.595839999999998e-01,3.725511111111107e-01,3.137244444444443e-01,8.939740473855557e-01,9.081369576140442e-01,0.000000000000000e+00,,False,False,False,True,0.1
0.1,0.1,0.1,0.7,1,3.028479999999997e-01,-3.028479999999997e-01,4.358799999999995e-01,2.820599999999999e-01,1.044719156504750e+00,1.061523971474972e+00,2.078799999999942e-02,,False,True,False,True,0.1
0.1,0.1,0.1,0.7,2,3.028479999999998e-01,-3.028479999999998e-01,4.333911111111111e-01,2.833044444444442e-01,1.041199336082845e+00,1.057439863621801e+00,1.954355555555537e-02,,False,True,False,True,0.1
0.1,0.1,0.1,0.8,1,3.461119999999998e-01,-3.461119999999998e-01,4.967199999999995e-01,2.516399999999999e-01,1.191944445202039e+00,1.210824966614084e+00,9.447199999999950e-02,,False,True,False,True,0.1
0.1,0.1,0.1,0.8,2,3.461119999999998e-01,-3.461119999999998e-01,4.942311111111106e-01,2.528844444444442e-01,1.188424624780133e+00,1.206744227637527e+00,9.322755555555506e-02,,False,True,False,True,0.1
0.1,0.1,0.1,0.85,1,3.677439999999997e-01,-3.677439999999997e-01,5.271399999999996e-01,2.364299999999998e-01,1.265557089550684e+00,1.285476143903105e+00,1.313139999999995e-01,,False,True,False,True,0.1
0.1,0.1,0.1,0.85,2,3.677439999999996e-01,-3.677439999999996e-01,5.246511111111107e-01,2.376744444444442e-01,1.262037269128777e+00,1.281396797133695e+00,1.300695555555550e-01,,False,True,False,True,0.1
0.1,0.1,0.1,0.9,1,3.893759999999997e-01,-3.893759999999997e-01,5.575599999999995e-01,2.212199999999999e-01,1.339169733899328e+00,1.360127674854091e+00,1.681559999999994e-01,,False,True,False,True,0.1
0.1,0.1,0.1,0.9,2,3.893759999999996e-01,-3.893759999999996e-01,5.550711111111105e-01,2.224644444444443e-01,1.335649913477421e+00,1.356049568070611e+00,1.669115555555549e-01,,False,True,False,True,0.1
0.1,0.1,0.1,0.95,1,4.110079999999997e-01,-4.110079999999997e-01,5.879799999999994e-01,2.060099999999998e-01,1.412782378247972e+00,1.434779504263981e+00,2.049979999999994e-01,,False,True,False,True,0.1
0.1,0.1,0.1,0.95,2,4.110079999999997e-01,-4.110079999999997e-01,5.854911111111109e-01,2.072544444444442e-01,1.409262557826066e+00,1.430702508915285e+00,2.037535555555551e-01,,False,True,False,True,0.1
0.1,0.1,0.1,1.0,1,4.326399999999995e-01,-4.326399999999995e-01,6.183999999999995e-01,1.907999999999998e-01,1.486395022596616e+00,1.509431587850207e+00,2.418399999999993e-01,,False,True,False,True,0.1
0.1,0.1,0.1,1.0,2,4.326399999999996e-01,-4.326399999999996e-01,6.159111111111109e-01,1.920444444444443e-01,1.482875202174710e+00,1.505355594389741e+00,2.405955555555550e-01,,False,True,False,True,0.1
