d,q,gamma,v,ordering_class,T_xx,T_yy,T_zz,Q,fixed_chsh,s_max,concurrence,diqkd_rate_raw,chsh_valid,entangled,chsh_violating,shared_p,p
0.005,0.005,0.005,0.5,1,4.811200910999997e-01,-4.811200910999997e-01,4.884593338888880e-01,2.557703330555555e-01,1.371192372617192e+00,1.371231655006911e+00,2.253497580444437e-01,,False,True,False,True,0.005
0.005,0.005,0.005,0.5,2,4.811200910999996e-01,-4.811200910999996e-01,4.884590016666658e-01,2.557704991666666e-01,1.371191902784019e+00,1.371231181630972e+00,2.253495919333325e-01,,False,True,False,True,0.005
0.005,0.005,0.005,0.52,1,5.003648947439997e-01,-5.003648947439997e-01,5.079967072444440e-01,2.460016463777777e-01,1.426038653308318e+00,1.426079496330231e+00,2.543632483662217e-01,,False,True,False,True,0.005
0.005,0.005,0.005,0.52,2,5.003648947439997e-01,-5.003648947439997e-01,5.079963750222217e-01,2.460018124888887e-01,1.426038183475145e+00,1.426079022954747e+00,2.543630822551106e-01,,False,True,False,True,0.005
0.005,0.005,0.005,0.54,1,5.196096983879996e-01,-5.196096983879996e-01,5.275340805999997e-01,2.362329596999997e-01,1.480884933999443e+00,1.480927337654829e+00,2.833767386879995e-01,,False,True,False,True,0.005
0.005,0.005,0.005,0.54,2,5.196096983879999e-01,-5.196096983879999e-01,5.275337483777774e-01,2.362331258111109e-01,1.480884464166271e+00,1.480926864279768e+00,2.833765725768886e-01,,False,True,False,True,0.005
0.005,0.005,0.005,0.56,1,5.388545020319996e-01,-5.388545020319996e-01,5.470714539555552e-01,2.264642730222221e-01,1.535731214690569e+00,1.535775178980569e+00,3.123902290097772e-01,,False,True,False,True,0.005
0.005,0.005,0.005,0.56,2,5.388545020319998e-01,-5.388545020319998e-01,5.470711217333326e-01,2.264644391333332e-01,1.535730744857396e+00,1.535774705605899e+00,3.123900628986661e-01,,False,True,False,True,0.005
0.005,0.005,0.005,0.58,1,5.580993056759995e-01,-5.580993056759995e-01,5.666088273111110e-01,2.166955863444443e-01,1.590577495381694e+00,1.590623020307332e+00,3.414037193315550e-01,,False,True,False,True,0.005
0.005,0.005,0.005,0.58,2,5.580993056759994e-01,-5.580993056759994e-01,5.666084950888882e-01,2.166957524555555e-01,1.590577025548521e+00,1.590622546933027e+00,3.414035532204435e-01,,False,True,False,True,0.005
0.005,0.005,0.005,0.6,1,5.773441093199997e-01,-5.773441093199997e-01,5.861462006666660e-01,2.069268996666666e-01,1.645423776072819e+00,1.645470861635017e+00,3.704172096533327e-01,,False,True,False,True,0.005
0.005,0.005,0.005,0.6,2,5.773441093199997e-01,-5.773441093199997e-01,5.861458684444437e-01,2.069270657777777e-01,1.645423306239646e+00,1.645470388261053e+00,3.704170435422215e-01,,False,True,False,True,0.005
0.005,0.005,0.005,0.62,1,5.965889129639995e-01,-5.965889129639995e-01,6.056835740222215e-01,1.971582129888888e-01,1.700270056763944e+00,1.700318702963534e+00,3.994306999751103e-01,,False,True,False,True,0.005
0.005,0.005,0.005,0.62,2,5.965889129639995e-01,-5.965889129639995e-01,6.056832417999994e-01,1.971583790999999e-01,1.700269586930772e+00,1.700318229589888e+00,3.994305338639992e-01,,False,True,False,True,0.005
0.005,0.005,0.005,0.64,1,6.158337166079993e-01,-6.158337166079993e-01,6.252209473777766e-01,1.873895263111110e-01,1.755116337455068e+00,1.755166544292804e+00,4.284441902968876e-01,,False,True,False,True,0.005
0.005,0.005,0.005,0.64,2,6.158337166079996e-01,-6.158337166079996e-01,6.252206151555553e-01,1.873896924222222e-01,1.755115867621898e+00,1.755166070919459e+00,4.284440241857772e-01,,False,True,False,True,0.005
0.005,0.005,0.005,0.66,1,6.350785202519996e-01,-6.350785202519996e-01,6.447583207333333e-01,1.776208396333331e-01,1.809962618146196e+00,1.810014385622763e+00,4.574576806186663e-01,,False,True,False,True,0.005
0.005,0.005,0.005,0.66,2,6.350785202519997e-01,-6.350785202519997e-01,6.447579885111102e-01,1.776210057444443e-01,1.809962148313023e+00,1.810013912249696e+00,4.574575145075548e-01,,False,True,False,True,0.005
0.005,0.005,0.005,0.68,1,6.543233238959996e-01,-6.543233238959996e-01,6.642956940888887e-01,1.678521529555554e-01,1.864808898837321e+00,1.864862226953345e+00,4.864711709404439e-01,,False,True,False,True,0.005
0.005,0.005,0.005,0.68,2,6.543233238959995e-01,-6.543233238959995e-01,6.642953618666665e-01,1.678523190666666e-01,1.864808429004148e+00,1.864861753580543e+00,4.864710048293327e-01,,False,True,False,True,0.005
0.005,0.005,0.005,0.7,1,6.735681275399994e-01,-6.735681275399994e-01,6.838330674444436e-01,1.580834662777776e-01,1.919655179528445e+00,1.919710068284498e+00,5.154846612622213e-01,,False,True,False,True,0.005
0.005,0.005,0.005,0.7,2,6.735681275399996e-01,-6.735681275399996e-01,6.838327352222213e-01,1.580836323888888e-01,1.919654709695273e+00,1.919709594911945e+00,5.154844951511103e-01,,False,True,False,True,0.005
0.005,0.005,0.005,0.72,1,6.928129311839994e-01,-6.928129311839994e-01,7.033704407999994e-01,1.483147796000001e-01,1.974501460219571e+00,1.974557909616176e+00,5.444981515839992e-01,,False,True,False,True,0.005
0.005,0.005,0.005,0.72,2,6.928129311839994e-01,-6.928129311839994e-01,7.033701085777773e-01,1.483149457111111e-01,1.974500990386399e+00,1.974557436243858e+00,5.444979854728881e-01,,False,True,False,True,0.005
0.005,0.005,0.005,0.74,1,7.120577348279995e-01,-7.120577348279995e-01,7.229078141555553e-01,1.385460929222222e-01,2.029347740910697e+00,2.029405750948336e+00,5.735116419057771e-01,-5.589868803218462e-01,True,True,True,True,0.005
0.005,0.005,0.005,0.74,2,7.120577348279994e-01,-7.120577348279994e-01,7.229074819333328e-01,1.385462590333333e-01,2.029347271077524e+00,2.029405277576239e+00,5.735114757946658e-01,-5.589876655945483e-01,True,True,True,True,0.005
0.005,0.005,0.005,0.76,1,7.313025384719996e-01,-7.313025384719996e-01,7.424451875111104e-01,1.287774062444444e-01,2.084194021601822e+00,2.084253592280938e+00,6.025251322275548e-01,-4.911436468377155e-01,True,True,True,True,0.005
0.005,0.005,0.005,0.76,2,7.313025384719993e-01,-7.313025384719993e-01,7.424448552888880e-01,1.287775723555555e-01,2.084193551768649e+00,2.084253118909052e+00,6.025249661164434e-01,-4.911444688559075e-01,True,True,True,True,0.005
0.005,0.005,0.005,0.78,1,7.505473421159994e-01,-7.505473421159994e-01,7.619825608666663e-01,1.190087195666665e-01,2.139040302292948e+00,2.139101433613950e+00,6.315386225493325e-01,-4.200780992456747e-01,True,True,True,True,0.005
0.005,0.005,0.005,0.78,2,7.505473421159996e-01,-7.505473421159996e-01,7.619822286444440e-01,1.190088856777777e-01,2.139039832459775e+00,2.139100960242265e+00,6.315384564382216e-01,-4.200789605164724e-01,True,True,True,True,0.005
0.005,0.005,0.005,0.8,1,7.697921457599992e-01,-7.697921457599992e-01,7.815199342222215e-01,1.092400328888888e-01,2.193886582984072e+00,2.193949274947339e+00,6.605521128711100e-01,-3.455578849093740e-01,True,True,True,True,0.005
0.005,0.005,0.005,0.8,2,7.697921457599993e-01,-7.697921457599993e-01,7.815196019999991e-01,1.092401989999999e-01,2.193886113150900e+00,2.193948801575845e+00,6.605519467599990e-01,-3.455587883797450e-01,True,True,True,True,0.005
0.005,0.005,0.005,0.82,1,7.890369494039990e-01,-7.890369494039990e-01,8.010573075777772e-01,9.947134621111102e-02,2.248732863675197e+00,2.248797116281081e+00,6.895656031928876e-01,-2.673081514462315e-01,True,True,True,True,0.005
0.005,0.005,0.005,0.82,2,7.890369494039993e-01,-7.890369494039993e-01,8.010569753555548e-01,9.947151232222222e-02,2.248732393842025e+00,2.248796642909767e+00,6.895654370817766e-01,-2.673091006254449e-01,True,True,True,True,0.005
0.005,0.005,0.005,0.84,1,8.082817530479994e-01,-8.082817530479994e-01,8.205946809333321e-01,8.970265953333331e-02,2.303579144366322e+00,2.303644957615148e+00,7.185790935146654e-01,-1.849991453147017e-01,True,True,True,True,0.005
0.005,0.005,0.005,0.84,2,8.082817530479992e-01,-8.082817530479992e-01,8.205943487111105e-01,8.970282564444439e-02,2.303578674533150e+00,2.303644484244006e+00,7.185789274035544e-01,-1.850001444469271e-01,True,True,True,True,0.005
0.005,0.005,0.005,0.86,1,8.275265566919995e-01,-8.275265566919995e-01,8.401320542888880e-01,7.993397285555554e-02,2.358425425057448e+00,2.358492798949519e+00,7.475925838364434e-01,-9.822846341813529e-02,True,True,True,True,0.005
0.005,0.005,0.005,0.86,2,8.275265566919994e-01,-8.275265566919994e-01,8.401317220666655e-01,7.993413896666664e-02,2.358424955224275e+00,2.358492325578540e+00,7.475924177253321e-01,-9.822951773378341e-02,True,True,True,True,0.005
0.005,0.005,0.005,0.88,1,8.467713603359993e-01,-8.467713603359993e-01,8.596694276444437e-01,7.016528617777769e-02,2.413271705748574e+00,2.413340640284172e+00,7.766060741582211e-01,-6.494729556663859e-03,True,True,True,True,0.005
0.005,0.005,0.005,0.88,2,8.467713603359993e-01,-8.467713603359993e-01,8.596690954222216e-01,7.016545228888890e-02,2.413271235915401e+00,2.413340166913351e+00,7.766059080471102e-01,-6.495845653093468e-03,True,True,True,True,0.005
0.005,0.005,0.005,0.9,1,8.660161639799995e-01,-8.660161639799995e-01,8.792068009999990e-01,6.039659949999999e-02,2.468117986439699e+00,2.468188481619088e+00,8.056195644799991e-01,9.084319700437293e-02,True,True,True,True,0.005
0.005,0.005,0.005,0.9,2,8.660161639799995e-01,-8.660161639799995e-01,8.792064687777765e-01,6.039676561111108e-02,2.468117516606526e+00,2.468188008248416e+00,8.056193983688877e-01,9.084201055721830e-02,True,True,True,True,0.005
0.005,0.005,0.005,0.92,1,8.852609676239992e-01,-8.852609676239992e-01,8.987441743555548e-01,5.062791282222219e-02,2.522964267130824e+00,2.523036322954251e+00,8.346330548017766e-01,1.946330240075883e-01,True,True,True,True,0.005
0.005,0.005,0.005,0.92,2,8.852609676239993e-01,-8.852609676239993e-01,8.987438421333326e-01,5.062807893333328e-02,2.522963797297652e+00,2.523035849583723e+00,8.346328886906655e-01,1.946317556415553e-01,True,True,True,True,0.005
0.005,0.005,0.005,0.94,1,9.045057712679991e-01,-9.045057712679991e-01,9.182815477111104e-01,4.085922614444443e-02,2.577810547821950e+00,2.577884164289645e+00,8.636465451235543e-01,3.060465995191853e-01,True,True,True,True,0.005
0.005,0.005,0.005,0.94,2,9.045057712679991e-01,-9.045057712679991e-01,9.182812154888880e-01,4.085939225555556e-02,2.577810077988777e+00,2.577883690919253e+00,8.636463790124431e-01,3.060452327806948e-01,True,True,True,True,0.005
0.005,0.005,0.005,0.96,1,9.237505749119991e-01,-9.237505749119991e-01,9.378189210666658e-01,3.109053946666667e-02,2.632656828513074e+00,2.632732005625254e+00,8.926600354453320e-01,4.268082587931761e-01,True,True,True,True,0.005
0.005,0.005,0.005,0.96,2,9.237505749119990e-01,-9.237505749119990e-01,9.378185888444435e-01,3.109070557777777e-02,2.632656358679902e+00,2.632731532254994e+00,8.926598693342207e-01,4.268067684427683e-01,True,True,True,True,0.005
0.005,0.005,0.005,0.98,1,9.429953785559991e-01,-9.429953785559991e-01,9.573562944222215e-01,2.132185278888890e-02,2.687503109204200e+00,2.687579846961068e+00,9.216735257671098e-01,5.597072828587452e-01,True,True,True,True,0.005
0.005,0.005,0.005,0.98,2,9.429953785559992e-01,-9.429953785559992e-01,9.573559621999991e-01,2.132201890000000e-02,2.687502639371028e+00,2.687579373590933e+00,9.216733596559987e-01,5.597056252506853e-01,True,True,True,True,0.005
0.005,0.005,0.005,1.0,1,9.622401821999994e-01,-9.622401821999994e-01,9.768936677777771e-01,1.155316611111110e-02,2.742349389895326e+00,2.742427688297072e+00,9.506870160888879e-01,7.100609665243309e-01,True,True,True,True,0.005
0.005,0.005,0.005,1.0,2,9.622401821999992e-01,-9.622401821999992e-01,9.768933355555546e-01,1.155333222222221e-02,2.742348920062152e+00,2.742427214927058e+00,9.506868499777765e-01,7.100590471229993e-01,True,True,True,True,0.005
0.01,0.01,0.01,0.5,1,4.628052351999998e-01,-4.628052351999998e-01,4.771691200000000e-01,2.614154400000002e-01,1.329324481406745e+00,1.329479679889996e+00,2.013897951999998e-01,,False,True,False,True,0.01
0.01,0.01,0.01,0.5,2,4.628052351999998e-01,-4.628052351999998e-01,4.771664711111109e-01,2.614167644444444e-01,1.329320735312152e+00,1.329475876999892e+00,2.013884707555552e-01,,False,True,False,True,0.01
0.01,0.01,0.01,0.52,1,4.813174446079998e-01,-4.813174446079998e-01,4.962518848000003e-01,2.518740576000001e-01,1.382491803808765e+00,1.382653124469804e+00,2.294433870079999e-01,,False,True,False,True,0.01
0.01,0.01,0.01,0.52,2,4.813174446079998e-01,-4.813174446079998e-01,4.962492359111108e-01,2.518753820444444e-01,1.382488057714172e+00,1.382649321594360e+00,2.294420625635552e-01,,False,True,False,True,0.01
0.01,0.01,0.01,0.54,1,4.998296540160001e-01,-4.998296540160001e-01,5.153346495999993e-01,2.423326752000000e-01,1.435659126210785e+00,1.435826569070385e+00,2.574969788159998e-01,,False,True,False,True,0.01
0.01,0.01,0.01,0.54,2,4.998296540159999e-01,-4.998296540159999e-01,5.153320007111107e-01,2.423339996444443e-01,1.435655380116193e+00,1.435822766208518e+00,2.574956543715552e-01,,False,True,False,True,0.01
0.01,0.01,0.01,0.56,1,5.183418634239998e-01,-5.183418634239998e-01,5.344174143999998e-01,2.327912927999999e-01,1.488826448612805e+00,1.489000013689517e+00,2.855505706239997e-01,,False,True,False,True,0.01
0.01,0.01,0.01,0.56,2,5.183418634239998e-01,-5.183418634239998e-01,5.344147655111111e-01,2.327926172444444e-01,1.488822702518214e+00,1.488996210840256e+00,2.855492461795553e-01,,False,True,False,True,0.01
0.01,0.01,0.01,0.58,1,5.368540728319998e-01,-5.368540728319998e-01,5.535001792000001e-01,2.232499103999999e-01,1.541993771014826e+00,1.542173458325280e+00,3.136041624319998e-01,,False,True,False,True,0.01
0.01,0.01,0.01,0.58,2,5.368540728319995e-01,-5.368540728319995e-01,5.534975303111112e-01,2.232512348444445e-01,1.541990024920234e+00,1.542169655487755e+00,3.136028379875551e-01,,False,True,False,True,0.01
0.01,0.01,0.01,0.6,1,5.553662822399997e-01,-5.553662822399997e-01,5.725829439999996e-01,2.137085280000000e-01,1.595161093416846e+00,1.595346902976009e+00,3.416577542399996e-01,,False,True,False,True,0.01
0.01,0.01,0.01,0.6,2,5.553662822399998e-01,-5.553662822399998e-01,5.725802951111112e-01,2.137098524444444e-01,1.595157347322254e+00,1.595343100149440e+00,3.416564297955554e-01,,False,True,False,True,0.01
0.01,0.01,0.01,0.62,1,5.738784916480000e-01,-5.738784916480000e-01,5.916657088000004e-01,2.041671456000001e-01,1.648328415818867e+00,1.648520347640259e+00,3.697113460480002e-01,,False,True,False,True,0.01
0.01,0.01,0.01,0.62,2,5.738784916479999e-01,-5.738784916479999e-01,5.916630599111110e-01,2.041684700444445e-01,1.648324669724274e+00,1.648516544823937e+00,3.697100216035554e-01,,False,True,False,True,0.01
0.01,0.01,0.01,0.64,1,5.923907010560001e-01,-5.923907010560001e-01,6.107484735999995e-01,1.946257631999999e-01,1.701495738220887e+00,1.701693792316759e+00,3.977649378559999e-01,,False,True,False,True,0.01
0.01,0.01,0.01,0.64,2,5.923907010560000e-01,-5.923907010560000e-01,6.107458247111108e-01,1.946270876444444e-01,1.701491992126295e+00,1.701689989510045e+00,3.977636134115554e-01,,False,True,False,True,0.01
0.01,0.01,0.01,0.66,1,6.109029104639998e-01,-6.109029104639998e-01,6.298312384000000e-01,1.850843807999999e-01,1.754663060622907e+00,1.754867237004399e+00,4.258185296639998e-01,,False,True,False,True,0.01
0.01,0.01,0.01,0.66,2,6.109029104639997e-01,-6.109029104639997e-01,6.298285895111110e-01,1.850857052444443e-01,1.754659314528315e+00,1.754863434206709e+00,4.258172052195552e-01,,False,True,False,True,0.01
0.01,0.01,0.01,0.68,1,6.294151198720001e-01,-6.294151198720001e-01,6.489140031999997e-01,1.755429983999999e-01,1.807830383024927e+00,1.808040681702194e+00,4.538721214719999e-01,,False,True,False,True,0.01
0.01,0.01,0.01,0.68,2,6.294151198719999e-01,-6.294151198719999e-01,6.489113543111109e-01,1.755443228444444e-01,1.807826636930335e+00,1.808036878912999e+00,4.538707970275554e-01,,False,True,False,True,0.01
0.01,0.01,0.01,0.7,1,6.479273292799997e-01,-6.479273292799997e-01,6.679967679999996e-01,1.660016160000001e-01,1.860997705426947e+00,1.861214126409273e+00,4.819257132799996e-01,,False,True,False,True,0.01
0.01,0.01,0.01,0.7,2,6.479273292800000e-01,-6.479273292800000e-01,6.679941191111110e-01,1.660029404444445e-01,1.860993959332356e+00,1.861210323628087e+00,4.819243888355554e-01,,False,True,False,True,0.01
0.01,0.01,0.01,0.72,1,6.664395386879999e-01,-6.664395386879999e-01,6.870795327999999e-01,1.564602336000001e-01,1.914165027828968e+00,1.914387571124865e+00,5.099793050879998e-01,,False,True,False,True,0.01
0.01,0.01,0.01,0.72,2,6.664395386879998e-01,-6.664395386879998e-01,6.870768839111108e-01,1.564615580444444e-01,1.914161281734375e+00,1.914383768351243e+00,5.099779806435552e-01,,False,True,False,True,0.01
0.01,0.01,0.01,0.74,1,6.849517480959997e-01,-6.849517480959997e-01,7.061622976000000e-01,1.469188512000000e-01,1.967332350230988e+00,1.967561015848278e+00,5.380328968959998e-01,,False,True,False,True,0.01
0.01,0.01,0.01,0.74,2,6.849517480959999e-01,-6.849517480959999e-01,7.061596487111110e-01,1.469201756444445e-01,1.967328604136396e+00,1.967557213081811e+00,5.380315724515554e-01,,False,True,False,True,0.01
0.01,0.01,0.01,0.76,1,7.034639575039999e-01,-7.034639575039999e-01,7.252450623999993e-01,1.373774688000000e-01,2.020499672633008e+00,2.020734460578894e+00,5.660864887039996e-01,-5.624145759748606e-01,True,True,True,True,0.01
0.01,0.01,0.01,0.76,2,7.034639575039996e-01,-7.034639575039996e-01,7.252424135111109e-01,1.373787932444444e-01,2.020495926538416e+00,2.020730657819206e+00,5.660851642595550e-01,-5.624208354297506e-01,True,True,True,True,0.01
0.01,0.01,0.01,0.78,1,7.219761669119997e-01,-7.219761669119997e-01,7.443278271999996e-01,1.278360864000000e-01,2.073666995035028e+00,2.073907905316161e+00,5.941400805119995e-01,-4.966576213255484e-01,True,True,True,True,0.01
0.01,0.01,0.01,0.78,2,7.219761669119998e-01,-7.219761669119998e-01,7.443251783111108e-01,1.278374108444444e-01,2.073663248940437e+00,2.073904102562904e+00,5.941387560675553e-01,-4.966641655922687e-01,True,True,True,True,0.01
0.01,0.01,0.01,0.8,1,7.404883763199998e-01,-7.404883763199998e-01,7.634105920000001e-01,1.182947039999999e-01,2.126834317437049e+00,2.127081350059579e+00,6.221936723199998e-01,-4.278717821886167e-01,True,True,True,True,0.01
0.01,0.01,0.01,0.8,2,7.404883763199999e-01,-7.404883763199999e-01,7.634079431111108e-01,1.182960284444444e-01,2.126830571342457e+00,2.127077547312431e+00,6.221923478755553e-01,-4.278786301066164e-01,True,True,True,True,0.01
0.01,0.01,0.01,0.82,1,7.590005857279999e-01,-7.590005857279999e-01,7.824933567999998e-01,1.087533216000001e-01,2.180001639839069e+00,2.180254794808697e+00,6.502472641279997e-01,-3.558468831067312e-01,True,True,True,True,0.01
0.01,0.01,0.01,0.82,2,7.590005857279996e-01,-7.590005857279996e-01,7.824907079111111e-01,1.087546460444445e-01,2.179997893744477e+00,2.180250992067361e+00,6.502459396835552e-01,-3.558540567153046e-01,True,True,True,True,0.01
0.01,0.01,0.01,0.84,1,7.775127951359997e-01,-7.775127951359997e-01,8.015761216000001e-01,9.921193919999997e-02,2.233168962241090e+00,2.233428239563110e+00,6.783008559359998e-01,-2.803357849875504e-01,True,True,True,True,0.01
0.01,0.01,0.01,0.84,2,7.775127951359998e-01,-7.775127951359998e-01,8.015734727111108e-01,9.921326364444444e-02,2.233165216146498e+00,2.233424436827309e+00,6.782995314915552e-01,-2.803433103861763e-01,True,True,True,True,0.01
0.01,0.01,0.01,0.86,1,7.960250045439998e-01,-7.960250045439998e-01,8.206588863999995e-01,8.967055680000004e-02,2.286336284643109e+00,2.286601684322446e+00,7.063544477439996e-01,-2.010440497641812e-01,True,True,True,True,0.01
0.01,0.01,0.01,0.86,2,7.960250045439998e-01,-7.960250045439998e-01,8.206562375111106e-01,8.967188124444443e-02,2.286332538548518e+00,2.286597881591923e+00,7.063531232995551e-01,-2.010519583124060e-01,True,True,True,True,0.01
0.01,0.01,0.01,0.88,1,8.145372139519996e-01,-8.145372139519996e-01,8.397416511999998e-01,8.012917439999995e-02,2.339503607045130e+00,2.339775129086372e+00,7.344080395519995e-01,-1.176153491707818e-01,True,True,True,True,0.01
0.01,0.01,0.01,0.88,2,8.145372139519997e-01,-8.145372139519997e-01,8.397390023111106e-01,8.013049884444449e-02,2.339499860950538e+00,2.339771326360886e+00,7.344067151075551e-01,-1.176236792135358e-01,True,True,True,True,0.01
0.01,0.01,0.01,0.9,1,8.330494233599998e-01,-8.330494233599998e-01,8.588244159999996e-01,7.058779199999997e-02,2.392670929447150e+00,2.392948573854581e+00,7.624616313599996e-01,-2.961017368092311e-02,True,True,True,True,0.01
0.01,0.01,0.01,0.9,2,8.330494233599998e-01,-8.330494233599998e-01,8.588217671111108e-01,7.058911644444443e-02,2.392667183352558e+00,2.392944771133909e+00,7.624603069155551e-01,-2.961897312248152e-02,True,True,True,True,0.01
0.01,0.01,0.01,0.92,1,8.515616327679997e-01,-8.515616327679997e-01,8.779071807999999e-01,6.104640959999996e-02,2.445838251849171e+00,2.446122018626794e+00,7.905152231679996e-01,6.352651161175737e-02,True,True,True,True,0.01
0.01,0.01,0.01,0.92,2,8.515616327679996e-01,-8.515616327679996e-01,8.779045319111107e-01,6.104773404444442e-02,2.445834505754578e+00,2.446118215910726e+00,7.905138987235549e-01,6.351718128896733e-02,True,True,True,True,0.01
0.01,0.01,0.01,0.94,1,8.700738421759996e-01,-8.700738421759996e-01,8.969899455999998e-01,5.150502720000001e-02,2.499005574251191e+00,2.499295463402754e+00,8.185688149759995e-01,1.625169390375083e-01,True,True,True,True,0.01
0.01,0.01,0.01,0.94,2,8.700738421759998e-01,-8.700738421759998e-01,8.969872967111111e-01,5.150635164444448e-02,2.499001828156599e+00,2.499291660691096e+00,8.185674905315554e-01,1.625069961257644e-01,True,True,True,True,0.01
0.01,0.01,0.01,0.96,1,8.885860515839997e-01,-8.885860515839997e-01,9.160727103999995e-01,4.196364480000000e-02,2.552172896653210e+00,2.552468908182228e+00,8.466224067839995e-01,2.683386272004885e-01,True,True,True,True,0.01
0.01,0.01,0.01,0.96,2,8.885860515839996e-01,-8.885860515839996e-01,9.160700615111108e-01,4.196496924444445e-02,2.552169150558619e+00,2.552465105474794e+00,8.466210823395550e-01,2.683279579067760e-01,True,True,True,True,0.01
0.01,0.01,0.01,0.98,1,9.070982609919999e-01,-9.070982609919999e-01,9.351554751999994e-01,3.242226240000001e-02,2.605340219055231e+00,2.605642352965001e+00,8.746759985919996e-01,3.823882916558634e-01,True,True,True,True,0.01
0.01,0.01,0.01,0.98,2,9.070982609919999e-01,-9.070982609919999e-01,9.351528263111107e-01,3.242358684444446e-02,2.605336472960639e+00,2.605638550261620e+00,8.746746741475553e-01,3.823767266047760e-01,True,True,True,True,0.01
0.01,0.01,0.01,1.0,1,9.256104703999996e-01,-9.256104703999996e-01,9.542382399999996e-01,2.288088000000000e-02,2.658507541457251e+00,2.658815797750875e+00,9.027295903999993e-01,5.068278138488619e-01,True,True,True,True,0.01
0.01,0.01,0.01,1.0,2,9.256104703999996e-01,-9.256104703999996e-01,9.542355911111107e-01,2.288220444444445e-02,2.658503795362659e+00,2.658811995051384e+00,9.027282659555549e-01,5.068150736523517e-01,True,True,True,True,0.01
0.015,0.015,0.015,0.5,1,4.450428773000002e-01,-4.450428773000002e-01,4.661270450000003e-01,2.669364775000000e-01,1.288588861743100e+00,1.288933799255641e+00,1.781063998000004e-01,,False,True,False,True,0.015
0.015,0.015,0.015,0.5,2,4.450428773000003e-01,-4.450428773000003e-01,4.661181350000004e-01,2.669409325000000e-01,1.288576261100259e+00,1.288920910547023e+00,1.781019448000005e-01,,False,True,False,True,0.015
0.015,0.015,0.015,0.52,1,4.628445923920001e-01,-4.628445923920001e-01,4.847631268000002e-01,2.576184366000001e-01,1.340119688290762e+00,1.340478132326566e+00,2.052261557920002e-01,,False,True,False,True,0.015
0.015,0.015,0.015,0.52,2,4.628445923920000e-01,-4.628445923920000e-01,4.847542168000000e-01,2.576228916000001e-01,1.340107087647921e+00,1.340465243729800e+00,2.052217007920001e-01,,False,True,False,True,0.015
0.015,0.015,0.015,0.54,1,4.806463074840001e-01,-4.806463074840001e-01,5.033992086000005e-01,2.483003957000000e-01,1.391650514838425e+00,1.392022465504218e+00,2.323459117840003e-01,,False,True,False,True,0.015
0.015,0.015,0.015,0.54,2,4.806463074840002e-01,-4.806463074840002e-01,5.033902986000004e-01,2.483048507000001e-01,1.391637914195584e+00,1.392009577011023e+00,2.323414567840004e-01,,False,True,False,True,0.015
0.015,0.015,0.015,0.56,1,4.984480225760002e-01,-4.984480225760002e-01,5.220352904000002e-01,2.389823548000000e-01,1.443181341386087e+00,1.443566798777164e+00,2.594656677760003e-01,,False,True,False,True,0.015
0.015,0.015,0.015,0.56,2,4.984480225760002e-01,-4.984480225760002e-01,5.220263804000003e-01,2.389868098000001e-01,1.443168740743247e+00,1.443553910380143e+00,2.594612127760004e-01,,False,True,False,True,0.015
0.015,0.015,0.015,0.58,1,5.162497376680001e-01,-5.162497376680001e-01,5.406713721999998e-01,2.296643139000002e-01,1.494712167933749e+00,1.495111132135547e+00,2.865854237680000e-01,,False,True,False,True,0.015
0.015,0.015,0.015,0.58,2,5.162497376680002e-01,-5.162497376680002e-01,5.406624622000002e-01,2.296687689000000e-01,1.494699567290910e+00,1.495098243828071e+00,2.865809687680003e-01,,False,True,False,True,0.015
0.015,0.015,0.015,0.6,1,5.340514527600001e-01,-5.340514527600001e-01,5.593074540000005e-01,2.203462730000001e-01,1.546242994481413e+00,1.546655465570829e+00,3.137051797600003e-01,,False,True,False,True,0.015
0.015,0.015,0.015,0.6,2,5.340514527600002e-01,-5.340514527600002e-01,5.592985440000000e-01,2.203507280000002e-01,1.546230393838572e+00,1.546642577346927e+00,3.137007247600002e-01,,False,True,False,True,0.015
0.015,0.015,0.015,0.62,1,5.518531678520000e-01,-5.518531678520000e-01,5.779435358000005e-01,2.110282321000001e-01,1.597773821029075e+00,1.598199799075565e+00,3.408249357520002e-01,,False,True,False,True,0.015
0.015,0.015,0.015,0.62,2,5.518531678520003e-01,-5.518531678520003e-01,5.779346258000002e-01,2.110326871000001e-01,1.597761220386235e+00,1.598186910929850e+00,3.408204807520004e-01,,False,True,False,True,0.015
0.015,0.015,0.015,0.64,1,5.696548829440000e-01,-5.696548829440000e-01,5.965796175999998e-01,2.017101912000001e-01,1.649304647576737e+00,1.649744132643246e+00,3.679446917439999e-01,,False,True,False,True,0.015
0.015,0.015,0.015,0.64,2,5.696548829440004e-01,-5.696548829440004e-01,5.965707075999999e-01,2.017146462000002e-01,1.649292046933897e+00,1.649731244570833e+00,3.679402367440003e-01,,False,True,False,True,0.015
0.015,0.015,0.015,0.66,1,5.874565980360000e-01,-5.874565980360000e-01,6.152156994000002e-01,1.923921503000002e-01,1.700835474124400e+00,1.701288466268154e+00,3.950644477360001e-01,,False,True,False,True,0.015
0.015,0.015,0.015,0.66,2,5.874565980360003e-01,-5.874565980360003e-01,6.152067893999998e-01,1.923966053000002e-01,1.700822873481559e+00,1.701275578264599e+00,3.950599927360002e-01,,False,True,False,True,0.015
0.015,0.015,0.015,0.68,1,6.052583131280003e-01,-6.052583131280003e-01,6.338517812000002e-01,1.830741094000001e-01,1.752366300672063e+00,1.752832799945238e+00,4.221842037280004e-01,,False,True,False,True,0.015
0.015,0.015,0.015,0.68,2,6.052583131280002e-01,-6.052583131280002e-01,6.338428712000006e-01,1.830785643999999e-01,1.752353700029223e+00,1.752819912006493e+00,4.221797487280005e-01,,False,True,False,True,0.015
0.015,0.015,0.015,0.7,1,6.230600282200001e-01,-6.230600282200001e-01,6.524878629999998e-01,1.737560685000002e-01,1.803897127219725e+00,1.804377133670025e+00,4.493039597200000e-01,,False,True,False,True,0.015
0.015,0.015,0.015,0.7,2,6.230600282200002e-01,-6.230600282200002e-01,6.524789530000004e-01,1.737605235000002e-01,1.803884526576885e+00,1.804364245792389e+00,4.492995047200004e-01,,False,True,False,True,0.015
0.015,0.015,0.015,0.72,1,6.408617433120002e-01,-6.408617433120002e-01,6.711239448000005e-01,1.644380276000001e-01,1.855427953767389e+00,1.855921467438544e+00,4.764237157120004e-01,,False,True,False,True,0.015
0.015,0.015,0.015,0.72,2,6.408617433120003e-01,-6.408617433120003e-01,6.711150348000003e-01,1.644424826000000e-01,1.855415353124548e+00,1.855908579618621e+00,4.764192607120005e-01,,False,True,False,True,0.015
0.015,0.015,0.015,0.74,1,6.586634584040002e-01,-6.586634584040002e-01,6.897600266000004e-01,1.551199867000001e-01,1.906958780315051e+00,1.907465801247248e+00,5.035434717040004e-01,,False,True,False,True,0.015
0.015,0.015,0.015,0.74,2,6.586634584040004e-01,-6.586634584040004e-01,6.897511166000001e-01,1.551244417000001e-01,1.906946179672210e+00,1.907452913481919e+00,5.035390167040005e-01,,False,True,False,True,0.015
0.015,0.015,0.015,0.76,1,6.764651734960000e-01,-6.764651734960000e-01,7.083961083999998e-01,1.458019458000001e-01,1.958489606862713e+00,1.959010135092963e+00,5.306632276959999e-01,,False,True,False,True,0.015
0.015,0.015,0.015,0.76,2,6.764651734960000e-01,-6.764651734960000e-01,7.083871984000004e-01,1.458064008000000e-01,1.958477006219873e+00,1.958997247379358e+00,5.306587726960001e-01,,False,True,False,True,0.015
0.015,0.015,0.015,0.78,1,6.942668885879999e-01,-6.942668885879999e-01,7.270321902000003e-01,1.364839049000000e-01,2.010020433410376e+00,2.010554468972847e+00,5.577829836880001e-01,-5.676973766995432e-01,True,True,True,True,0.015
0.015,0.015,0.015,0.78,2,6.942668885880000e-01,-6.942668885880000e-01,7.270232802000001e-01,1.364883599000000e-01,2.010007832767535e+00,2.010541581308310e+00,5.577785286880000e-01,-5.677183992345949e-01,True,True,True,True,0.015
0.015,0.015,0.015,0.8,1,7.120686036800004e-01,-7.120686036800004e-01,7.456682720000003e-01,1.271658640000000e-01,2.061551259958039e+00,2.062098802884335e+00,5.849027396800005e-01,-5.040491887586539e-01,True,True,True,True,0.015
0.015,0.015,0.015,0.8,2,7.120686036800002e-01,-7.120686036800002e-01,7.456593619999999e-01,1.271703190000000e-01,2.061538659315198e+00,2.062085915266415e+00,5.848982846800002e-01,-5.040711410307536e-01,True,True,True,True,0.015
0.015,0.015,0.015,0.82,1,7.298703187720003e-01,-7.298703187720003e-01,7.643043537999997e-01,1.178478231000000e-01,2.113082086505701e+00,2.113643136825114e+00,6.120224956720002e-01,-4.375589246220670e-01,True,True,True,True,0.015
0.015,0.015,0.015,0.82,2,7.298703187720001e-01,-7.298703187720001e-01,7.642954438000001e-01,1.178522781000001e-01,2.113069485862860e+00,2.113630249251539e+00,6.120180406720002e-01,-4.375818661401407e-01,True,True,True,True,0.015
0.015,0.015,0.015,0.84,1,7.476720338640004e-01,-7.476720338640004e-01,7.829404355999999e-01,1.085297822000000e-01,2.164612913053364e+00,2.165187470793094e+00,6.391422516640004e-01,-3.680371289327097e-01,True,True,True,True,0.015
0.015,0.015,0.015,0.84,2,7.476720338639999e-01,-7.476720338639999e-01,7.829315256000003e-01,1.085342372000000e-01,2.164600312410523e+00,2.165174583261751e+00,6.391377966640002e-01,-3.680611289812369e-01,True,True,True,True,0.015
0.015,0.015,0.015,0.86,1,7.654737489560003e-01,-7.654737489560003e-01,8.015765174000005e-01,9.921174130000002e-02,2.216143739601027e+00,2.216731804786377e+00,6.662620076560005e-01,-2.952623324448576e-01,True,True,True,True,0.015
0.015,0.015,0.015,0.86,2,7.654737489560000e-01,-7.654737489560000e-01,8.015676074000002e-01,9.921619630000009e-02,2.216131138958185e+00,2.216718917295302e+00,6.662575526560001e-01,-2.952874726210113e-01,True,True,True,True,0.015
0.015,0.015,0.015,0.88,1,7.832754640480002e-01,-7.832754640480002e-01,8.202125991999997e-01,8.989370040000001e-02,2.267674566148688e+00,2.268276138803236e+00,6.933817636480000e-01,-2.189724754870246e-01,True,True,True,True,0.015
0.015,0.015,0.015,0.88,2,7.832754640480002e-01,-7.832754640480002e-01,8.202036892000002e-01,8.989815540000001e-02,2.267661965505848e+00,2.268263251350601e+00,6.933773086480003e-01,-2.189988532027582e-01,True,True,True,True,0.015
0.015,0.015,0.015,0.9,1,8.010771791400001e-01,-8.010771791400001e-01,8.388486810000000e-01,8.057565949999999e-02,2.319205392696351e+00,2.319820472842103e+00,7.205015196400001e-01,-1.388529554505629e-01,True,True,True,True,0.015
0.015,0.015,0.015,0.9,2,8.010771791400001e-01,-8.010771791400001e-01,8.388397710000002e-01,8.058011449999999e-02,2.319192792053511e+00,2.319807585426199e+00,7.204970646400002e-01,-1.388806889076296e-01,True,True,True,True,0.015
0.015,0.015,0.015,0.92,1,8.188788942320004e-01,-8.188788942320004e-01,8.574847628000004e-01,7.125761860000002e-02,2.370736219244014e+00,2.371364806901542e+00,7.476212756320006e-01,-5.451945020180948e-02,True,True,True,True,0.015
0.015,0.015,0.015,0.92,2,8.188788942320002e-01,-8.188788942320002e-01,8.574758527999999e-01,7.126207359999999e-02,2.370723618601173e+00,2.371351919520770e+00,7.476168206320002e-01,-5.454868570779947e-02,True,True,True,True,0.015
0.015,0.015,0.015,0.94,1,8.366806093240005e-01,-8.366806093240005e-01,8.761208445999998e-01,6.193957770000003e-02,2.422267045791677e+00,2.422909140980237e+00,7.747410316240004e-01,3.450770266824887e-02,True,True,True,True,0.015
0.015,0.015,0.015,0.94,2,8.366806093240002e-01,-8.366806093240002e-01,8.761119346000000e-01,6.194403270000003e-02,2.422254445148836e+00,2.422896253633106e+00,7.747365766240002e-01,3.447677947469052e-02,True,True,True,True,0.015
0.015,0.015,0.015,0.96,1,8.544823244160005e-01,-8.544823244160005e-01,8.947569263999999e-01,5.262153680000002e-02,2.473797872339339e+00,2.474453475076988e+00,8.018607876160004e-01,1.288435317835268e-01,True,True,True,True,0.015
0.015,0.015,0.015,0.96,2,8.544823244160002e-01,-8.544823244160002e-01,8.947480164000003e-01,5.262599180000003e-02,2.473785271696499e+00,2.474440587762095e+00,8.018563326160004e-01,1.288106777630850e-01,True,True,True,True,0.015
0.015,0.015,0.015,0.98,1,8.722840395080003e-01,-8.722840395080003e-01,9.133930082000004e-01,4.330349590000002e-02,2.525328698887003e+00,2.525997809190689e+00,8.289805436080004e-01,2.293047797666168e-01,True,True,True,True,0.015
0.015,0.015,0.015,0.98,2,8.722840395080004e-01,-8.722840395080004e-01,9.133840982000005e-01,4.330795090000000e-02,2.525316098244162e+00,2.525984921906719e+00,8.289760886080006e-01,2.292696627443772e-01,True,True,True,True,0.015
0.015,0.015,0.015,1.0,1,8.900857546000004e-01,-8.900857546000004e-01,9.320290900000004e-01,3.398545500000000e-02,2.576859525434665e+00,2.577542143320323e+00,8.561002996000007e-01,3.370289416007495e-01,True,True,True,True,0.015
0.015,0.015,0.015,1.0,2,8.900857546000005e-01,-8.900857546000005e-01,9.320201800000003e-01,3.398991000000001e-02,2.576846924791824e+00,2.577529256066038e+00,8.560958446000007e-01,3.369910801556680e-01,True,True,True,True,0.015
0.02,0.02,0.02,0.5,1,4.278206464000001e-01,-4.278206464000001e-01,4.553308088888891e-01,2.723345955555557e-01,1.248964765699083e+00,1.249570567850450e+00,1.554860508444447e-01,,False,True,False,True,0.02
0.02,0.02,0.02,0.5,2,4.278206464000001e-01,-4.278206464000001e-01,4.553097600000000e-01,2.723451200000003e-01,1.248934998074943e+00,1.249539888178639e+00,1.554755264000001e-01,,False,True,False,True,0.02
0.02,0.02,0.02,0.52,1,4.449334722560001e-01,-4.449334722560001e-01,4.735280412444451e-01,2.632359793777779e-01,1.298900728910049e+00,1.299530069799975e+00,1.816974928782227e-01,,False,True,False,True,0.02
0.02,0.02,0.02,0.52,2,4.449334722560001e-01,-4.449334722560001e-01,4.735069923555558e-01,2.632465038222223e-01,1.298870961285909e+00,1.299499390601450e+00,1.816869684337780e-01,,False,True,False,True,0.02
0.02,0.02,0.02,0.54,1,4.620462981120002e-01,-4.620462981120002e-01,4.917252736000004e-01,2.541373632000000e-01,1.348836692121014e+00,1.349489572091609e+00,2.079089349120004e-01,,False,True,False,True,0.02
0.02,0.02,0.02,0.54,2,4.620462981120002e-01,-4.620462981120002e-01,4.917042247111114e-01,2.541478876444446e-01,1.348806924496874e+00,1.349458893331336e+00,2.078984104675559e-01,,False,True,False,True,0.02
0.02,0.02,0.02,0.56,1,4.791591239679999e-01,-4.791591239679999e-01,5.099225059555553e-01,2.450387470222222e-01,1.398772655331978e+00,1.399449074688714e+00,2.341203769457776e-01,,False,True,False,True,0.02
0.02,0.02,0.02,0.56,2,4.791591239679999e-01,-4.791591239679999e-01,5.099014570666665e-01,2.450492714666668e-01,1.398742887707839e+00,1.399418396335407e+00,2.341098525013331e-01,,False,True,False,True,0.02
0.02,0.02,0.02,0.58,1,4.962719498240001e-01,-4.962719498240001e-01,5.281197383111111e-01,2.359401308444446e-01,1.448708618542944e+00,1.449408577559704e+00,2.603318189795557e-01,,False,True,False,True,0.02
0.02,0.02,0.02,0.58,2,4.962719498240001e-01,-4.962719498240001e-01,5.280986894222218e-01,2.359506552888890e-01,1.448678850918804e+00,1.449377899585313e+00,2.603212945351110e-01,,False,True,False,True,0.02
0.02,0.02,0.02,0.6,1,5.133847756800000e-01,-5.133847756800000e-01,5.463169706666667e-01,2.268415146666669e-01,1.498644581753909e+00,1.499368080677200e+00,2.865432610133333e-01,,False,True,False,True,0.02
0.02,0.02,0.02,0.6,2,5.133847756800002e-01,-5.133847756800002e-01,5.462959217777780e-01,2.268520391111112e-01,1.498614814129770e+00,1.499337403056478e+00,2.865327365688892e-01,,False,True,False,True,0.02
0.02,0.02,0.02,0.62,1,5.304976015360002e-01,-5.304976015360002e-01,5.645142030222225e-01,2.177428984888890e-01,1.548580544964875e+00,1.549327584017355e+00,3.127547030471115e-01,,False,True,False,True,0.02
0.02,0.02,0.02,0.62,2,5.304976015360002e-01,-5.304976015360002e-01,5.644931541333336e-01,2.177534229333334e-01,1.548550777340736e+00,1.549296906727498e+00,3.127441786026670e-01,,False,True,False,True,0.02
0.02,0.02,0.02,0.64,1,5.476104273920003e-01,-5.476104273920003e-01,5.827114353777774e-01,2.086442823111112e-01,1.598516508175840e+00,1.599287087559302e+00,3.389661450808890e-01,,False,True,False,True,0.02
0.02,0.02,0.02,0.64,2,5.476104273920002e-01,-5.476104273920002e-01,5.826903864888893e-01,2.086548067555555e-01,1.598486740551701e+00,1.599256410579642e+00,3.389556206364448e-01,,False,True,False,True,0.02
0.02,0.02,0.02,0.66,1,5.647232532480003e-01,-5.647232532480003e-01,6.009086677333333e-01,1.995456661333335e-01,1.648452471386806e+00,1.649246591284705e+00,3.651775871146670e-01,,False,True,False,True,0.02
0.02,0.02,0.02,0.66,2,5.647232532480002e-01,-5.647232532480002e-01,6.008876188444445e-01,1.995561905777779e-01,1.648422703762666e+00,1.649215914596450e+00,3.651670626702225e-01,,False,True,False,True,0.02
0.02,0.02,0.02,0.68,1,5.818360791040001e-01,-5.818360791040001e-01,6.191059000888890e-01,1.904470499555557e-01,1.698388434597771e+00,1.699206095177380e+00,3.913890291484446e-01,,False,True,False,True,0.02
0.02,0.02,0.02,0.68,2,5.818360791040004e-01,-5.818360791040004e-01,6.190848512000000e-01,1.904575744000001e-01,1.698358666973632e+00,1.699175418763399e+00,3.913785047040004e-01,,False,True,False,True,0.02
0.02,0.02,0.02,0.7,1,5.989489049600002e-01,-5.989489049600002e-01,6.373031324444447e-01,1.813484337777778e-01,1.748324397808737e+00,1.749165599222995e+00,4.176004711822225e-01,,False,True,False,True,0.02
0.02,0.02,0.02,0.7,2,5.989489049600001e-01,-5.989489049600001e-01,6.372820835555555e-01,1.813589582222224e-01,1.748294630184597e+00,1.749134923067621e+00,4.175899467377778e-01,,False,True,False,True,0.02
0.02,0.02,0.02,0.72,1,6.160617308160001e-01,-6.160617308160001e-01,6.555003648000005e-01,1.722498176000000e-01,1.798260361019702e+00,1.799125103408809e+00,4.438119132160004e-01,,False,True,False,True,0.02
0.02,0.02,0.02,0.72,2,6.160617308160002e-01,-6.160617308160002e-01,6.554793159111114e-01,1.722603420444445e-01,1.798230593395562e+00,1.799094427497684e+00,4.438013887715559e-01,,False,True,False,True,0.02
0.02,0.02,0.02,0.74,1,6.331745566720003e-01,-6.331745566720003e-01,6.736975971555555e-01,1.631512014222222e-01,1.848196324230667e+00,1.849084607723458e+00,4.700233552497781e-01,,False,True,False,True,0.02
0.02,0.02,0.02,0.74,2,6.331745566720002e-01,-6.331745566720002e-01,6.736765482666669e-01,1.631617258666667e-01,1.848166556606528e+00,1.849053932043384e+00,4.700128308053336e-01,,False,True,False,True,0.02
0.02,0.02,0.02,0.76,1,6.502873825280001e-01,-6.502873825280001e-01,6.918948295111111e-01,1.540525852444444e-01,1.898132287441632e+00,1.899044112156774e+00,4.962347972835557e-01,,False,True,False,True,0.02
0.02,0.02,0.02,0.76,2,6.502873825280000e-01,-6.502873825280000e-01,6.918737806222222e-01,1.540631096888889e-01,1.898102519817492e+00,1.899013436695596e+00,4.962242728391111e-01,,False,True,False,True,0.02
0.02,0.02,0.02,0.78,1,6.674002083839999e-01,-6.674002083839999e-01,7.100920618666671e-01,1.449539690666667e-01,1.948068250652598e+00,1.949003616699631e+00,5.224462393173335e-01,,False,True,False,True,0.02
0.02,0.02,0.02,0.78,2,6.674002083840000e-01,-6.674002083840000e-01,7.100710129777781e-01,1.449644935111111e-01,1.948038483028458e+00,1.948972941446130e+00,5.224357148728891e-01,,False,True,False,True,0.02
0.02,0.02,0.02,0.8,1,6.845130342400002e-01,-6.845130342400002e-01,7.282892942222227e-01,1.358553528888889e-01,1.998004213863564e+00,1.998963121343818e+00,5.486576813511115e-01,,False,True,False,True,0.02
0.02,0.02,0.02,0.8,2,6.845130342400002e-01,-6.845130342400002e-01,7.282682453333336e-01,1.358658773333334e-01,1.997974446239424e+00,1.998932446287612e+00,5.486471569066670e-01,,False,True,False,True,0.02
0.02,0.02,0.02,0.82,1,7.016258600959999e-01,-7.016258600959999e-01,7.464865265777778e-01,1.267567367111112e-01,2.047940177074528e+00,2.048922626081919e+00,5.748691233848888e-01,-5.131913565610374e-01,True,True,True,True,0.02
0.02,0.02,0.02,0.82,2,7.016258600960001e-01,-7.016258600960001e-01,7.464654776888890e-01,1.267672611555555e-01,2.047910409450389e+00,2.048891951213390e+00,5.748585989404447e-01,-5.132430127944664e-01,True,True,True,True,0.02
0.02,0.02,0.02,0.84,1,7.187386859520001e-01,-7.187386859520001e-01,7.646837589333332e-01,1.176581205333334e-01,2.097876140285493e+00,2.098882130907231e+00,6.010805654186666e-01,-4.490012041391553e-01,True,True,True,True,0.02
0.02,0.02,0.02,0.84,2,7.187386859520001e-01,-7.187386859520001e-01,7.646627100444445e-01,1.176686449777778e-01,2.097846372661354e+00,2.098851456217445e+00,6.010700409742223e-01,-4.490551201356456e-01,True,True,True,True,0.02
0.02,0.02,0.02,0.86,1,7.358515118080003e-01,-7.358515118080003e-01,7.828809912888888e-01,1.085595043555556e-01,2.147812103496459e+00,2.148841635813671e+00,6.272920074524447e-01,-3.819783368294314e-01,True,True,True,True,0.02
0.02,0.02,0.02,0.86,2,7.358515118080002e-01,-7.358515118080002e-01,7.828599424000002e-01,1.085700288000000e-01,2.147782335872320e+00,2.148810961294317e+00,6.272814830080004e-01,-3.820346650464225e-01,True,True,True,True,0.02
0.02,0.02,0.02,0.88,1,7.529643376639999e-01,-7.529643376639999e-01,8.010782236444448e-01,9.946088817777780e-02,2.197748066707424e+00,2.198801140795707e+00,6.535034494862224e-01,-3.119248938119435e-01,True,True,True,True,0.02
0.02,0.02,0.02,0.88,2,7.529643376640002e-01,-7.529643376640002e-01,8.010571747555557e-01,9.947141262222227e-02,2.197718299083285e+00,2.198770466439041e+00,6.534929250417780e-01,-3.119838128207449e-01,True,True,True,True,0.02
0.02,0.02,0.02,0.9,1,7.700771635200003e-01,-7.700771635200003e-01,8.192754560000007e-01,9.036227200000006e-02,2.247684029918391e+00,2.248760645848302e+00,6.797148915200006e-01,-2.386083005114348e-01,True,True,True,True,0.02
0.02,0.02,0.02,0.9,2,7.700771635200000e-01,-7.700771635200000e-01,8.192544071111111e-01,9.037279644444446e-02,2.247654262294250e+00,2.248729971647096e+00,6.797043670755556e-01,-2.386700221432514e-01,True,True,True,True,0.02
0.02,0.02,0.02,0.92,1,7.871899893760002e-01,-7.871899893760002e-01,8.374726883555557e-01,8.126365582222222e-02,2.297619993129355e+00,2.298720150966854e+00,7.059263335537780e-01,-1.617515076171905e-01,True,True,True,True,0.02
0.02,0.02,0.02,0.92,2,7.871899893760003e-01,-7.871899893760003e-01,8.374516394666667e-01,8.127418026666672e-02,2.297590225505216e+00,2.298689476914353e+00,7.059158091093336e-01,-1.618162869966070e-01,True,True,True,True,0.02
0.02,0.02,0.02,0.94,1,8.043028152320002e-01,-8.043028152320002e-01,8.556699207111108e-01,7.216503964444448e-02,2.347555956340320e+00,2.348679656147155e+00,7.321377755875556e-01,-8.101916327198433e-02,True,True,True,True,0.02
0.02,0.02,0.02,0.94,2,8.043028152320001e-01,-8.043028152320001e-01,8.556488718222222e-01,7.217556408888896e-02,2.347526188716180e+00,2.348648982237033e+00,7.321272511431112e-01,-8.108731336985608e-02,True,True,True,True,0.02
0.02,0.02,0.02,0.96,1,8.214156410880004e-01,-8.214156410880004e-01,8.738671530666668e-01,6.306642346666670e-02,2.397491919551286e+00,2.398639161385348e+00,7.583492176213338e-01,4.002666263545840e-03,True,True,True,True,0.02
0.02,0.02,0.02,0.96,2,8.214156410880001e-01,-8.214156410880001e-01,8.738461041777779e-01,6.307694791111118e-02,2.397462151927146e+00,2.398608487611674e+00,7.583386931768891e-01,3.930752667126836e-03,True,True,True,True,0.02
0.02,0.02,0.02,0.98,1,8.385284669440002e-01,-8.385284669440002e-01,8.920643854222230e-01,5.396780728888892e-02,2.447427882762252e+00,2.448598666677889e+00,7.845606596551117e-01,9.383753843137399e-02,True,True,True,True,0.02
0.02,0.02,0.02,0.98,2,8.385284669440000e-01,-8.385284669440000e-01,8.920433365333336e-01,5.397833173333335e-02,2.447398115138111e+00,2.448567993035094e+00,7.845501352106667e-01,9.376135390998697e-02,True,True,True,True,0.02
0.02,0.02,0.02,1.0,1,8.556412928000002e-01,-8.556412928000002e-01,9.102616177777777e-01,4.486919111111112e-02,2.497363845973216e+00,2.498558172021514e+00,8.107721016888891e-01,1.891688125728493e-01,True,True,True,True,0.02
0.02,0.02,0.02,1.0,2,8.556412928000001e-01,-8.556412928000001e-01,9.102405688888890e-01,4.487971555555557e-02,2.497334078349077e+00,2.498527498504368e+00,8.107615772444446e-01,1.890876761200608e-01,True,True,True,True,0.02
0.025,0.025,0.025,0.5,1,4.111263541666665e-01,-4.111263541666665e-01,4.447781249999996e-01,2.776109375000000e-01,1.210431722533379e+00,1.211366929660688e+00,1.335154166666663e-01,,False,True,False,True,0.025
0.025,0.025,0.025,0.5,2,4.111263541666665e-01,-4.111263541666665e-01,4.447371527777777e-01,2.776314236111110e-01,1.210373779061032e+00,1.211306755782795e+00,1.334949305555554e-01,,False,True,False,True,0.025
0.025,0.025,0.025,0.52,1,4.275714083333333e-01,-4.275714083333333e-01,4.625442500000001e-01,2.687278749999999e-01,1.258813636095656e+00,1.259784890260575e+00,1.588435333333333e-01,,False,True,False,True,0.025
0.025,0.025,0.025,0.52,2,4.275714083333332e-01,-4.275714083333332e-01,4.625032777777776e-01,2.687483611111112e-01,1.258755692623308e+00,1.259724717832175e+00,1.588230472222220e-01,,False,True,False,True,0.025
0.025,0.025,0.025,0.54,1,4.440164625000000e-01,-4.440164625000000e-01,4.803103750000001e-01,2.598448124999999e-01,1.307195549657932e+00,1.308202851707111e+00,1.841716500000001e-01,,False,True,False,True,0.025
0.025,0.025,0.025,0.54,2,4.440164625000000e-01,-4.440164625000000e-01,4.802694027777777e-01,2.598652986111112e-01,1.307137606185585e+00,1.308142680620944e+00,1.841511638888889e-01,,False,True,False,True,0.025
0.025,0.025,0.025,0.56,1,4.604615166666665e-01,-4.604615166666665e-01,4.980765000000000e-01,2.509617499999999e-01,1.355577463220208e+00,1.356620813909645e+00,2.094997666666665e-01,,False,True,False,True,0.025
0.025,0.025,0.025,0.56,2,4.604615166666665e-01,-4.604615166666665e-01,4.980355277777775e-01,2.509822361111110e-01,1.355519519747860e+00,1.356560644069931e+00,2.094792805555553e-01,,False,True,False,True,0.025
0.025,0.025,0.025,0.58,1,4.769065708333331e-01,-4.769065708333331e-01,5.158426249999998e-01,2.420786875000000e-01,1.403959376782483e+00,1.405038776790021e+00,2.348278833333330e-01,,False,True,False,True,0.025
0.025,0.025,0.025,0.58,2,4.769065708333331e-01,-4.769065708333331e-01,5.158016527777777e-01,2.420991736111111e-01,1.403901433310136e+00,1.404978608110879e+00,2.348073972222219e-01,,False,True,False,True,0.025
0.025,0.025,0.025,0.6,1,4.933516250000000e-01,-4.933516250000000e-01,5.336087499999997e-01,2.331956250000000e-01,1.452341290344759e+00,1.453456740280498e+00,2.601559999999999e-01,,False,True,False,True,0.025
0.025,0.025,0.025,0.6,2,4.933516249999998e-01,-4.933516249999998e-01,5.335677777777776e-01,2.332161111111111e-01,1.452283346872412e+00,1.453396572684629e+00,2.601355138888887e-01,,False,True,False,True,0.025
0.025,0.025,0.025,0.62,1,5.097966791666664e-01,-5.097966791666664e-01,5.513748749999995e-01,2.243125625000000e-01,1.500723203907034e+00,1.501874704322069e+00,2.854841166666661e-01,,False,True,False,True,0.025
0.025,0.025,0.025,0.62,2,5.097966791666666e-01,-5.097966791666666e-01,5.513339027777777e-01,2.243330486111111e-01,1.500665260434688e+00,1.501814537739647e+00,2.854636305555555e-01,,False,True,False,True,0.025
0.025,0.025,0.025,0.64,1,5.262417333333331e-01,-5.262417333333331e-01,5.691410000000001e-01,2.154294999999999e-01,1.549105117469311e+00,1.550292668863103e+00,3.108122333333332e-01,,False,True,False,True,0.025
0.025,0.025,0.025,0.64,2,5.262417333333331e-01,-5.262417333333331e-01,5.691000277777775e-01,2.154499861111110e-01,1.549047173996963e+00,1.550232503230839e+00,3.107917472222219e-01,,False,True,False,True,0.025
0.025,0.025,0.025,0.66,1,5.426867874999999e-01,-5.426867874999999e-01,5.869071249999999e-01,2.065464374999998e-01,1.597487031031587e+00,1.598710633858217e+00,3.361403499999998e-01,,False,True,False,True,0.025
0.025,0.025,0.025,0.66,2,5.426867874999998e-01,-5.426867874999998e-01,5.868661527777776e-01,2.065669236111111e-01,1.597429087559239e+00,1.598650469118575e+00,3.361198638888886e-01,,False,True,False,True,0.025
0.025,0.025,0.025,0.68,1,5.591318416666665e-01,-5.591318416666665e-01,6.046732499999998e-01,1.976633749999998e-01,1.645868944593863e+00,1.647128599267368e+00,3.614684666666664e-01,,False,True,False,True,0.025
0.025,0.025,0.025,0.68,2,5.591318416666665e-01,-5.591318416666665e-01,6.046322777777775e-01,1.976838611111111e-01,1.645811001121515e+00,1.647068435367883e+00,3.614479805555553e-01,,False,True,False,True,0.025
0.025,0.025,0.025,0.7,1,5.755768958333334e-01,-5.755768958333334e-01,6.224393750000000e-01,1.887803125000000e-01,1.694250858156139e+00,1.695546565055087e+00,3.867965833333334e-01,,False,True,False,True,0.025
0.025,0.025,0.025,0.7,2,5.755768958333332e-01,-5.755768958333332e-01,6.223984027777775e-01,1.888007986111112e-01,1.694192914683791e+00,1.695486401947788e+00,3.867760972222219e-01,,False,True,False,True,0.025
0.025,0.025,0.025,0.72,1,5.920219499999997e-01,-5.920219499999997e-01,6.402054999999995e-01,1.798972500000001e-01,1.742632771718414e+00,1.743964531189842e+00,4.121246999999995e-01,,False,True,False,True,0.025
0.025,0.025,0.025,0.72,2,5.920219499999997e-01,-5.920219499999997e-01,6.401645277777772e-01,1.799177361111111e-01,1.742574828246066e+00,1.743904368830753e+00,4.121042138888883e-01,,False,True,False,True,0.025
0.025,0.025,0.025,0.74,1,6.084670041666668e-01,-6.084670041666668e-01,6.579716249999996e-01,1.710141875000001e-01,1.791014685280691e+00,1.792382497643512e+00,4.374528166666666e-01,,False,True,False,True,0.025
0.025,0.025,0.025,0.74,2,6.084670041666664e-01,-6.084670041666664e-01,6.579306527777775e-01,1.710346736111111e-01,1.790956741808343e+00,1.792322335992218e+00,4.374323305555552e-01,,False,True,False,True,0.025
0.025,0.025,0.025,0.76,1,6.249120583333331e-01,-6.249120583333331e-01,6.757377499999995e-01,1.621311250000000e-01,1.839396598842965e+00,1.840800464390929e+00,4.627809333333328e-01,,False,True,False,True,0.025
0.025,0.025,0.025,0.76,2,6.249120583333331e-01,-6.249120583333331e-01,6.756967777777773e-01,1.621516111111111e-01,1.839338655370618e+00,1.840740303410206e+00,4.627604472222217e-01,,False,True,False,True,0.025
0.025,0.025,0.025,0.78,1,6.413571124999999e-01,-6.413571124999999e-01,6.935038749999999e-01,1.532480624999999e-01,1.887778512405242e+00,1.889218431409511e+00,4.881090499999999e-01,,False,True,False,True,0.025
0.025,0.025,0.025,0.78,2,6.413571124999999e-01,-6.413571124999999e-01,6.934629027777776e-01,1.532685486111111e-01,1.887720568932895e+00,1.889158271064994e+00,4.880885638888887e-01,,False,True,False,True,0.025
0.025,0.025,0.025,0.8,1,6.578021666666666e-01,-6.578021666666666e-01,7.112699999999998e-01,1.443649999999999e-01,1.936160425967518e+00,1.937636398678927e+00,5.134371666666665e-01,,False,True,False,True,0.025
0.025,0.025,0.025,0.8,2,6.578021666666666e-01,-6.578021666666666e-01,7.112290277777777e-01,1.443854861111110e-01,1.936102482495171e+00,1.937576238938828e+00,5.134166805555554e-01,,False,True,False,True,0.025
0.025,0.025,0.025,0.82,1,6.742472208333331e-01,-6.742472208333331e-01,7.290361249999996e-01,1.354819375000000e-01,1.984542339529793e+00,1.986054366180834e+00,5.387652833333330e-01,,False,True,False,True,0.025
0.025,0.025,0.025,0.82,2,6.742472208333332e-01,-6.742472208333332e-01,7.289951527777774e-01,1.355024236111111e-01,1.984484396057446e+00,1.985994207015689e+00,5.387447972222219e-01,,False,True,False,True,0.025
0.025,0.025,0.025,0.84,1,6.906922749999996e-01,-6.906922749999996e-01,7.468022499999998e-01,1.265988750000000e-01,2.032924253092069e+00,2.034472333898632e+00,5.640933999999995e-01,-5.239566699508229e-01,True,True,True,True,0.025
0.025,0.025,0.025,0.84,2,6.906922749999997e-01,-6.906922749999997e-01,7.467612777777776e-01,1.266193611111111e-01,2.032866309619722e+00,2.034412175281080e+00,5.640729138888885e-01,-5.240567134028330e-01,True,True,True,True,0.025
0.025,0.025,0.025,0.86,1,7.071373291666663e-01,-7.071373291666663e-01,7.645683749999995e-01,1.177158125000000e-01,2.081306166654345e+00,2.082890301817267e+00,5.894215166666661e-01,-4.620608985069368e-01,True,True,True,True,0.025
0.025,0.025,0.025,0.86,2,7.071373291666665e-01,-7.071373291666665e-01,7.645274027777775e-01,1.177362986111111e-01,2.081248223181998e+00,2.082830143721855e+00,5.894010305555553e-01,-4.621651888420534e-01,True,True,True,True,0.025
0.025,0.025,0.025,0.88,1,7.235823833333329e-01,-7.235823833333329e-01,7.823344999999997e-01,1.088327499999999e-01,2.129688080216621e+00,2.131308269923050e+00,6.147496333333328e-01,-3.975220768039210e-01,True,True,True,True,0.025
0.025,0.025,0.025,0.88,2,7.235823833333330e-01,-7.235823833333330e-01,7.822935277777776e-01,1.088532361111111e-01,2.129630136744273e+00,2.131248112326059e+00,6.147291472222218e-01,-3.976308895716379e-01,True,True,True,True,0.025
0.025,0.025,0.025,0.9,1,7.400274374999999e-01,-7.400274374999999e-01,8.001006250000000e-01,9.994968749999995e-02,2.178069993778898e+00,2.179726238203510e+00,6.400777499999999e-01,-3.301639220627230e-01,True,True,True,True,0.025
0.025,0.025,0.025,0.9,2,7.400274374999997e-01,-7.400274374999997e-01,8.000596527777774e-01,9.997017361111105e-02,2.178012050306549e+00,2.179666081082801e+00,6.400572638888884e-01,-3.302775782668883e-01,True,True,True,True,0.025
0.025,0.025,0.025,0.92,1,7.564724916666662e-01,-7.564724916666662e-01,8.178667500000001e-01,9.106662499999998e-02,2.226451907341173e+00,2.228144206647260e+00,6.654058666666662e-01,-2.597805541297120e-01,True,True,True,True,0.025
0.025,0.025,0.025,0.92,2,7.564724916666663e-01,-7.564724916666663e-01,8.178257777777780e-01,9.108711111111105e-02,2.226393963868826e+00,2.228084049982138e+00,6.653853805555553e-01,-2.598994321899378e-01,True,True,True,True,0.025
0.025,0.025,0.025,0.94,1,7.729175458333332e-01,-7.729175458333332e-01,8.356328749999996e-01,8.218356249999997e-02,2.274833820903448e+00,2.276562175243881e+00,6.907339833333330e-01,-1.861285458054259e-01,True,True,True,True,0.025
0.025,0.025,0.025,0.94,2,7.729175458333332e-01,-7.729175458333332e-01,8.355919027777778e-01,8.220404861111109e-02,2.274775877431102e+00,2.276502019014971e+00,6.907134972222221e-01,-1.862530981616752e-01,True,True,True,True,0.025
0.025,0.025,0.025,0.96,1,7.893625999999997e-01,-7.893625999999997e-01,8.533989999999996e-01,7.330050000000002e-02,2.323215734465724e+00,2.324980143983822e+00,7.160620999999995e-01,-1.089158120666129e-01,True,True,True,True,0.025
0.025,0.025,0.025,0.96,2,7.893625999999998e-01,-7.893625999999998e-01,8.533580277777780e-01,7.332098611111110e-02,2.323157790993378e+00,2.324919988172959e+00,7.160416138888888e-01,-1.090465889440072e-01,True,True,True,True,0.025
0.025,0.025,0.025,0.98,1,8.058076541666664e-01,-8.058076541666664e-01,8.711651249999994e-01,6.441743749999995e-02,2.371597648028000e+00,2.373398112858313e+00,7.413902166666662e-01,-2.778557126737102e-02,True,True,True,True,0.025
0.025,0.025,0.025,0.98,2,8.058076541666666e-01,-8.058076541666666e-01,8.711241527777775e-01,6.443792361111109e-02,2.371539704555653e+00,2.373337957448443e+00,7.413697305555553e-01,-2.792325597612588e-02,True,True,True,True,0.025
0.025,0.025,0.025,1.0,1,8.222527083333330e-01,-8.222527083333330e-01,8.889312500000000e-01,5.553437499999998e-02,2.419979561590277e+00,2.421816081859284e+00,7.667183333333329e-01,5.770774670597179e-02,True,True,True,True,0.025
0.025,0.025,0.025,1.0,2,8.222527083333331e-01,-8.222527083333331e-01,8.888902777777774e-01,5.555486111111110e-02,2.419921618117929e+00,2.421755926834375e+00,7.666978472222218e-01,5.756228285339993e-02,True,True,True,True,0.025
0.03,0.03,0.03,0.5,1,3.949479935999998e-01,-3.949479935999998e-01,4.344667200000006e-01,2.827666399999999e-01,1.172969536804917e+00,1.174300214487291e+00,1.121813536000001e-01,,False,True,False,True,0.03
0.03,0.03,0.03,0.5,2,3.949479935999998e-01,-3.949479935999998e-01,4.343961599999996e-01,2.828019200000000e-01,1.172869749895954e+00,1.174195795378966e+00,1.121460735999996e-01,,False,True,False,True,0.03
0.03,0.03,0.03,0.52,1,4.107459133439997e-01,-4.107459133439997e-01,4.518093887999996e-01,2.740953056000001e-01,1.219837406588867e+00,1.221218947014213e+00,1.366506077439996e-01,,False,True,False,True,0.03
0.03,0.03,0.03,0.52,2,4.107459133439998e-01,-4.107459133439998e-01,4.517388287999999e-01,2.741305855999997e-01,1.219737619679906e+00,1.221114531523382e+00,1.366153277439998e-01,,False,True,False,True,0.03
0.03,0.03,0.03,0.54,1,4.265438330879999e-01,-4.265438330879999e-01,4.691520575999996e-01,2.654239711999999e-01,1.266705276372818e+00,1.268137681319685e+00,1.611198618879998e-01,,False,True,False,True,0.03
0.03,0.03,0.03,0.54,2,4.265438330879999e-01,-4.265438330879999e-01,4.690814975999997e-01,2.654592512000000e-01,1.266605489463857e+00,1.268033269178789e+00,1.610845818879997e-01,,False,True,False,True,0.03
0.03,0.03,0.03,0.56,1,4.423417528319999e-01,-4.423417528319999e-01,4.864947263999999e-01,2.567526367999999e-01,1.313573146156770e+00,1.315056417213341e+00,1.855891160319998e-01,,False,True,False,True,0.03
0.03,0.03,0.03,0.56,2,4.423417528320001e-01,-4.423417528320001e-01,4.864241664000003e-01,2.567879167999998e-01,1.313473359247809e+00,1.314952008183449e+00,1.855538360320002e-01,,False,True,False,True,0.03
0.03,0.03,0.03,0.58,1,4.581396725759998e-01,-4.581396725759998e-01,5.038373951999999e-01,2.480813024000000e-01,1.360441015940721e+00,1.361975154531044e+00,2.100583701759998e-01,,False,True,False,True,0.03
0.03,0.03,0.03,0.58,2,4.581396725759998e-01,-4.581396725759998e-01,5.037668351999999e-01,2.481165823999999e-01,1.360341229031759e+00,1.361870748397906e+00,2.100230901759997e-01,,False,True,False,True,0.03
0.03,0.03,0.03,0.6,1,4.739375923199997e-01,-4.739375923199997e-01,5.211800639999997e-01,2.394099679999999e-01,1.407308885724672e+00,1.408893893130525e+00,2.345276243199996e-01,,False,True,False,True,0.03
0.03,0.03,0.03,0.6,2,4.739375923199998e-01,-4.739375923199998e-01,5.211095039999998e-01,2.394452479999999e-01,1.407209098815711e+00,1.408789489701288e+00,2.344923443199997e-01,,False,True,False,True,0.03
0.03,0.03,0.03,0.62,1,4.897355120639999e-01,-4.897355120639999e-01,5.385227327999998e-01,2.307386336000000e-01,1.454176755508623e+00,1.455812632887857e+00,2.589968784639998e-01,,False,True,False,True,0.03
0.03,0.03,0.03,0.62,2,4.897355120639998e-01,-4.897355120639998e-01,5.384521727999997e-01,2.307739136000000e-01,1.454076968599662e+00,1.455708231988305e+00,2.589615984639996e-01,,False,True,False,True,0.03
0.03,0.03,0.03,0.64,1,5.055334318079999e-01,-5.055334318079999e-01,5.558654016000000e-01,2.220672991999999e-01,1.501044625292575e+00,1.502731373694584e+00,2.834661326079999e-01,,False,True,False,True,0.03
0.03,0.03,0.03,0.64,2,5.055334318079998e-01,-5.055334318079998e-01,5.557948415999994e-01,2.221025792000000e-01,1.500944838383613e+00,1.502626975166814e+00,2.834308526079995e-01,,False,True,False,True,0.03
0.03,0.03,0.03,0.66,1,5.213313515519999e-01,-5.213313515519999e-01,5.732080704000004e-01,2.133959648000000e-01,1.547912495076526e+00,1.549650115455391e+00,3.079353867520002e-01,,False,True,False,True,0.03
0.03,0.03,0.03,0.66,2,5.213313515519998e-01,-5.213313515519998e-01,5.731375104000000e-01,2.134312448000001e-01,1.547812708167565e+00,1.549545719155837e+00,3.079001067519999e-01,,False,True,False,True,0.03
0.03,0.03,0.03,0.68,1,5.371292712959999e-01,-5.371292712959999e-01,5.905507391999997e-01,2.047246303999999e-01,1.594780364860477e+00,1.596568858086162e+00,3.324046408959997e-01,,False,True,False,True,0.03
0.03,0.03,0.03,0.68,2,5.371292712960002e-01,-5.371292712960002e-01,5.904801791999997e-01,2.047599103999999e-01,1.594680577951516e+00,1.596464463883911e+00,3.323693608960001e-01,,False,True,False,True,0.03
0.03,0.03,0.03,0.7,1,5.529271910399999e-01,-5.529271910399999e-01,6.078934079999996e-01,1.960532959999999e-01,1.641648234644428e+00,1.643487601512392e+00,3.568738950399997e-01,,False,True,False,True,0.03
0.03,0.03,0.03,0.7,2,5.529271910399997e-01,-5.529271910399997e-01,6.078228479999996e-01,1.960885760000000e-01,1.641548447735467e+00,1.643383209287736e+00,3.568386150399995e-01,,False,True,False,True,0.03
0.03,0.03,0.03,0.72,1,5.687251107839999e-01,-5.687251107839999e-01,6.252360767999997e-01,1.873819615999998e-01,1.688516104428379e+00,1.690406345667843e+00,3.813431491839998e-01,,False,True,False,True,0.03
0.03,0.03,0.03,0.72,2,5.687251107839999e-01,-5.687251107839999e-01,6.251655167999998e-01,1.874172416000000e-01,1.688416317519418e+00,1.690301955311043e+00,3.813078691839998e-01,,False,True,False,True,0.03
0.03,0.03,0.03,0.74,1,5.845230305279997e-01,-5.845230305279997e-01,6.425787455999996e-01,1.787106272000000e-01,1.735383974212330e+00,1.737325090493435e+00,4.058124033279995e-01,,False,True,False,True,0.03
0.03,0.03,0.03,0.74,2,5.845230305279996e-01,-5.845230305279996e-01,6.425081856000002e-01,1.787459072000000e-01,1.735284187303369e+00,1.737220701903637e+00,4.057771233279997e-01,,False,True,False,True,0.03
0.03,0.03,0.03,0.76,1,6.003209502719997e-01,-6.003209502719997e-01,6.599214144000000e-01,1.700392928000000e-01,1.782251843996282e+00,1.784243835936303e+00,4.302816574719997e-01,,False,True,False,True,0.03
0.03,0.03,0.03,0.76,2,6.003209502719998e-01,-6.003209502719998e-01,6.598508543999999e-01,1.700745728000000e-01,1.782152057087321e+00,1.784139449020605e+00,4.302463774719998e-01,,False,True,False,True,0.03
0.03,0.03,0.03,0.78,1,6.161188700159999e-01,-6.161188700159999e-01,6.772640831999998e-01,1.613679584000000e-01,1.829119713780233e+00,1.831162581948997e+00,4.547509116159997e-01,,False,True,False,True,0.03
0.03,0.03,0.03,0.78,2,6.161188700159999e-01,-6.161188700159999e-01,6.771935231999995e-01,1.614032384000000e-01,1.829019926871271e+00,1.831058196621637e+00,4.547156316159996e-01,,False,True,False,True,0.03
0.03,0.03,0.03,0.8,1,6.319167897599999e-01,-6.319167897599999e-01,6.946067519999997e-01,1.526966240000000e-01,1.875987583564184e+00,1.878081328488809e+00,4.792201657599997e-01,,False,True,False,True,0.03
0.03,0.03,0.03,0.8,2,6.319167897599999e-01,-6.319167897599999e-01,6.945361919999995e-01,1.527319040000000e-01,1.875887796655223e+00,1.877976944670455e+00,4.791848857599996e-01,,False,True,False,True,0.03
0.03,0.03,0.03,0.82,1,6.477147095039996e-01,-6.477147095039996e-01,7.119494207999999e-01,1.440252896000000e-01,1.922855453348135e+00,1.925000075517199e+00,5.036894199039995e-01,,False,True,False,True,0.03
0.03,0.03,0.03,0.82,2,6.477147095039996e-01,-6.477147095039996e-01,7.118788608000000e-01,1.440605696000000e-01,1.922755666439174e+00,1.924895693134312e+00,5.036541399039995e-01,,False,True,False,True,0.03
0.03,0.03,0.03,0.84,1,6.635126292479997e-01,-6.635126292479997e-01,7.292920895999996e-01,1.353539552000000e-01,1.969723323132086e+00,1.971918822999291e+00,5.281586740479995e-01,,False,True,False,True,0.03
0.03,0.03,0.03,0.84,2,6.635126292479998e-01,-6.635126292479998e-01,7.292215296000000e-01,1.353892352000000e-01,1.969623536223126e+00,1.971814441983583e+00,5.281233940479998e-01,,False,True,False,True,0.03
0.03,0.03,0.03,0.86,1,6.793105489919997e-01,-6.793105489919997e-01,7.466347583999995e-01,1.266826207999999e-01,2.016591192916037e+00,2.018837570903452e+00,5.526279281919995e-01,-5.362183057471417e-01,True,True,True,True,0.03
0.03,0.03,0.03,0.86,2,6.793105489919996e-01,-6.793105489919996e-01,7.465641983999997e-01,1.267179007999999e-01,2.016491406007076e+00,2.018733191191393e+00,5.525926481919994e-01,-5.363895448188752e-01,True,True,True,True,0.03
0.03,0.03,0.03,0.88,1,6.951084687359997e-01,-6.951084687359997e-01,7.639774271999993e-01,1.180112864000000e-01,2.063459062699988e+00,2.065756319200923e+00,5.770971823359994e-01,-4.766019777505792e-01,True,True,True,True,0.03
0.03,0.03,0.03,0.88,2,6.951084687359999e-01,-6.951084687359999e-01,7.639068671999996e-01,1.180465664000000e-01,2.063359275791028e+00,2.065651940733312e+00,5.770619023359996e-01,-4.767802681947526e-01,True,True,True,True,0.03
0.03,0.03,0.03,0.9,1,7.109063884799997e-01,-7.109063884799997e-01,7.813200959999994e-01,1.093399520000000e-01,2.110326932483939e+00,2.112675067865501e+00,6.015664364799993e-01,-4.145228435731466e-01,True,True,True,True,0.03
0.03,0.03,0.03,0.9,2,7.109063884799997e-01,-7.109063884799997e-01,7.812495359999996e-01,1.093752320000000e-01,2.110227145574979e+00,2.112570690587078e+00,6.015311564799994e-01,-4.147086247037692e-01,True,True,True,True,0.03
0.03,0.03,0.03,0.92,1,7.267043082239996e-01,-7.267043082239996e-01,7.986627648000000e-01,1.006686176000000e-01,2.157194802267891e+00,2.159593816873258e+00,6.260356906239996e-01,-3.498242357558703e-01,True,True,True,True,0.03
0.03,0.03,0.03,0.92,2,7.267043082239998e-01,-7.267043082239998e-01,7.985922047999995e-01,1.007038976000000e-01,2.157095015358930e+00,2.159489440732366e+00,6.260004106239996e-01,-3.500180166227027e-01,True,True,True,True,0.03
0.03,0.03,0.03,0.94,1,7.425022279679998e-01,-7.425022279679998e-01,8.160054335999999e-01,9.199728320000004e-02,2.204062672051843e+00,2.206512566202302e+00,6.505049447679998e-01,-2.823243208510928e-01,True,True,True,True,0.03
0.03,0.03,0.03,0.94,2,7.425022279679995e-01,-7.425022279679995e-01,8.159348735999997e-01,9.203256319999997e-02,2.203962885142881e+00,2.206408191150577e+00,6.504696647679993e-01,-2.825266978764029e-01,True,True,True,True,0.03
0.03,0.03,0.03,0.96,1,7.583001477119997e-01,-7.583001477119997e-01,8.333481023999999e-01,8.332594880000002e-02,2.250930541835794e+00,2.253431315832565e+00,6.749741989119997e-01,-2.118096410918966e-01,True,True,True,True,0.03
0.03,0.03,0.03,0.96,2,7.583001477119996e-01,-7.583001477119996e-01,8.332775423999996e-01,8.336122879999999e-02,2.250830754926832e+00,2.253326941824664e+00,6.749389189119994e-01,-2.120213222818411e-01,True,True,True,True,0.03
0.03,0.03,0.03,0.98,1,7.740980674559996e-01,-7.740980674559996e-01,8.506907711999995e-01,7.465461440000001e-02,2.297798411619744e+00,2.300350065745615e+00,6.994434530559994e-01,-1.380262030721596e-01,True,True,True,True,0.03
0.03,0.03,0.03,0.98,2,7.740980674559997e-01,-7.740980674559997e-01,8.506202111999996e-01,7.468989440000000e-02,2.297698624710784e+00,2.300245692738970e+00,6.994081730559996e-01,-1.382480422201677e-01,True,True,True,True,0.03
0.03,0.03,0.03,1.0,1,7.898959871999996e-01,-7.898959871999996e-01,8.680334399999997e-01,6.598327999999998e-02,2.344666281403696e+00,2.347268815924495e+00,7.239127071999996e-01,-6.066680485591258e-02,True,True,True,True,0.03
0.03,0.03,0.03,1.0,2,7.898959871999996e-01,-7.898959871999996e-01,8.679628799999998e-01,6.601855999999998e-02,2.344566494494735e+00,2.347164443879087e+00,7.238774271999995e-01,-6.089985156765110e-02,True,True,True,True,0.03
0.035,0.035,0.035,0.5,1,3.792737376999998e-01,-3.792737376999998e-01,4.243943338888879e-01,2.878028330555555e-01,1.136558286487236e+00,1.138348134352442e+00,9.147090464444368e-02,,False,True,False,True,0.035
0.035,0.035,0.035,0.5,2,3.792737376999998e-01,-3.792737376999998e-01,4.242826683333337e-01,2.878586658333332e-01,1.136400367544122e+00,1.138181621283672e+00,9.141507186666670e-02,,False,True,False,True,0.035
0.035,0.035,0.035,0.52,1,3.944446872079999e-01,-3.944446872079999e-01,4.413211072444442e-01,2.793394463777776e-01,1.181951321482171e+00,1.183808989602764e+00,1.151052408302220e-01,,False,True,False,True,0.035
0.035,0.035,0.035,0.52,2,3.944446872079999e-01,-3.944446872079999e-01,4.412094416888885e-01,2.793952791555554e-01,1.181793402539054e+00,1.183642484371083e+00,1.150494080524442e-01,,False,True,False,True,0.035
0.035,0.035,0.035,0.54,1,4.096156367159998e-01,-4.096156367159998e-01,4.582478806000001e-01,2.708760596999999e-01,1.227344356477104e+00,1.229269848188990e+00,1.387395770159998e-01,,False,True,False,True,0.035
0.035,0.035,0.035,0.54,2,4.096156367159998e-01,-4.096156367159998e-01,4.581362150444445e-01,2.709318924777778e-01,1.227186437533988e+00,1.229103350215113e+00,1.386837442382221e-01,,False,True,False,True,0.035
0.035,0.035,0.035,0.56,1,4.247865862240000e-01,-4.247865862240000e-01,4.751746539555558e-01,2.624126730222222e-01,1.272737391472038e+00,1.274730709754216e+00,1.623739132017779e-01,,False,True,False,True,0.035
0.035,0.035,0.035,0.56,2,4.247865862240000e-01,-4.247865862240000e-01,4.750629883999993e-01,2.624685058000000e-01,1.272579472528920e+00,1.274564218520789e+00,1.623180804239996e-01,,False,True,False,True,0.035
0.035,0.035,0.035,0.58,1,4.399575357319997e-01,-4.399575357319997e-01,4.921014273111105e-01,2.539492863444445e-01,1.318130426466970e+00,1.320191573990693e+00,1.860082493875549e-01,,False,True,False,True,0.035
0.035,0.035,0.035,0.58,2,4.399575357319999e-01,-4.399575357319999e-01,4.919897617555554e-01,2.540051191222222e-01,1.317972507523854e+00,1.320025089033784e+00,1.859524166097776e-01,,False,True,False,True,0.035
0.035,0.035,0.035,0.6,1,4.551284852399999e-01,-4.551284852399999e-01,5.090282006666663e-01,2.454858996666666e-01,1.363523461461904e+00,1.365652440631657e+00,2.096425855733330e-01,,False,True,False,True,0.035
0.035,0.035,0.035,0.6,2,4.551284852399998e-01,-4.551284852399998e-01,5.089165351111113e-01,2.455417324444444e-01,1.363365542518788e+00,1.365485961533630e+00,2.095867527955555e-01,,False,True,False,True,0.035
0.035,0.035,0.035,0.62,1,4.702994347479998e-01,-4.702994347479998e-01,5.259549740222220e-01,2.370225129888889e-01,1.408916496456837e+00,1.411113309444715e+00,2.332769217591108e-01,,False,True,False,True,0.035
0.035,0.035,0.035,0.62,2,4.702994347479999e-01,-4.702994347479999e-01,5.258433084666664e-01,2.370783457666666e-01,1.408758577513720e+00,1.410946835828279e+00,2.332210889813331e-01,,False,True,False,True,0.035
0.035,0.035,0.035,0.64,1,4.854703842560001e-01,-4.854703842560001e-01,5.428817473777779e-01,2.285591263111110e-01,1.454309531451771e+00,1.456574180226490e+00,2.569112579448891e-01,,False,True,False,True,0.035
0.035,0.035,0.035,0.64,2,4.854703842559999e-01,-4.854703842559999e-01,5.427700818222216e-01,2.286149590888888e-01,1.454151612508653e+00,1.456407711749659e+00,2.568554251671107e-01,,False,True,False,True,0.035
0.035,0.035,0.035,0.66,1,5.006413337639998e-01,-5.006413337639998e-01,5.598085207333330e-01,2.200957396333332e-01,1.499702566446703e+00,1.502035052798222e+00,2.805455941306663e-01,,False,True,False,True,0.035
0.035,0.035,0.035,0.66,2,5.006413337639997e-01,-5.006413337639997e-01,5.596968551777775e-01,2.201515724111110e-01,1.499544647503587e+00,1.501868589150050e+00,2.804897613528884e-01,,False,True,False,True,0.035
0.035,0.035,0.035,0.68,1,5.158122832719999e-01,-5.158122832719999e-01,5.767352940888887e-01,2.116323529555555e-01,1.545095601441637e+00,1.547495927002163e+00,3.041799303164442e-01,,False,True,False,True,0.035
0.035,0.035,0.035,0.68,2,5.158122832720000e-01,-5.158122832720000e-01,5.766236285333333e-01,2.116881857333332e-01,1.544937682498521e+00,1.547329467899092e+00,3.041240975386666e-01,,False,True,False,True,0.035
0.035,0.035,0.035,0.7,1,5.309832327799998e-01,-5.309832327799998e-01,5.936620674444445e-01,2.031689662777777e-01,1.590488636436570e+00,1.592956802698569e+00,3.278142665022221e-01,,False,True,False,True,0.035
0.035,0.035,0.035,0.7,2,5.309832327799998e-01,-5.309832327799998e-01,5.935504018888887e-01,2.032247990555556e-01,1.590330717493453e+00,1.592790347881303e+00,3.277584337244442e-01,,False,True,False,True,0.035
0.035,0.035,0.035,0.72,1,5.461541822879997e-01,-5.461541822879997e-01,6.105888408000001e-01,1.947055796000000e-01,1.635881671431503e+00,1.638417679763206e+00,3.514486026879998e-01,,False,True,False,True,0.035
0.035,0.035,0.035,0.72,2,5.461541822879998e-01,-5.461541822879998e-01,6.104771752444440e-01,1.947614123777777e-01,1.635723752488386e+00,1.638251228994026e+00,3.513927699102218e-01,,False,True,False,True,0.035
0.035,0.035,0.035,0.74,1,5.613251317959997e-01,-5.613251317959997e-01,6.275156141555553e-01,1.862421929222221e-01,1.681274706426436e+00,1.683878558085256e+00,3.750829388737774e-01,,False,True,False,True,0.035
0.035,0.035,0.035,0.74,2,5.613251317959997e-01,-5.613251317959997e-01,6.274039486000000e-01,1.862980257000000e-01,1.681116787483320e+00,1.683712111145689e+00,3.750271060959998e-01,,False,True,False,True,0.035
0.035,0.035,0.035,0.76,1,5.764960813039999e-01,-5.764960813039999e-01,6.444423875111107e-01,1.777788062444444e-01,1.726667741421369e+00,1.729339437565556e+00,3.987172750595552e-01,,False,True,False,True,0.035
0.035,0.035,0.035,0.76,2,5.764960813039999e-01,-5.764960813039999e-01,6.443307219555556e-01,1.778346390222221e-01,1.726509822478254e+00,1.729172994254347e+00,3.986614422817777e-01,,False,True,False,True,0.035
0.035,0.035,0.035,0.78,1,5.916670308119998e-01,-5.916670308119998e-01,6.613691608666665e-01,1.693154195666666e-01,1.772060776416303e+00,1.774800318115102e+00,4.223516112453330e-01,,False,True,False,True,0.035
0.035,0.035,0.035,0.78,2,5.916670308119998e-01,-5.916670308119998e-01,6.612574953111104e-01,1.693712523444444e-01,1.771902857473185e+00,1.774633878246453e+00,4.222957784675550e-01,,False,True,False,True,0.035
0.035,0.035,0.035,0.8,1,6.068379803199998e-01,-6.068379803199998e-01,6.782959342222222e-01,1.608520328888888e-01,1.817453811411236e+00,1.820261199653779e+00,4.459859474311109e-01,,False,True,False,True,0.035
0.035,0.035,0.035,0.8,2,6.068379803199997e-01,-6.068379803199997e-01,6.781842686666666e-01,1.609078656666665e-01,1.817295892468120e+00,1.820094763055812e+00,4.459301146533330e-01,,False,True,False,True,0.035
0.035,0.035,0.035,0.82,1,6.220089298279997e-01,-6.220089298279997e-01,6.952227075777772e-01,1.523886462111111e-01,1.862846846406169e+00,1.865722082109282e+00,4.696202836168883e-01,,False,True,False,True,0.035
0.035,0.035,0.035,0.82,2,6.220089298279997e-01,-6.220089298279997e-01,6.951110420222217e-01,1.524444789888890e-01,1.862688927463052e+00,1.865555648622675e+00,4.695644508391106e-01,,False,True,False,True,0.035
0.035,0.035,0.035,0.84,1,6.371798793359997e-01,-6.371798793359997e-01,7.121494809333332e-01,1.439252595333333e-01,1.908239881401102e+00,1.911182965416190e+00,4.932546198026663e-01,,False,True,False,True,0.035
0.035,0.035,0.035,0.84,2,6.371798793359997e-01,-6.371798793359997e-01,7.120378153777775e-01,1.439810923111111e-01,1.908081962457985e+00,1.911016534892984e+00,4.931987870248885e-01,,False,True,False,True,0.035
0.035,0.035,0.035,0.86,1,6.523508288439998e-01,-6.523508288439998e-01,7.290762542888886e-01,1.354618728555555e-01,1.953632916396036e+00,1.956643849515153e+00,5.168889559884440e-01,,False,True,False,True,0.035
0.035,0.035,0.035,0.86,2,6.523508288439999e-01,-6.523508288439999e-01,7.289645887333331e-01,1.355177056333332e-01,1.953474997452919e+00,1.956477421817703e+00,5.168331232106664e-01,,False,True,False,True,0.035
0.035,0.035,0.035,0.88,1,6.675217783519997e-01,-6.675217783519997e-01,7.460030276444443e-01,1.269984861777778e-01,1.999025951390969e+00,2.002104734352220e+00,5.405232921742218e-01,,False,True,False,True,0.035
0.035,0.035,0.035,0.88,2,6.675217783519997e-01,-6.675217783519997e-01,7.458913620888885e-01,1.270543189555555e-01,1.998868032447852e+00,2.001938309352247e+00,5.404674593964439e-01,,False,True,False,True,0.035
0.035,0.035,0.035,0.9,1,6.826927278600000e-01,-6.826927278600000e-01,7.629298009999994e-01,1.185350995000000e-01,2.044418986385902e+00,2.047565619878227e+00,5.641576283599997e-01,-4.924910340788168e-01,True,True,True,True,0.035
0.035,0.035,0.035,0.9,2,6.826927278599999e-01,-6.826927278599999e-01,7.628181354444443e-01,1.185909322777777e-01,2.044261067442786e+00,2.047399197455998e+00,5.641017955822221e-01,-4.927708538355856e-01,True,True,True,True,0.035
0.035,0.035,0.035,0.92,1,6.978636773679997e-01,-6.978636773679997e-01,7.798565743555548e-01,1.100717128222222e-01,2.089812021380834e+00,2.093026506048281e+00,5.877919645457771e-01,-4.328389418559115e-01,True,True,True,True,0.035
0.035,0.035,0.035,0.92,2,6.978636773679996e-01,-6.978636773679996e-01,7.797449087999992e-01,1.101275455999999e-01,2.089654102437718e+00,2.092860086091860e+00,5.877361317679992e-01,-4.331301483663754e-01,True,True,True,True,0.035
0.035,0.035,0.035,0.94,1,7.130346268759995e-01,-7.130346268759995e-01,7.967833477111109e-01,1.016083261444445e-01,2.135205056375768e+00,2.138487392821310e+00,6.114263007315550e-01,-3.707558262882130e-01,True,True,True,True,0.035
0.035,0.035,0.035,0.94,2,7.130346268759998e-01,-7.130346268759998e-01,7.966716821555549e-01,1.016641589222222e-01,2.135047137432652e+00,2.138320975225897e+00,6.113704679537773e-01,-3.710591593759762e-01,True,True,True,True,0.035
0.035,0.035,0.035,0.96,1,7.282055763839994e-01,-7.282055763839994e-01,8.137101210666665e-01,9.314493946666666e-02,2.180598091370701e+00,2.183948280159658e+00,6.350606369173326e-01,-3.060814212000748e-01,True,True,True,True,0.035
0.035,0.035,0.035,0.96,2,7.282055763839996e-01,-7.282055763839996e-01,8.135984555111111e-01,9.320077224444448e-02,2.180440172427585e+00,2.183781864826996e+00,6.350048041395552e-01,-3.063977424495203e-01,True,True,True,True,0.035
0.035,0.035,0.035,0.98,1,7.433765258919998e-01,-7.433765258919998e-01,8.306368944222218e-01,8.468155278888886e-02,2.225991126365635e+00,2.229409168028742e+00,6.586949731031106e-01,-2.386288812481741e-01,True,True,True,True,0.035
0.035,0.035,0.035,0.98,2,7.433765258919997e-01,-7.433765258919997e-01,8.305252288666662e-01,8.473738556666668e-02,2.225833207422518e+00,2.229242754866582e+00,6.586391403253328e-01,-2.389592063122240e-01,True,True,True,True,0.035
0.035,0.035,0.035,1.0,1,7.585474753999996e-01,-7.585474753999996e-01,8.475636677777776e-01,7.621816611111107e-02,2.271384161360568e+00,2.274870056396745e+00,6.823293092888884e-01,-1.681776478306819e-01,True,True,True,True,0.035
0.035,0.035,0.035,1.0,2,7.585474753999997e-01,-7.585474753999997e-01,8.474520022222219e-01,7.627399888888886e-02,2.271226242417452e+00,2.274703645318366e+00,6.822734765111107e-01,-1.685231914905605e-01,True,True,True,True,0.035
0.04,0.04,0.04,0.5,1,3.640919381333332e-01,-3.640919381333332e-01,4.145587199999997e-01,2.927206399999999e-01,1.101178321082896e+00,1.103488779719531e+00,7.137129813333298e-02,,False,True,False,True,0.04
0.04,0.04,0.04,0.5,2,3.640919381333331e-01,-3.640919381333331e-01,4.143926044444446e-01,2.928036977777776e-01,1.100943398211308e+00,1.103239176302105e+00,7.128824035555542e-02,,False,True,False,True,0.04
0.04,0.04,0.04,0.52,1,3.786556156586666e-01,-3.786556156586666e-01,4.310770687999994e-01,2.844614656000000e-01,1.145134944258219e+00,1.147532159924145e+00,9.419415005866627e-02,,False,True,False,True,0.04
0.04,0.04,0.04,0.52,2,3.786556156586665e-01,-3.786556156586665e-01,4.309109532444446e-01,2.845445233777777e-01,1.144900021386632e+00,1.147282571811983e+00,9.411109228088882e-02,,False,True,False,True,0.04
0.04,0.04,0.04,0.54,1,3.932192931839998e-01,-3.932192931839998e-01,4.475954175999994e-01,2.762022911999999e-01,1.189091567433543e+00,1.191575545886441e+00,1.170170019839996e-01,,False,True,False,True,0.04
0.04,0.04,0.04,0.54,2,3.932192931839998e-01,-3.932192931839998e-01,4.474293020444448e-01,2.762853489777776e-01,1.188856644561957e+00,1.191325971949077e+00,1.169339442062222e-01,,False,True,False,True,0.04
0.04,0.04,0.04,0.56,1,4.077829707093333e-01,-4.077829707093333e-01,4.641137664000000e-01,2.679431167999998e-01,1.233048190608868e+00,1.235618936990726e+00,1.398398539093333e-01,,False,True,False,True,0.04
0.04,0.04,0.04,0.56,2,4.077829707093333e-01,-4.077829707093333e-01,4.639476508444445e-01,2.680261745777776e-01,1.232813267737280e+00,1.235369376218477e+00,1.397567961315555e-01,,False,True,False,True,0.04
0.04,0.04,0.04,0.58,1,4.223466482346666e-01,-4.223466482346666e-01,4.806321152000002e-01,2.596839424000000e-01,1.277004813784192e+00,1.279662332706067e+00,1.626627058346667e-01,,False,True,False,True,0.04
0.04,0.04,0.04,0.58,2,4.223466482346666e-01,-4.223466482346666e-01,4.804659996444442e-01,2.597670001777777e-01,1.276769890912604e+00,1.279412784193424e+00,1.625796480568887e-01,,False,True,False,True,0.04
0.04,0.04,0.04,0.6,1,4.369103257599998e-01,-4.369103257599998e-01,4.971504640000002e-01,2.514247680000000e-01,1.320961436959516e+00,1.323705732572198e+00,1.854855577599999e-01,,False,True,False,True,0.04
0.04,0.04,0.04,0.6,2,4.369103257599998e-01,-4.369103257599998e-01,4.969843484444443e-01,2.515078257777777e-01,1.320726514087928e+00,1.323456195503966e+00,1.854024999822220e-01,,False,True,False,True,0.04
0.04,0.04,0.04,0.62,1,4.514740032853331e-01,-4.514740032853331e-01,5.136688128000000e-01,2.431655935999999e-01,1.364918060134840e+00,1.367749136188134e+00,2.083084096853331e-01,,False,True,False,True,0.04
0.04,0.04,0.04,0.62,2,4.514740032853331e-01,-4.514740032853331e-01,5.135026972444443e-01,2.432486513777777e-01,1.364683137263252e+00,1.367499609827812e+00,2.082253519075553e-01,,False,True,False,True,0.04
0.04,0.04,0.04,0.64,1,4.660376808106665e-01,-4.660376808106665e-01,5.301871615999997e-01,2.349064192000000e-01,1.408874683310164e+00,1.411792543202929e+00,2.311312616106663e-01,,False,True,False,True,0.04
0.04,0.04,0.04,0.64,2,4.660376808106664e-01,-4.660376808106664e-01,5.300210460444441e-01,2.349894769777777e-01,1.408639760438576e+00,1.411543026882895e+00,2.310482038328885e-01,,False,True,False,True,0.04
0.04,0.04,0.04,0.66,1,4.806013583359997e-01,-4.806013583359997e-01,5.467055103999998e-01,2.266472448000000e-01,1.452831306485487e+00,1.455835953308108e+00,2.539541135359996e-01,,False,True,False,True,0.04
0.04,0.04,0.04,0.66,2,4.806013583359998e-01,-4.806013583359998e-01,5.465393948444444e-01,2.267303025777777e-01,1.452596383613900e+00,1.455586446421290e+00,2.538710557582219e-01,,False,True,False,True,0.04
0.04,0.04,0.04,0.68,1,4.951650358613333e-01,-4.951650358613333e-01,5.632238592000002e-01,2.183880703999999e-01,1.496787929660812e+00,1.499879366231427e+00,2.767769654613333e-01,,False,True,False,True,0.04
0.04,0.04,0.04,0.68,2,4.951650358613333e-01,-4.951650358613333e-01,5.630577436444442e-01,2.184711281777776e-01,1.496553006789224e+00,1.499629868224194e+00,2.766939076835553e-01,,False,True,False,True,0.04
0.04,0.04,0.04,0.7,1,5.097287133866666e-01,-5.097287133866666e-01,5.797422079999995e-01,2.101288960000000e-01,1.540744552836135e+00,1.543922781731704e+00,2.995998173866664e-01,,False,True,False,True,0.04
0.04,0.04,0.04,0.7,2,5.097287133866666e-01,-5.097287133866666e-01,5.795760924444441e-01,2.102119537777778e-01,1.540509629964547e+00,1.543673292097777e+00,2.995167596088886e-01,,False,True,False,True,0.04
0.04,0.04,0.04,0.72,1,5.242923909119996e-01,-5.242923909119996e-01,5.962605567999998e-01,2.018697215999999e-01,1.584701176011459e+00,1.587966199594521e+00,3.224226693119995e-01,,False,True,False,True,0.04
0.04,0.04,0.04,0.72,2,5.242923909119999e-01,-5.242923909119999e-01,5.960944412444443e-01,2.019527793777779e-01,1.584466253139872e+00,1.587716717869718e+00,3.223396115342220e-01,,False,True,False,True,0.04
0.04,0.04,0.04,0.74,1,5.388560684373331e-01,-5.388560684373331e-01,6.127789055999997e-01,1.936105472000000e-01,1.628657799186783e+00,1.632009619628602e+00,3.452455212373330e-01,,False,True,False,True,0.04
0.04,0.04,0.04,0.74,2,5.388560684373334e-01,-5.388560684373334e-01,6.126127900444442e-01,1.936936049777778e-01,1.628422876315196e+00,1.631760145386298e+00,3.451624634595555e-01,,False,True,False,True,0.04
0.04,0.04,0.04,0.76,1,5.534197459626665e-01,-5.534197459626665e-01,6.292972543999993e-01,1.853513727999999e-01,1.672614422362106e+00,1.676053041662775e+00,3.680683731626662e-01,,False,True,False,True,0.04
0.04,0.04,0.04,0.76,2,5.534197459626663e-01,-5.534197459626663e-01,6.291311388444439e-01,1.854344305777778e-01,1.672379499490519e+00,1.675803574509959e+00,3.679853153848883e-01,,False,True,False,True,0.04
0.04,0.04,0.04,0.78,1,5.679834234879996e-01,-5.679834234879996e-01,6.458156031999993e-01,1.770921983999999e-01,1.716571045537430e+00,1.720096465543403e+00,3.908912250879992e-01,,False,True,False,True,0.04
0.04,0.04,0.04,0.78,2,5.679834234879998e-01,-5.679834234879998e-01,6.456494876444443e-01,1.771752561777777e-01,1.716336122665844e+00,1.719847005117237e+00,3.908081673102219e-01,,False,True,False,True,0.04
0.04,0.04,0.04,0.8,1,5.825471010133333e-01,-5.825471010133333e-01,6.623339519999998e-01,1.688330240000000e-01,1.760527668712755e+00,1.764139891132193e+00,4.137140770133332e-01,,False,True,False,True,0.04
0.04,0.04,0.04,0.8,2,5.825471010133330e-01,-5.825471010133330e-01,6.621678364444443e-01,1.689160817777776e-01,1.760292745841167e+00,1.763890437096993e+00,4.136310192355551e-01,,False,True,False,True,0.04
0.04,0.04,0.04,0.82,1,5.971107785386663e-01,-5.971107785386663e-01,6.788523008000003e-01,1.605738496000000e-01,1.804484291888080e+00,1.808183318304321e+00,4.365369289386665e-01,,False,True,False,True,0.04
0.04,0.04,0.04,0.82,2,5.971107785386665e-01,-5.971107785386665e-01,6.786861852444441e-01,1.606569073777777e-01,1.804249369016491e+00,1.807933870348922e+00,4.364538711608885e-01,,False,True,False,True,0.04
0.04,0.04,0.04,0.84,1,6.116744560639996e-01,-6.116744560639996e-01,6.953706495999999e-01,1.523146752000000e-01,1.848440915063403e+00,1.852226746946837e+00,4.593597808639996e-01,,False,True,False,True,0.04
0.04,0.04,0.04,0.84,2,6.116744560639995e-01,-6.116744560639995e-01,6.952045340444444e-01,1.523977329777777e-01,1.848205992191815e+00,1.851977304782262e+00,4.592767230862217e-01,,False,True,False,True,0.04
0.04,0.04,0.04,0.86,1,6.262381335893331e-01,-6.262381335893331e-01,7.118889983999999e-01,1.440555008000000e-01,1.892397538238727e+00,1.896270176957288e+00,4.821826327893330e-01,,False,True,False,True,0.04
0.04,0.04,0.04,0.86,2,6.262381335893332e-01,-6.262381335893332e-01,7.117228828444440e-01,1.441385585777778e-01,1.892162615367139e+00,1.896020740314681e+00,4.820995750115552e-01,,False,True,False,True,0.04
0.04,0.04,0.04,0.88,1,6.408018111146662e-01,-6.408018111146662e-01,7.284073471999998e-01,1.357963264000001e-01,1.936354161414050e+00,1.940313608242521e+00,5.050054847146661e-01,,False,True,False,True,0.04
0.04,0.04,0.04,0.88,2,6.408018111146664e-01,-6.408018111146664e-01,7.282412316444440e-01,1.358793841777777e-01,1.936119238542463e+00,1.940064176871325e+00,5.049224269368884e-01,,False,True,False,True,0.04
0.04,0.04,0.04,0.9,1,6.553654886399998e-01,-6.553654886399998e-01,7.449256959999992e-01,1.275371520000000e-01,1.980310784589374e+00,1.984357040717652e+00,5.278283366399994e-01,,False,True,False,True,0.04
0.04,0.04,0.04,0.9,2,6.553654886399995e-01,-6.553654886399995e-01,7.447595804444442e-01,1.276202097777778e-01,1.980075861717787e+00,1.984107614383988e+00,5.277452788622217e-01,,False,True,False,True,0.04
0.04,0.04,0.04,0.92,1,6.699291661653332e-01,-6.699291661653332e-01,7.614440447999994e-01,1.192779775999999e-01,2.024267407764698e+00,2.028400474305172e+00,5.506511885653329e-01,-5.095980589035759e-01,True,True,True,True,0.04
0.04,0.04,0.04,0.92,2,6.699291661653329e-01,-6.699291661653329e-01,7.612779292444442e-01,1.193610353777778e-01,2.024032484893111e+00,2.028151052790385e+00,5.505681307875550e-01,-5.100104968353127e-01,True,True,True,True,0.04
0.04,0.04,0.04,0.94,1,6.844928436906661e-01,-6.844928436906661e-01,7.779623935999995e-01,1.110188032000000e-01,2.068224030940022e+00,2.072443908934160e+00,5.734740404906659e-01,-4.523332029410905e-01,True,True,True,True,0.04
0.04,0.04,0.04,0.94,2,6.844928436906663e-01,-6.844928436906663e-01,7.777962780444440e-01,1.111018609777778e-01,2.067989108068435e+00,2.072194492033530e+00,5.733909827128882e-01,-4.527618924516070e-01,True,True,True,True,0.04
0.04,0.04,0.04,0.96,1,6.990565212159996e-01,-6.990565212159996e-01,7.944807423999996e-01,1.027596288000000e-01,2.112180654115346e+00,2.116487344539598e+00,5.962968924159994e-01,-3.928144824512119e-01,True,True,True,True,0.04
0.04,0.04,0.04,0.96,2,6.990565212159997e-01,-6.990565212159997e-01,7.943146268444443e-01,1.028426865777778e-01,2.111945731243759e+00,2.116237932061179e+00,5.962138346382219e-01,-3.932604317063220e-01,True,True,True,True,0.04
0.04,0.04,0.04,0.98,1,7.136201987413331e-01,-7.136201987413331e-01,8.109990911999994e-01,9.450045439999999e-02,2.156137277290670e+00,2.160530781061769e+00,6.191197443413328e-01,-3.309009010366382e-01,True,True,True,True,0.04
0.04,0.04,0.04,0.98,2,7.136201987413331e-01,-7.136201987413331e-01,8.108329756444440e-01,9.458351217777779e-02,2.155902354419083e+00,2.160281372825349e+00,6.190366865635550e-01,-3.313652771803870e-01,True,True,True,True,0.04
0.04,0.04,0.04,1.0,1,7.281838762666664e-01,-7.281838762666664e-01,8.275174399999999e-01,8.624127999999998e-02,2.200093900465995e+00,2.204574218445730e+00,6.419425962666663e-01,-2.664291672317816e-01,True,True,True,True,0.04
0.04,0.04,0.04,1.0,2,7.281838762666663e-01,-7.281838762666663e-01,8.273513244444441e-01,8.632433777777775e-02,2.199858977594407e+00,2.204324814281891e+00,6.418595384888883e-01,-2.669133367451333e-01,True,True,True,True,0.04
0.045,0.045,0.045,0.5,1,3.493911239000000e-01,-3.493911239000000e-01,4.049576450000003e-01,2.975211774999999e-01,1.066810259737828e+00,1.069700615507071e+00,5.186994640000020e-02,,False,True,False,True,0.045
0.045,0.045,0.045,0.5,2,3.493911239000000e-01,-3.493911239000000e-01,4.047219349999999e-01,2.976390325000002e-01,1.066476915459040e+00,1.069343727957011e+00,5.175209140000003e-02,,False,True,False,True,0.045
0.045,0.045,0.045,0.52,1,3.633667688560001e-01,-3.633667688560001e-01,4.210749508000005e-01,2.894625245999999e-01,1.109368118828789e+00,1.112365988153310e+00,7.390424425600028e-02,,False,True,False,True,0.045
0.045,0.045,0.045,0.52,2,3.633667688560001e-01,-3.633667688560001e-01,4.208392407999999e-01,2.895803796000000e-01,1.109034774550001e+00,1.112009128210682e+00,7.378638925600006e-02,,False,True,False,True,0.045
0.045,0.045,0.045,0.54,1,3.773424138120001e-01,-3.773424138120001e-01,4.371922566000001e-01,2.814038717000001e-01,1.151925977919749e+00,1.155031370123716e+00,9.593854211200009e-02,,False,True,False,True,0.045
0.045,0.045,0.045,0.54,2,3.773424138120001e-01,-3.773424138120001e-01,4.369565465999999e-01,2.815217267000001e-01,1.151592633640962e+00,1.154674535751204e+00,9.582068711200004e-02,,False,True,False,True,0.045
0.045,0.045,0.045,0.56,1,3.913180587680002e-01,-3.913180587680002e-01,4.533095624000001e-01,2.733452188000001e-01,1.194483837010711e+00,1.197696760421828e+00,1.179728399680002e-01,,False,True,False,True,0.045
0.045,0.045,0.045,0.56,2,3.913180587680000e-01,-3.913180587680000e-01,4.530738524000005e-01,2.734630738000001e-01,1.194150492731924e+00,1.197339949799610e+00,1.178549849680002e-01,,False,True,False,True,0.045
0.045,0.045,0.045,0.58,1,4.052937037240001e-01,-4.052937037240001e-01,4.694268682000004e-01,2.652865659000000e-01,1.237041696101672e+00,1.240362158188290e+00,1.400071378240003e-01,,False,True,False,True,0.045
0.045,0.045,0.045,0.58,2,4.052937037240000e-01,-4.052937037240000e-01,4.691911582000001e-01,2.654044208999998e-01,1.236708351822884e+00,1.240005369684140e+00,1.398892828240001e-01,,False,True,False,True,0.045
0.045,0.045,0.045,0.6,1,4.192693486800002e-01,-4.192693486800002e-01,4.855441739999999e-01,2.572279130000000e-01,1.279599555192632e+00,1.283027562678049e+00,1.620414356800001e-01,,False,True,False,True,0.045
0.045,0.045,0.045,0.6,2,4.192693486800002e-01,-4.192693486800002e-01,4.853084639999999e-01,2.573457680000000e-01,1.279266210913845e+00,1.282670794822414e+00,1.619235806800001e-01,,False,True,False,True,0.045
0.045,0.045,0.045,0.62,1,4.332449936360001e-01,-4.332449936360001e-01,5.016614798000001e-01,2.491692601000001e-01,1.322157414283593e+00,1.325692973241970e+00,1.840757335360001e-01,,False,True,False,True,0.045
0.045,0.045,0.045,0.62,2,4.332449936360001e-01,-4.332449936360001e-01,5.014257698000005e-01,2.492871151000000e-01,1.321824070004807e+00,1.325336224707045e+00,1.839578785360004e-01,,False,True,False,True,0.045
0.045,0.045,0.045,0.64,1,4.472206385920002e-01,-4.472206385920002e-01,5.177787856000002e-01,2.411106072000001e-01,1.364715273374554e+00,1.368358389311875e+00,2.061100313920003e-01,,False,True,False,True,0.045
0.045,0.045,0.045,0.64,2,4.472206385920002e-01,-4.472206385920002e-01,5.175430755999999e-01,2.412284622000001e-01,1.364381929095767e+00,1.368001658893941e+00,2.059921763920002e-01,,False,True,False,True,0.045
0.045,0.045,0.045,0.66,1,4.611962835480001e-01,-4.611962835480001e-01,5.338960914000003e-01,2.330519543000001e-01,1.407273132465515e+00,1.411023810388308e+00,2.281443292480002e-01,,False,True,False,True,0.045
0.045,0.045,0.045,0.66,2,4.611962835480000e-01,-4.611962835480000e-01,5.336603813999997e-01,2.331698093000001e-01,1.406939788186727e+00,1.410667096992739e+00,2.280264742479999e-01,,False,True,False,True,0.045
0.045,0.045,0.045,0.68,1,4.751719285040001e-01,-4.751719285040001e-01,5.500133972000001e-01,2.249933014000000e-01,1.449830991556476e+00,1.453689236030446e+00,2.501786271040001e-01,,False,True,False,True,0.045
0.045,0.045,0.045,0.68,2,4.751719285040000e-01,-4.751719285040000e-01,5.497776872000000e-01,2.251111564000001e-01,1.449497647277688e+00,1.453332538658915e+00,2.500607721040000e-01,,False,True,False,True,0.045
0.045,0.045,0.045,0.7,1,4.891475734600002e-01,-4.891475734600002e-01,5.661307030000005e-01,2.169346485000001e-01,1.492388850647437e+00,1.496354665847747e+00,2.722129249600004e-01,,False,True,False,True,0.045
0.045,0.045,0.045,0.7,2,4.891475734600002e-01,-4.891475734600002e-01,5.658949930000003e-01,2.170525034999999e-01,1.492055506368650e+00,1.495997983587246e+00,2.720950699600003e-01,,False,True,False,True,0.045
0.045,0.045,0.045,0.72,1,5.031232184159999e-01,-5.031232184159999e-01,5.822480087999997e-01,2.088759956000000e-01,1.534946709738397e+00,1.539020099492971e+00,2.942472228159998e-01,,False,True,False,True,0.045
0.045,0.045,0.045,0.72,2,5.031232184159999e-01,-5.031232184159999e-01,5.820122987999999e-01,2.089938506000001e-01,1.534613365459610e+00,1.538663431506363e+00,2.941293678159999e-01,,False,True,False,True,0.045
0.045,0.045,0.045,0.74,1,5.170988633720000e-01,-5.170988633720000e-01,5.983653146000000e-01,2.008173427000000e-01,1.577504568829358e+00,1.581685536656350e+00,3.162815206719999e-01,,False,True,False,True,0.045
0.045,0.045,0.045,0.74,2,5.170988633720001e-01,-5.170988633720001e-01,5.981296046000002e-01,2.009351977000000e-01,1.577171224550572e+00,1.581328882174188e+00,3.161636656720002e-01,,False,True,False,True,0.045
0.045,0.045,0.045,0.76,1,5.310745083280002e-01,-5.310745083280002e-01,6.144826204000005e-01,1.927586898000000e-01,1.620062427920320e+00,1.624350977060657e+00,3.383158185280004e-01,,False,True,False,True,0.045
0.045,0.045,0.045,0.76,2,5.310745083280001e-01,-5.310745083280001e-01,6.142469104000000e-01,1.928765448000000e-01,1.619729083641532e+00,1.623994335374077e+00,3.381979635280001e-01,,False,True,False,True,0.045
0.045,0.045,0.045,0.78,1,5.450501532840002e-01,-5.450501532840002e-01,6.305999262000002e-01,1.847000369000000e-01,1.662620287011280e+00,1.667016420457049e+00,3.603501163840003e-01,,False,True,False,True,0.045
0.045,0.045,0.045,0.78,2,5.450501532840003e-01,-5.450501532840003e-01,6.303642162000002e-01,1.848178918999999e-01,1.662286942732494e+00,1.666659790911574e+00,3.602322613840004e-01,,False,True,False,True,0.045
0.045,0.045,0.045,0.8,1,5.590257982399999e-01,-5.590257982399999e-01,6.467172319999999e-01,1.766413840000000e-01,1.705178146102240e+00,1.709681866621519e+00,3.823844142399998e-01,,False,True,False,True,0.045
0.045,0.045,0.045,0.8,2,5.590257982400001e-01,-5.590257982400001e-01,6.464815220000002e-01,1.767592390000000e-01,1.704844801823454e+00,1.709325248611634e+00,3.822665592400002e-01,,False,True,False,True,0.045
0.045,0.045,0.045,0.82,1,5.730014431960000e-01,-5.730014431960000e-01,6.628345378000002e-01,1.685827311000000e-01,1.747736005193202e+00,1.752347315351884e+00,4.044187120960001e-01,,False,True,False,True,0.045
0.045,0.045,0.045,0.82,2,5.730014431960001e-01,-5.730014431960001e-01,6.625988277999997e-01,1.687005861000000e-01,1.747402660914414e+00,1.751990708316266e+00,4.043008570959999e-01,,False,True,False,True,0.045
0.045,0.045,0.045,0.84,1,5.869770881520001e-01,-5.869770881520001e-01,6.789518435999995e-01,1.605240782000000e-01,1.790293864284162e+00,1.795012766465174e+00,4.264530099519999e-01,,False,True,False,True,0.045
0.045,0.045,0.045,0.84,2,5.869770881520000e-01,-5.869770881520000e-01,6.787161335999999e-01,1.606419332000000e-01,1.789960520005375e+00,1.794656169882503e+00,4.263351549520000e-01,,False,True,False,True,0.045
0.045,0.045,0.045,0.86,1,6.009527331080000e-01,-6.009527331080000e-01,6.950691494000002e-01,1.524654253000000e-01,1.832851723375124e+00,1.837678219795419e+00,4.484873078080001e-01,,False,True,False,True,0.045
0.045,0.045,0.045,0.86,2,6.009527331080002e-01,-6.009527331080002e-01,6.948334394000003e-01,1.525832802999999e-01,1.832518379096337e+00,1.837321633180657e+00,4.483694528080004e-01,,False,True,False,True,0.045
0.045,0.045,0.045,0.88,1,6.149283780640002e-01,-6.149283780640002e-01,7.111864552000001e-01,1.444067724000000e-01,1.875409582466085e+00,1.880343675191707e+00,4.705216056640003e-01,,False,True,False,True,0.045
0.045,0.045,0.045,0.88,2,6.149283780640001e-01,-6.149283780640001e-01,7.109507452000001e-01,1.445246274000000e-01,1.875076238187297e+00,1.879987098092811e+00,4.704037506640002e-01,,False,True,False,True,0.045
0.045,0.045,0.045,0.9,1,6.289040230200001e-01,-6.289040230200001e-01,7.273037609999997e-01,1.363481195000000e-01,1.917967441557045e+00,1.923009132516521e+00,4.925559035200000e-01,,False,True,False,True,0.045
0.045,0.045,0.045,0.9,2,6.289040230199999e-01,-6.289040230199999e-01,7.270680510000000e-01,1.364659745000000e-01,1.917634097278258e+00,1.922652564511518e+00,4.924380485199999e-01,,False,True,False,True,0.045
0.045,0.045,0.045,0.92,1,6.428796679760002e-01,-6.428796679760002e-01,7.434210668000002e-01,1.282894665999999e-01,1.960525300648007e+00,1.965674591644286e+00,5.145902013760002e-01,,False,True,False,True,0.045
0.045,0.045,0.045,0.92,2,6.428796679760000e-01,-6.428796679760000e-01,7.431853568000001e-01,1.284073216000000e-01,1.960191956369219e+00,1.965318032338660e+00,5.144723463760001e-01,,False,True,False,True,0.045
0.045,0.045,0.045,0.94,1,6.568553129320001e-01,-6.568553129320001e-01,7.595383726000002e-01,1.202308137000000e-01,2.003083159738967e+00,2.008340052460093e+00,5.366244992320002e-01,-5.277970785133584e-01,True,True,True,True,0.045
0.045,0.045,0.045,0.94,2,6.568553129319999e-01,-6.568553129319999e-01,7.593026626000001e-01,1.203486687000000e-01,2.002749815460180e+00,2.007983501484457e+00,5.365066442320000e-01,-5.283764254460503e-01,True,True,True,True,0.045
0.045,0.045,0.045,0.96,1,6.708309578880002e-01,-6.708309578880002e-01,7.756556783999996e-01,1.121721608000000e-01,2.045641018829928e+00,2.051005514858598e+00,5.586587970879999e-01,-4.728735491957806e-01,True,True,True,True,0.045
0.045,0.045,0.045,0.96,2,6.708309578880002e-01,-6.708309578880002e-01,7.754199683999999e-01,1.122900157999999e-01,2.045307674551141e+00,2.050648971866603e+00,5.585409420880001e-01,-4.734749966551307e-01,True,True,True,True,0.045
0.045,0.045,0.045,0.98,1,6.848066028440001e-01,-6.848066028440001e-01,7.917729842000005e-01,1.041135079000000e-01,2.088198877920890e+00,2.093670978743044e+00,5.806930949440003e-01,-4.158622550385757e-01,True,True,True,True,0.045
0.045,0.045,0.045,0.98,2,6.848066028440000e-01,-6.848066028440000e-01,7.915372741999999e-01,1.042313629000000e-01,2.087865533642101e+00,2.093314443409500e+00,5.805752399439998e-01,-4.164871103796283e-01,True,True,True,True,0.045
0.045,0.045,0.045,1.0,1,6.987822478000001e-01,-6.987822478000001e-01,8.078902900000003e-01,9.605485499999999e-02,2.130756737011850e+00,2.136336444024401e+00,6.027273928000003e-01,-3.566393588053245e-01,True,True,True,True,0.045
0.045,0.045,0.045,1.0,2,6.987822478000001e-01,-6.987822478000001e-01,8.076545800000002e-01,9.617270999999994e-02,2.130423392733063e+00,2.135979916043592e+00,6.026095378000003e-01,-3.572891267537627e-01,True,True,True,True,0.045
0.05,0.05,0.05,0.5,1,3.351599999999996e-01,-3.351599999999996e-01,3.955888888888884e-01,3.022055555555553e-01,1.033434989355735e+00,1.036962476876276e+00,3.295444444444384e-02,,False,True,False,True,0.05
0.05,0.05,0.05,0.5,2,3.351599999999997e-01,-3.351599999999997e-01,3.952666666666664e-01,3.023666666666664e-01,1.032979298318971e+00,1.036470864767124e+00,3.279333333333295e-02,,False,True,False,True,0.05
0.05,0.05,0.05,0.52,1,3.485663999999997e-01,-3.485663999999997e-01,4.113124444444443e-01,2.943437777777775e-01,1.074630967573728e+00,1.078288388444991e+00,5.422262222222179e-02,,False,True,False,True,0.05
0.05,0.05,0.05,0.52,2,3.485663999999997e-01,-3.485663999999997e-01,4.109902222222216e-01,2.945048888888887e-01,1.074175276536963e+00,1.077796823100218e+00,5.406151111111052e-02,,False,True,False,True,0.05
0.05,0.05,0.05,0.54,1,3.619727999999997e-01,-3.619727999999997e-01,4.270359999999995e-01,2.864819999999997e-01,1.115826945791720e+00,1.119614314370514e+00,7.549079999999941e-02,,False,True,False,True,0.05
0.05,0.05,0.05,0.54,2,3.619727999999997e-01,-3.619727999999997e-01,4.267137777777771e-01,2.866431111111109e-01,1.115371254754955e+00,1.119122792342685e+00,7.532968888888819e-02,,False,True,False,True,0.05
0.05,0.05,0.05,0.56,1,3.753791999999995e-01,-3.753791999999995e-01,4.427595555555546e-01,2.786202222222219e-01,1.157022924009711e+00,1.160940253119672e+00,9.675897777777681e-02,,False,True,False,True,0.05
0.05,0.05,0.05,0.56,2,3.753791999999996e-01,-3.753791999999996e-01,4.424373333333331e-01,2.787813333333329e-01,1.156567232972948e+00,1.160448771329007e+00,9.659786666666614e-02,,False,True,False,True,0.05
0.05,0.05,0.05,0.58,1,3.887855999999995e-01,-3.887855999999995e-01,4.584831111111111e-01,2.707584444444441e-01,1.198218902227704e+00,1.202266203370091e+00,1.180271555555550e-01,,False,True,False,True,0.05
0.05,0.05,0.05,0.58,2,3.887855999999995e-01,-3.887855999999995e-01,4.581608888888884e-01,2.709195555555554e-01,1.197763211190939e+00,1.201774759053985e+00,1.178660444444437e-01,,False,True,False,True,0.05
0.05,0.05,0.05,0.6,1,4.021919999999996e-01,-4.021919999999996e-01,4.742066666666660e-01,2.628966666666666e-01,1.239414880445696e+00,1.243592163975168e+00,1.392953333333326e-01,,False,True,False,True,0.05
0.05,0.05,0.05,0.6,2,4.021919999999995e-01,-4.021919999999995e-01,4.738844444444438e-01,2.630577777777776e-01,1.238959189408931e+00,1.243100754646089e+00,1.391342222222214e-01,,False,True,False,True,0.05
0.05,0.05,0.05,0.62,1,4.155983999999995e-01,-4.155983999999995e-01,4.899302222222216e-01,2.550348888888888e-01,1.280610858663688e+00,1.284918133935816e+00,1.605635111111103e-01,,False,True,False,True,0.05
0.05,0.05,0.05,0.62,2,4.155983999999994e-01,-4.155983999999994e-01,4.896079999999994e-01,2.551959999999997e-01,1.280155167626923e+00,1.284426757345952e+00,1.604023999999991e-01,,False,True,False,True,0.05
0.05,0.05,0.05,0.64,1,4.290047999999995e-01,-4.290047999999995e-01,5.056537777777776e-01,2.471731111111108e-01,1.321806836881681e+00,1.326244112377473e+00,1.818316888888883e-01,,False,True,False,True,0.05
0.05,0.05,0.05,0.64,2,4.290047999999995e-01,-4.290047999999995e-01,5.053315555555553e-01,2.473342222222220e-01,1.321351145844916e+00,1.325752766488891e+00,1.816705777777772e-01,,False,True,False,True,0.05
0.05,0.05,0.05,0.66,1,4.424111999999997e-01,-4.424111999999997e-01,5.213773333333322e-01,2.393113333333332e-01,1.363002815099672e+00,1.367570098531284e+00,2.030998666666658e-01,,False,True,False,True,0.05
0.05,0.05,0.05,0.66,2,4.424111999999996e-01,-4.424111999999996e-01,5.210551111111106e-01,2.394724444444442e-01,1.362547124062908e+00,1.367078781490593e+00,2.029387555555549e-01,,False,True,False,True,0.05
0.05,0.05,0.05,0.68,1,4.558175999999994e-01,-4.558175999999994e-01,5.371008888888880e-01,2.314495555555553e-01,1.404198793317664e+00,1.408896091718610e+00,2.243680444444434e-01,,False,True,False,True,0.05
0.05,0.05,0.05,0.68,2,4.558175999999995e-01,-4.558175999999995e-01,5.367786666666665e-01,2.316106666666664e-01,1.403743102280900e+00,1.408404801835330e+00,2.242069333333328e-01,,False,True,False,True,0.05
0.05,0.05,0.05,0.7,1,4.692239999999995e-01,-4.692239999999995e-01,5.528244444444442e-01,2.235877777777775e-01,1.445394771535657e+00,1.450222091338162e+00,2.456362222222216e-01,,False,True,False,True,0.05
0.05,0.05,0.05,0.7,2,4.692239999999995e-01,-4.692239999999995e-01,5.525022222222218e-01,2.237488888888888e-01,1.444939080498892e+00,1.449730827066174e+00,2.454751111111104e-01,,False,True,False,True,0.05
0.05,0.05,0.05,0.72,1,4.826303999999996e-01,-4.826303999999996e-01,5.685479999999994e-01,2.157259999999999e-01,1.486590749753649e+00,1.491548096855289e+00,2.669043999999993e-01,,False,True,False,True,0.05
0.05,0.05,0.05,0.72,2,4.826303999999995e-01,-4.826303999999995e-01,5.682257777777768e-01,2.158871111111110e-01,1.486135058716883e+00,1.491056856776855e+00,2.667432888888879e-01,,False,True,False,True,0.05
0.05,0.05,0.05,0.74,1,4.960367999999994e-01,-4.960367999999994e-01,5.842715555555554e-01,2.078642222222220e-01,1.527786727971641e+00,1.532874107793002e+00,2.881725777777772e-01,,False,True,False,True,0.05
0.05,0.05,0.05,0.74,2,4.960367999999995e-01,-4.960367999999995e-01,5.839493333333328e-01,2.080253333333331e-01,1.527331036934876e+00,1.532382890604934e+00,2.880114666666659e-01,,False,True,False,True,0.05
0.05,0.05,0.05,0.76,1,5.094431999999994e-01,-5.094431999999994e-01,5.999951111111108e-01,2.000024444444443e-01,1.568982706189633e+00,1.574200123724393e+00,3.094407555555548e-01,,False,True,False,True,0.05
0.05,0.05,0.05,0.76,2,5.094431999999994e-01,-5.094431999999994e-01,5.996728888888885e-01,2.001635555555553e-01,1.568527015152868e+00,1.573708928226036e+00,3.092796444444437e-01,,False,True,False,True,0.05
0.05,0.05,0.05,0.78,1,5.228495999999992e-01,-5.228495999999992e-01,6.157186666666656e-01,1.921406666666665e-01,1.610178684407624e+00,1.615526144266240e+00,3.307089333333321e-01,,False,True,False,True,0.05
0.05,0.05,0.05,0.78,2,5.228495999999992e-01,-5.228495999999992e-01,6.153964444444439e-01,1.923017777777777e-01,1.609722993370860e+00,1.615034969348989e+00,3.305478222222212e-01,,False,True,False,True,0.05
0.05,0.05,0.05,0.8,1,5.362559999999994e-01,-5.362559999999994e-01,6.314422222222217e-01,1.842788888888886e-01,1.651374662625617e+00,1.656852169073556e+00,3.519771111111102e-01,,False,True,False,True,0.05
0.05,0.05,0.05,0.8,2,5.362559999999994e-01,-5.362559999999994e-01,6.311199999999992e-01,1.844399999999998e-01,1.650918971588852e+00,1.656361013711683e+00,3.518159999999990e-01,,False,True,False,True,0.05
0.05,0.05,0.05,0.82,1,5.496623999999993e-01,-5.496623999999993e-01,6.471657777777774e-01,1.764171111111109e-01,1.692570640843609e+00,1.698178197834932e+00,3.732452888888880e-01,,False,True,False,True,0.05
0.05,0.05,0.05,0.82,2,5.496623999999992e-01,-5.496623999999992e-01,6.468435555555548e-01,1.765782222222220e-01,1.692114949806844e+00,1.697687061077525e+00,3.730841777777766e-01,,False,True,False,True,0.05
0.05,0.05,0.05,0.84,1,5.630687999999993e-01,-5.630687999999993e-01,6.628893333333326e-01,1.685553333333332e-01,1.733766619061601e+00,1.739504230268555e+00,3.945134666666655e-01,,False,True,False,True,0.05
0.05,0.05,0.05,0.84,2,5.630687999999993e-01,-5.630687999999993e-01,6.625671111111102e-01,1.687164444444443e-01,1.733310928024836e+00,1.739013111232416e+00,3.943523555555544e-01,,False,True,False,True,0.05
0.05,0.05,0.05,0.86,1,5.764751999999994e-01,-5.764751999999994e-01,6.786128888888886e-01,1.606935555555554e-01,1.774962597279594e+00,1.780830266118770e+00,4.157816444444437e-01,,False,True,False,True,0.05
0.05,0.05,0.05,0.86,2,5.764751999999992e-01,-5.764751999999992e-01,6.782906666666656e-01,1.608546666666665e-01,1.774506906242828e+00,1.780339163982132e+00,4.156205333333320e-01,,False,True,False,True,0.05
0.05,0.05,0.05,0.88,1,5.898815999999993e-01,-5.898815999999993e-01,6.943364444444440e-01,1.528317777777776e-01,1.816158575497586e+00,1.822156305153114e+00,4.370498222222213e-01,,False,True,False,True,0.05
0.05,0.05,0.05,0.88,2,5.898815999999991e-01,-5.898815999999991e-01,6.940142222222219e-01,1.529928888888887e-01,1.815702884460821e+00,1.821665219150077e+00,4.368887111111101e-01,,False,True,False,True,0.05
0.05,0.05,0.05,0.9,1,6.032879999999994e-01,-6.032879999999994e-01,7.100599999999987e-01,1.449699999999998e-01,1.857354553715577e+00,1.863482347159744e+00,4.583179999999987e-01,,False,True,False,True,0.05
0.05,0.05,0.05,0.9,2,6.032879999999994e-01,-6.032879999999994e-01,7.097377777777770e-01,1.451311111111109e-01,1.856898862678813e+00,1.862991276575322e+00,4.581568888888879e-01,,False,True,False,True,0.05
0.05,0.05,0.05,0.92,1,6.166943999999995e-01,-6.166943999999995e-01,7.257835555555546e-01,1.371082222222221e-01,1.898550531933569e+00,1.904808391945208e+00,4.795861777777768e-01,,False,True,False,True,0.05
0.05,0.05,0.05,0.92,2,6.166943999999994e-01,-6.166943999999994e-01,7.254613333333321e-01,1.372693333333331e-01,1.898094840896805e+00,1.904317336110907e+00,4.794250666666655e-01,,False,True,False,True,0.05
0.05,0.05,0.05,0.94,1,6.301007999999992e-01,-6.301007999999992e-01,7.415071111111105e-01,1.292464444444444e-01,1.939746510151562e+00,1.946134439332477e+00,5.008543555555545e-01,,False,True,False,True,0.05
0.05,0.05,0.05,0.94,2,6.301007999999992e-01,-6.301007999999992e-01,7.411848888888883e-01,1.294075555555555e-01,1.939290819114797e+00,1.945643397622363e+00,5.006932444444434e-01,,False,True,False,True,0.05
0.05,0.05,0.05,0.96,1,6.435071999999992e-01,-6.435071999999992e-01,7.572306666666659e-01,1.213846666666665e-01,1.980942488369554e+00,1.987460489159251e+00,5.221225333333321e-01,,False,True,False,True,0.05
0.05,0.05,0.05,0.96,2,6.435071999999993e-01,-6.435071999999993e-01,7.569084444444434e-01,1.215457777777777e-01,1.980486797332789e+00,1.986969460986400e+00,5.219614222222210e-01,,False,True,False,True,0.05
0.05,0.05,0.05,0.98,1,6.569135999999994e-01,-6.569135999999994e-01,7.729542222222217e-01,1.135228888888888e-01,2.022138466587546e+00,2.028786541276454e+00,5.433907111111103e-01,-4.943334236000010e-01,True,True,True,True,0.05
0.05,0.05,0.05,0.98,2,6.569135999999994e-01,-6.569135999999994e-01,7.726319999999991e-01,1.136839999999999e-01,2.021682775550782e+00,2.028295526089784e+00,5.432295999999990e-01,-4.951457340716388e-01,True,True,True,True,0.05
0.05,0.05,0.05,1.0,1,6.703199999999992e-01,-6.703199999999992e-01,7.886777777777773e-01,1.056611111111110e-01,2.063334444805538e+00,2.070112595546911e+00,5.646588888888879e-01,-4.397677833016964e-01,True,True,True,True,0.05
0.05,0.05,0.05,1.0,2,6.703199999999995e-01,-6.703199999999995e-01,7.883555555555548e-01,1.058222222222221e-01,2.062878753768774e+00,2.069621592828319e+00,5.644977777777769e-01,-4.406106503086126e-01,True,True,True,True,0.05
0.055,0.055,0.055,0.5,1,3.213874460999998e-01,-3.213874460999998e-01,3.864502450000002e-01,3.067748774999998e-01,1.001033662712477e+00,1.005253564771079e+00,1.461256859999993e-02,,False,True,False,True,0.055
0.055,0.055,0.055,0.5,2,3.213874460999999e-01,-3.213874460999999e-01,3.860228461111109e-01,3.069885769444443e-01,1.000429229407267e+00,1.004596492588746e+00,1.439886915555533e-02,,False,True,False,True,0.055
0.055,0.055,0.055,0.52,1,3.342429439439998e-01,-3.342429439439998e-01,4.017872547999999e-01,2.991063725999997e-01,1.040903889379929e+00,1.045277654398240e+00,3.513657134399978e-02,,False,True,False,True,0.055
0.055,0.055,0.055,0.52,2,3.342429439439998e-01,-3.342429439439998e-01,4.013598559111108e-01,2.993200720444446e-01,1.040299456074719e+00,1.044620657489290e+00,3.492287189955523e-02,,False,True,False,True,0.055
0.055,0.055,0.055,0.54,1,3.470984417879999e-01,-3.470984417879999e-01,4.171242645999997e-01,2.914378677000000e-01,1.080774116047381e+00,1.085301765242733e+00,5.566057408799974e-02,,False,True,False,True,0.055
0.055,0.055,0.055,0.54,2,3.470984417879999e-01,-3.470984417879999e-01,4.166968657111112e-01,2.916515671444443e-01,1.080169682742171e+00,1.084644838064740e+00,5.544687464355547e-02,,False,True,False,True,0.055
0.055,0.055,0.055,0.56,1,3.599539396319999e-01,-3.599539396319999e-01,4.324612743999997e-01,2.837693627999999e-01,1.120644342714832e+00,1.125325895040666e+00,7.618457683199970e-02,,False,True,False,True,0.055
0.055,0.055,0.055,0.56,2,3.599539396320000e-01,-3.599539396320000e-01,4.320338755111111e-01,2.839830622444444e-01,1.120039909409623e+00,1.124669032641599e+00,7.597087738755548e-02,,False,True,False,True,0.055
0.055,0.055,0.055,0.58,1,3.728094374759998e-01,-3.728094374759998e-01,4.477982841999996e-01,2.761008578999999e-01,1.160514569382284e+00,1.165350041839163e+00,9.670857957599960e-02,,False,True,False,True,0.055
0.055,0.055,0.055,0.58,2,3.728094374759998e-01,-3.728094374759998e-01,4.473708853111110e-01,2.763145573444443e-01,1.159910136077075e+00,1.164693239776412e+00,9.649488013155527e-02,,False,True,False,True,0.055
0.055,0.055,0.055,0.6,1,3.856649353199997e-01,-3.856649353199997e-01,4.631352939999998e-01,2.684323530000000e-01,1.200384796049736e+00,1.205374203944726e+00,1.172325823199996e-01,,False,True,False,True,0.055
0.055,0.055,0.055,0.6,2,3.856649353199998e-01,-3.856649353199998e-01,4.627078951111108e-01,2.686460524444444e-01,1.199780362744526e+00,1.204717458217543e+00,1.170188828755552e-01,,False,True,False,True,0.055
0.055,0.055,0.055,0.62,1,3.985204331639999e-01,-3.985204331639999e-01,4.784723037999999e-01,2.607638481000000e-01,1.240255022717189e+00,1.245398379881557e+00,1.377565850639999e-01,,False,True,False,True,0.055
0.055,0.055,0.055,0.62,2,3.985204331639999e-01,-3.985204331639999e-01,4.780449049111106e-01,2.609775475444443e-01,1.239650589411978e+00,1.244741686874341e+00,1.375428856195552e-01,,False,True,False,True,0.055
0.055,0.055,0.055,0.64,1,4.113759310079999e-01,-4.113759310079999e-01,4.938093135999997e-01,2.530953431999998e-01,1.280125249384640e+00,1.285422568357661e+00,1.582805878079997e-01,,False,True,False,True,0.055
0.055,0.055,0.055,0.64,2,4.113759310079997e-01,-4.113759310079997e-01,4.933819147111106e-01,2.533090426444444e-01,1.279520816079430e+00,1.284765924792061e+00,1.580668883635550e-01,,False,True,False,True,0.055
0.055,0.055,0.055,0.66,1,4.242314288519998e-01,-4.242314288519998e-01,5.091463233999995e-01,2.454268382999999e-01,1.319995476052092e+00,1.325446768237105e+00,1.788045905519996e-01,,False,True,False,True,0.055
0.055,0.055,0.055,0.66,2,4.242314288519999e-01,-4.242314288519999e-01,5.087189245111106e-01,2.456405377444443e-01,1.319391042746882e+00,1.324790171131339e+00,1.785908911075552e-01,,False,True,False,True,0.055
0.055,0.055,0.055,0.68,1,4.370869266960000e-01,-4.370869266960000e-01,5.244833332000002e-01,2.377583334000000e-01,1.359865702719545e+00,1.365470978517137e+00,1.993285932960001e-01,,False,True,False,True,0.055
0.055,0.055,0.055,0.68,2,4.370869266959999e-01,-4.370869266959999e-01,5.240559343111107e-01,2.379720328444443e-01,1.359261269414334e+00,1.364814425151267e+00,1.991148938515552e-01,,False,True,False,True,0.055
0.055,0.055,0.055,0.7,1,4.499424245399998e-01,-4.499424245399998e-01,5.398203429999999e-01,2.300898285000000e-01,1.399735929386996e+00,1.405495198309224e+00,2.198525960399998e-01,,False,True,False,True,0.055
0.055,0.055,0.055,0.7,2,4.499424245399998e-01,-4.499424245399998e-01,5.393929441111107e-01,2.303035279444444e-01,1.399131496081786e+00,1.404838686195373e+00,2.196388965955552e-01,,False,True,False,True,0.055
0.055,0.055,0.055,0.72,1,4.627979223839997e-01,-4.627979223839997e-01,5.551573527999996e-01,2.224213236000000e-01,1.439606156054448e+00,1.445519426823244e+00,2.403765987839995e-01,,False,True,False,True,0.055
0.055,0.055,0.055,0.72,2,4.627979223839998e-01,-4.627979223839998e-01,5.547299539111110e-01,2.226350230444444e-01,1.439001722749238e+00,1.444862953679926e+00,2.401628993395553e-01,,False,True,False,True,0.055
0.055,0.055,0.055,0.74,1,4.756534202279999e-01,-4.756534202279999e-01,5.704943625999994e-01,2.147528186999999e-01,1.479476382721900e+00,1.485543663354226e+00,2.609006015279996e-01,,False,True,False,True,0.055
0.055,0.055,0.055,0.74,2,4.756534202279998e-01,-4.756534202279998e-01,5.700669637111111e-01,2.149665181444443e-01,1.478871949416690e+00,1.484887227084130e+00,2.606869020835554e-01,,False,True,False,True,0.055
0.055,0.055,0.055,0.76,1,4.885089180719996e-01,-4.885089180719996e-01,5.858313723999997e-01,2.070843137999999e-01,1.519346609389352e+00,1.525567907271181e+00,2.814246042719995e-01,,False,True,False,True,0.055
0.055,0.055,0.055,0.76,2,4.885089180719996e-01,-4.885089180719996e-01,5.854039735111114e-01,2.072980132444443e-01,1.518742176084143e+00,1.524911505941868e+00,2.812109048275553e-01,,False,True,False,True,0.055
0.055,0.055,0.055,0.78,1,5.013644159159998e-01,-5.013644159159998e-01,6.011683821999998e-01,1.994158088999999e-01,1.559216836056804e+00,1.565592158007642e+00,3.019486070159997e-01,,False,True,False,True,0.055
0.055,0.055,0.055,0.78,2,5.013644159159998e-01,-5.013644159159998e-01,6.007409833111108e-01,1.996295083444444e-01,1.558612402751594e+00,1.564935789834704e+00,3.017349075715552e-01,,False,True,False,True,0.055
0.055,0.055,0.055,0.8,1,5.142199137599996e-01,-5.142199137599996e-01,6.165053919999995e-01,1.917473040000000e-01,1.599087062724255e+00,1.605616415053626e+00,3.224726097599994e-01,,False,True,False,True,0.055
0.055,0.055,0.055,0.8,2,5.142199137599996e-01,-5.142199137599996e-01,6.160779931111110e-01,1.919610034444444e-01,1.598482629419046e+00,1.604960078385946e+00,3.222589103155551e-01,,False,True,False,True,0.055
0.055,0.055,0.055,0.82,1,5.270754116039996e-01,-5.270754116039996e-01,6.318424017999996e-01,1.840787991000000e-01,1.638957289391708e+00,1.645640677948765e+00,3.429966125039994e-01,,False,True,False,True,0.055
0.055,0.055,0.055,0.82,2,5.270754116039995e-01,-5.270754116039995e-01,6.314150029111110e-01,1.842924985444442e-01,1.638352856086498e+00,1.644984371255561e+00,3.427829130595550e-01,,False,True,False,True,0.055
0.055,0.055,0.055,0.84,1,5.399309094479996e-01,-5.399309094479996e-01,6.471794115999997e-01,1.764102941999999e-01,1.678827516059159e+00,1.685664946276413e+00,3.635206152479994e-01,,False,True,False,True,0.055
0.055,0.055,0.055,0.84,2,5.399309094479997e-01,-5.399309094479997e-01,6.467520127111106e-01,1.766239936444444e-01,1.678223082753949e+00,1.685008668135825e+00,3.633069158035550e-01,,False,True,False,True,0.055
0.055,0.055,0.055,0.86,1,5.527864072919998e-01,-5.527864072919998e-01,6.625164213999992e-01,1.687417892999999e-01,1.718697742726611e+00,1.725689219658578e+00,3.840446179919994e-01,,False,True,False,True,0.055
0.055,0.055,0.055,0.86,2,5.527864072919998e-01,-5.527864072919998e-01,6.620890225111105e-01,1.689554887444444e-01,1.718093309421401e+00,1.725032968747571e+00,3.838309185475550e-01,,False,True,False,True,0.055
0.055,0.055,0.055,0.88,1,5.656419051359998e-01,-5.656419051359998e-01,6.778534311999997e-01,1.610732843999999e-01,1.758567969394064e+00,1.765713497751542e+00,4.045686207359996e-01,,False,True,False,True,0.055
0.055,0.055,0.055,0.88,2,5.656419051359997e-01,-5.656419051359997e-01,6.774260323111105e-01,1.612869838444445e-01,1.757963536088853e+00,1.765057272836955e+00,4.043549212915549e-01,,False,True,False,True,0.055
0.055,0.055,0.055,0.9,1,5.784974029799997e-01,-5.784974029799997e-01,6.931904409999998e-01,1.534047794999999e-01,1.798438196061516e+00,1.805737780242058e+00,4.250926234799997e-01,,False,True,False,True,0.055
0.055,0.055,0.055,0.9,2,5.784974029799997e-01,-5.784974029799997e-01,6.927630421111108e-01,1.536184789444442e-01,1.797833762756306e+00,1.805081580172647e+00,4.248789240355552e-01,,False,True,False,True,0.055
0.055,0.055,0.055,0.92,1,5.913529008239996e-01,-5.913529008239996e-01,7.085274507999996e-01,1.457362745999999e-01,1.838308422728967e+00,1.845762066844050e+00,4.456166262239994e-01,,False,True,False,True,0.055
0.055,0.055,0.055,0.92,2,5.913529008239997e-01,-5.913529008239997e-01,7.081000519111106e-01,1.459499740444444e-01,1.837703989423757e+00,1.845105890543387e+00,4.454029267795550e-01,,False,True,False,True,0.055
0.055,0.055,0.055,0.94,1,6.042083986679999e-01,-6.042083986679999e-01,7.238644605999999e-01,1.380677697000000e-01,1.878178649396420e+00,1.885786357295733e+00,4.661406289679998e-01,,False,True,False,True,0.055
0.055,0.055,0.055,0.94,2,6.042083986679996e-01,-6.042083986679996e-01,7.234370617111108e-01,1.382814691444444e-01,1.877574216091209e+00,1.885130203755861e+00,4.659269295235550e-01,,False,True,False,True,0.055
0.055,0.055,0.055,0.96,1,6.170638965119997e-01,-6.170638965119997e-01,7.392014703999997e-01,1.303992648000000e-01,1.918048876063871e+00,1.925810651357078e+00,4.866646317119995e-01,,False,True,False,True,0.055
0.055,0.055,0.055,0.96,2,6.170638965119997e-01,-6.170638965119997e-01,7.387740715111106e-01,1.306129642444444e-01,1.917444442758661e+00,1.925154519632827e+00,4.864509322675550e-01,,False,True,False,True,0.055
0.055,0.055,0.055,0.98,1,6.299193943559995e-01,-6.299193943559995e-01,7.545384801999995e-01,1.227307599000000e-01,1.957919102731323e+00,1.965834948807610e+00,5.071886344559993e-01,,False,True,False,True,0.055
0.055,0.055,0.055,0.98,2,6.299193943559996e-01,-6.299193943559996e-01,7.541110813111107e-01,1.229444593444444e-01,1.957314669426113e+00,1.965178838011484e+00,5.069749350115550e-01,,False,True,False,True,0.055
0.055,0.055,0.055,1.0,1,6.427748921999996e-01,-6.427748921999996e-01,7.698754899999998e-01,1.150622550000000e-01,1.997789329398775e+00,2.005859249444448e+00,5.277126371999995e-01,,False,True,False,True,0.055
0.055,0.055,0.055,1.0,2,6.427748921999998e-01,-6.427748921999998e-01,7.694480911111106e-01,1.152759544444444e-01,1.997184896093565e+00,2.005203158742030e+00,5.274989377555551e-01,,False,True,False,True,0.055
0.06,0.06,0.06,0.5,1,3.080625151999998e-01,-3.080625151999998e-01,3.775395199999997e-01,3.112302399999999e-01,9.695876965704353e-01,9.745534411886918e-01,0.000000000000000e+00,,False,False,False,True,0.06
0.06,0.06,0.06,0.5,2,3.080625151999998e-01,-3.080625151999998e-01,3.769865600000000e-01,3.115067199999999e-01,9.688056930389859e-01,9.736968310351712e-01,0.000000000000000e+00,,False,False,False,True,0.06
0.06,0.06,0.06,0.52,1,3.203850158079999e-01,-3.203850158079999e-01,3.924971007999994e-01,3.037514495999999e-01,1.008167557680271e+00,1.013312454262153e+00,1.663356620799961e-02,,False,True,False,True,0.06
0.06,0.06,0.06,0.52,2,3.203850158079998e-01,-3.203850158079998e-01,3.919441407999998e-01,3.040279295999999e-01,1.007385554148821e+00,1.012455960250602e+00,1.635708620799975e-02,,False,True,False,True,0.06
0.06,0.06,0.06,0.54,1,3.327075164159999e-01,-3.327075164159999e-01,4.074546816000001e-01,2.962726591999997e-01,1.046747418790108e+00,1.052071497641601e+00,3.643485721599998e-02,,False,True,False,True,0.06
0.06,0.06,0.06,0.54,2,3.327075164159999e-01,-3.327075164159999e-01,4.069017215999998e-01,2.965491391999999e-01,1.045965415258657e+00,1.051215111232229e+00,3.615837721599985e-02,,False,True,False,True,0.06
0.06,0.06,0.06,0.56,1,3.450300170239999e-01,-3.450300170239999e-01,4.224122623999997e-01,2.887938687999999e-01,1.085327279899942e+00,1.090830568096564e+00,5.623614822399980e-02,,False,True,False,True,0.06
0.06,0.06,0.06,0.56,2,3.450300170239998e-01,-3.450300170239998e-01,4.218593024000000e-01,2.890703487999998e-01,1.084545276368493e+00,1.089974281658051e+00,5.595966822399984e-02,,False,True,False,True,0.06
0.06,0.06,0.06,0.58,1,3.573525176319999e-01,-3.573525176319999e-01,4.373698431999994e-01,2.813150783999999e-01,1.123907141009778e+00,1.129589662839955e+00,7.603743923199963e-02,,False,True,False,True,0.06
0.06,0.06,0.06,0.58,2,3.573525176319998e-01,-3.573525176319998e-01,4.368168831999997e-01,2.815915583999998e-01,1.123125137478328e+00,1.128733469525009e+00,7.576095923199966e-02,,False,True,False,True,0.06
0.06,0.06,0.06,0.6,1,3.696750182399999e-01,-3.696750182399999e-01,4.523274239999996e-01,2.738362879999998e-01,1.162487002119614e+00,1.168348779454525e+00,9.583873023999973e-02,,False,True,False,True,0.06
0.06,0.06,0.06,0.6,2,3.696750182399999e-01,-3.696750182399999e-01,4.517744639999999e-01,2.741127679999998e-01,1.161704998588164e+00,1.167492673096035e+00,9.556225023999981e-02,,False,True,False,True,0.06
0.06,0.06,0.06,0.62,1,3.819975188479999e-01,-3.819975188479999e-01,4.672850047999998e-01,2.663574975999998e-01,1.201066863229450e+00,1.207107915833483e+00,1.156400212479998e-01,,False,True,False,True,0.06
0.06,0.06,0.06,0.62,2,3.819975188479999e-01,-3.819975188479999e-01,4.667320447999993e-01,2.666339775999999e-01,1.200284859697999e+00,1.206251890857323e+00,1.153635412479995e-01,,False,True,False,True,0.06
0.06,0.06,0.06,0.64,1,3.943200194559998e-01,-3.943200194559998e-01,4.822425856000000e-01,2.588787071999998e-01,1.239646724339285e+00,1.245867070132209e+00,1.354413122559998e-01,,False,True,False,True,0.06
0.06,0.06,0.06,0.64,2,3.943200194559999e-01,-3.943200194559999e-01,4.816896255999996e-01,2.591551871999999e-01,1.238864720807835e+00,1.245011121483576e+00,1.351648322559997e-01,,False,True,False,True,0.06
0.06,0.06,0.06,0.66,1,4.066425200639999e-01,-4.066425200639999e-01,4.972001663999994e-01,2.513999167999999e-01,1.278226585449121e+00,1.284626240728699e+00,1.552426032639996e-01,,False,True,False,True,0.06
0.06,0.06,0.06,0.66,2,4.066425200639998e-01,-4.066425200639998e-01,4.966472063999991e-01,2.516763968000000e-01,1.277444581917671e+00,1.283770363809547e+00,1.549661232639994e-01,,False,True,False,True,0.06
0.06,0.06,0.06,0.68,1,4.189650206719999e-01,-4.189650206719999e-01,5.121577471999996e-01,2.439211263999999e-01,1.316806446558957e+00,1.323385426190976e+00,1.750438942719997e-01,,False,True,False,True,0.06
0.06,0.06,0.06,0.68,2,4.189650206719999e-01,-4.189650206719999e-01,5.116047871999995e-01,2.441976063999999e-01,1.316024443027507e+00,1.322529616806589e+00,1.747674142719996e-01,,False,True,False,True,0.06
0.06,0.06,0.06,0.7,1,4.312875212799997e-01,-4.312875212799997e-01,5.271153279999998e-01,2.364423359999999e-01,1.355386307668792e+00,1.362144625250041e+00,1.948451852799996e-01,,False,True,False,True,0.06
0.06,0.06,0.06,0.7,2,4.312875212799997e-01,-4.312875212799997e-01,5.265623679999993e-01,2.367188159999999e-01,1.354604304137342e+00,1.361288879563207e+00,1.945687052799994e-01,,False,True,False,True,0.06
0.06,0.06,0.06,0.72,1,4.436100218879998e-01,-4.436100218879998e-01,5.420729087999996e-01,2.289635455999999e-01,1.393966168778628e+00,1.400903836777335e+00,2.146464762879996e-01,,False,True,False,True,0.06
0.06,0.06,0.06,0.72,2,4.436100218879997e-01,-4.436100218879997e-01,5.415199487999993e-01,2.292400255999999e-01,1.393184165247178e+00,1.400048151268842e+00,2.143699962879994e-01,,False,True,False,True,0.06
0.06,0.06,0.06,0.74,1,4.559325224959999e-01,-4.559325224959999e-01,5.570304896000000e-01,2.214847551999999e-01,1.432546029888464e+00,1.439663059765834e+00,2.344477672959999e-01,,False,True,False,True,0.06
0.06,0.06,0.06,0.74,2,4.559325224959999e-01,-4.559325224959999e-01,5.564775295999993e-01,2.217612352000000e-01,1.431764026357013e+00,1.438807431200275e+00,2.341712872959995e-01,,False,True,False,True,0.06
0.06,0.06,0.06,0.76,1,4.682550231039998e-01,-4.682550231039998e-01,5.719880704000000e-01,2.140059647999999e-01,1.471125890998300e+00,1.478422293314116e+00,2.542490583039998e-01,,False,True,False,True,0.06
0.06,0.06,0.06,0.76,2,4.682550231039997e-01,-4.682550231039997e-01,5.714351103999993e-01,2.142824447999999e-01,1.470343887466849e+00,1.477566718710173e+00,2.539725783039994e-01,,False,True,False,True,0.06
0.06,0.06,0.06,0.78,1,4.805775237119996e-01,-4.805775237119996e-01,5.869456512000000e-01,2.065271743999998e-01,1.509705752108136e+00,1.517181536612873e+00,2.740503493119996e-01,,False,True,False,True,0.06
0.06,0.06,0.06,0.78,2,4.805775237119997e-01,-4.805775237119997e-01,5.863926911999999e-01,2.068036543999999e-01,1.508923748576686e+00,1.516326013217390e+00,2.737738693119997e-01,,False,True,False,True,0.06
0.06,0.06,0.06,0.8,1,4.929000243199999e-01,-4.929000243199999e-01,6.019032320000000e-01,1.990483839999999e-01,1.548285613217971e+00,1.555940788933438e+00,2.938516403199999e-01,,False,True,False,True,0.06
0.06,0.06,0.06,0.8,2,4.929000243199997e-01,-4.929000243199997e-01,6.013502720000002e-01,1.993248639999999e-01,1.547503609686522e+00,1.555085314198717e+00,2.935751603199999e-01,,False,True,False,True,0.06
0.06,0.06,0.06,0.82,1,5.052225249279997e-01,-5.052225249279997e-01,6.168608127999998e-01,1.915695936000000e-01,1.586865474327807e+00,1.594700049617984e+00,3.136529313279996e-01,,False,True,False,True,0.06
0.06,0.06,0.06,0.82,2,5.052225249279996e-01,-5.052225249279996e-01,6.163078528000001e-01,1.918460735999998e-01,1.586083470796357e+00,1.593844621181839e+00,3.133764513279996e-01,,False,True,False,True,0.06
0.06,0.06,0.06,0.84,1,5.175450255359997e-01,-5.175450255359997e-01,6.318183935999996e-01,1.840908032000000e-01,1.625445335437642e+00,1.633459318071121e+00,3.334542223359995e-01,,False,True,False,True,0.06
0.06,0.06,0.06,0.84,2,5.175450255359996e-01,-5.175450255359996e-01,6.312654336000002e-01,1.843672831999998e-01,1.624663331906193e+00,1.632603933739295e+00,3.331777423359997e-01,,False,True,False,True,0.06
0.06,0.06,0.06,0.86,1,5.298675261439999e-01,-5.298675261439999e-01,6.467759743999996e-01,1.766120128000000e-01,1.664025196547478e+00,1.672218593752660e+00,3.532555133439997e-01,,False,True,False,True,0.06
0.06,0.06,0.06,0.86,2,5.298675261439998e-01,-5.298675261439998e-01,6.462230143999999e-01,1.768884928000000e-01,1.663243193016029e+00,1.671363251483273e+00,3.529790333439997e-01,,False,True,False,True,0.06
0.06,0.06,0.06,0.88,1,5.421900267519997e-01,-5.421900267519997e-01,6.617335552000000e-01,1.691332223999999e-01,1.702605057657314e+00,1.710977876171361e+00,3.730568043519997e-01,,False,True,False,True,0.06
0.06,0.06,0.06,0.88,2,5.421900267519997e-01,-5.421900267519997e-01,6.611805951999998e-01,1.694097024000000e-01,1.701823054125864e+00,1.710122574061123e+00,3.727803243519996e-01,,False,True,False,True,0.06
0.06,0.06,0.06,0.9,1,5.545125273599997e-01,-5.545125273599997e-01,6.766911359999999e-01,1.616544320000000e-01,1.741184918767150e+00,1.749737164879508e+00,3.928580953599996e-01,,False,True,False,True,0.06
0.06,0.06,0.06,0.9,2,5.545125273599997e-01,-5.545125273599997e-01,6.761381759999998e-01,1.619309119999999e-01,1.740402915235700e+00,1.748881901151454e+00,3.925816153599996e-01,,False,True,False,True,0.06
0.06,0.06,0.06,0.92,1,5.668350279679999e-01,-5.668350279679999e-01,6.916487167999996e-01,1.541756415999999e-01,1.779764779876985e+00,1.788496459468197e+00,4.126593863679997e-01,,False,True,False,True,0.06
0.06,0.06,0.06,0.92,2,5.668350279679997e-01,-5.668350279679997e-01,6.910957567999998e-01,1.544521215999999e-01,1.778982776345535e+00,1.787641232460750e+00,4.123829063679996e-01,,False,True,False,True,0.06
0.06,0.06,0.06,0.94,1,5.791575285759997e-01,-5.791575285759997e-01,7.066062975999998e-01,1.466968512000000e-01,1.818344640986821e+00,1.827255759563219e+00,4.324606773759996e-01,,False,True,False,True,0.06
0.06,0.06,0.06,0.94,2,5.791575285759997e-01,-5.791575285759997e-01,7.060533375999999e-01,1.469733311999999e-01,1.817562637455371e+00,1.826400567720410e+00,4.321841973759996e-01,,False,True,False,True,0.06
0.06,0.06,0.06,0.96,1,5.914800291839998e-01,-5.914800291839998e-01,7.215638783999996e-01,1.392180607999999e-01,1.856924502096656e+00,1.866015064821455e+00,4.522619683839996e-01,,False,True,False,True,0.06
0.06,0.06,0.06,0.96,2,5.914800291839997e-01,-5.914800291839997e-01,7.210109183999998e-01,1.394945407999999e-01,1.856142498565207e+00,1.865159906684160e+00,4.519854883839995e-01,,False,True,False,True,0.06
0.06,0.06,0.06,0.98,1,6.038025297919998e-01,-6.038025297919998e-01,7.365214591999995e-01,1.317392703999999e-01,1.895504363206492e+00,1.904774374927713e+00,4.720632593919995e-01,,False,True,False,True,0.06
0.06,0.06,0.06,0.98,2,6.038025297919997e-01,-6.038025297919997e-01,7.359684992000000e-01,1.320157504000000e-01,1.894722359675043e+00,1.903919249125781e+00,4.717867793919996e-01,,False,True,False,True,0.06
0.06,0.06,0.06,1.0,1,6.161250303999996e-01,-6.161250303999996e-01,7.514790399999997e-01,1.242604799999999e-01,1.934084224316328e+00,1.943533689591947e+00,4.918645503999994e-01,,False,True,False,True,0.06
0.06,0.06,0.06,1.0,2,6.161250303999997e-01,-6.161250303999997e-01,7.509260799999997e-01,1.245369599999999e-01,1.933302220784878e+00,1.942678594837104e+00,4.915880703999995e-01,,False,True,False,True,0.06
0.065,0.065,0.065,0.5,1,2.951744322999998e-01,-2.951744322999998e-01,3.688545338888890e-01,3.155727330555554e-01,9.390787697929118e-01,9.448420241585717e-01,0.000000000000000e+00,,False,False,False,True,0.065
0.065,0.065,0.065,0.5,2,2.951744322999999e-01,-2.951744322999999e-01,3.681539349999999e-01,3.159230324999999e-01,9.380879733424616e-01,9.437484099898901e-01,0.000000000000000e+00,,False,False,False,True,0.065
0.065,0.065,0.065,0.52,1,3.069814095919999e-01,-3.069814095919999e-01,3.834397152444445e-01,3.082801423777776e-01,9.764029184925872e-01,9.823718258619429e-01,0.000000000000000e+00,,False,False,False,True,0.065
0.065,0.065,0.065,0.52,2,3.069814095919998e-01,-3.069814095919998e-01,3.827391163555552e-01,3.086304418222220e-01,9.754121220421366e-01,9.812783846059637e-01,0.000000000000000e+00,,False,False,False,True,0.065
0.065,0.065,0.065,0.54,1,3.187883868839999e-01,-3.187883868839999e-01,3.980248966000005e-01,3.009875516999999e-01,1.013727067192263e+00,1.019901669624173e+00,1.780083518400011e-02,,False,True,False,True,0.065
0.065,0.065,0.065,0.54,2,3.187883868839999e-01,-3.187883868839999e-01,3.973242977111110e-01,3.013378511444444e-01,1.012736270741812e+00,1.018808388586844e+00,1.745053573955535e-02,,False,True,False,True,0.065
0.065,0.065,0.065,0.56,1,3.305953641759998e-01,-3.305953641759998e-01,4.126100779555553e-01,2.936949610222223e-01,1.051051215891938e+00,1.057431550967062e+00,3.690040315377746e-02,,False,True,False,True,0.065
0.065,0.065,0.065,0.56,2,3.305953641759999e-01,-3.305953641759999e-01,4.119094790666664e-01,2.940452604666666e-01,1.050060419441488e+00,1.056338418802676e+00,3.655010370933309e-02,,False,True,False,True,0.065
0.065,0.065,0.065,0.58,1,3.424023414679997e-01,-3.424023414679997e-01,4.271952593111107e-01,2.864023703444445e-01,1.088375364591613e+00,1.094961466026373e+00,5.599997112355515e-02,,False,True,False,True,0.065
0.065,0.065,0.065,0.58,2,3.424023414679997e-01,-3.424023414679997e-01,4.264946604222224e-01,2.867526697888889e-01,1.087384568141163e+00,1.093868472553141e+00,5.564967167911089e-02,,False,True,False,True,0.065
0.065,0.065,0.065,0.6,1,3.542093187599997e-01,-3.542093187599997e-01,4.417804406666662e-01,2.791097796666667e-01,1.125699513291288e+00,1.132491411450095e+00,7.509953909333283e-02,,False,True,False,True,0.065
0.065,0.065,0.065,0.6,2,3.542093187599998e-01,-3.542093187599998e-01,4.410798417777781e-01,2.794600791111110e-01,1.124708716840839e+00,1.131398547496209e+00,7.474923964888891e-02,,False,True,False,True,0.065
0.065,0.065,0.065,0.62,1,3.660162960519998e-01,-3.660162960519998e-01,4.563656220222218e-01,2.718171889888888e-01,1.163023661990964e+00,1.170021384316295e+00,9.419910706311063e-02,,False,True,False,True,0.065
0.065,0.065,0.065,0.62,2,3.660162960519999e-01,-3.660162960519999e-01,4.556650231333330e-01,2.721674884333333e-01,1.162032865540514e+00,1.168928641590625e+00,9.384880761866637e-02,,False,True,False,True,0.065
0.065,0.065,0.065,0.64,1,3.778232733439996e-01,-3.778232733439996e-01,4.709508033777779e-01,2.645245983111110e-01,1.200347810690640e+00,1.207551382066286e+00,1.132986750328886e-01,,False,True,False,True,0.065
0.065,0.065,0.065,0.64,2,3.778232733439998e-01,-3.778232733439998e-01,4.702502044888885e-01,2.648748977555555e-01,1.199357014240189e+00,1.206458753049132e+00,1.129483755884441e-01,,False,True,False,True,0.065
0.065,0.065,0.065,0.66,1,3.896302506359999e-01,-3.896302506359999e-01,4.855359847333329e-01,2.572320076333333e-01,1.237671959390315e+00,1.245081402449879e+00,1.323982430026664e-01,,False,True,False,True,0.065
0.065,0.065,0.065,0.66,2,3.896302506359998e-01,-3.896302506359998e-01,4.848353858444439e-01,2.575823070777777e-01,1.236681162939864e+00,1.243988880300146e+00,1.320479435582217e-01,,False,True,False,True,0.065
0.065,0.065,0.065,0.68,1,4.014372279280000e-01,-4.014372279280000e-01,5.001211660888887e-01,2.499394169555555e-01,1.274996108089991e+00,1.282611443480256e+00,1.514978109724443e-01,,False,True,False,True,0.065
0.065,0.065,0.065,0.68,2,4.014372279279999e-01,-4.014372279279999e-01,4.994205671999997e-01,2.502897163999999e-01,1.274005311639540e+00,1.281519021956188e+00,1.511475115279997e-01,,False,True,False,True,0.065
0.065,0.065,0.065,0.7,1,4.132442052199998e-01,-4.132442052199998e-01,5.147063474444439e-01,2.426468262777778e-01,1.312320256789665e+00,1.320141503396526e+00,1.705973789422218e-01,,False,True,False,True,0.065
0.065,0.065,0.065,0.7,2,4.132442052199997e-01,-4.132442052199997e-01,5.140057485555550e-01,2.429971257222222e-01,1.311329460339215e+00,1.319049176787682e+00,1.702470794977772e-01,,False,True,False,True,0.065
0.065,0.065,0.065,0.72,1,4.250511825119997e-01,-4.250511825119997e-01,5.292915287999993e-01,2.353542356000001e-01,1.349644405489340e+00,1.357671580632503e+00,1.896969469119993e-01,,False,True,False,True,0.065
0.065,0.065,0.065,0.72,2,4.250511825119997e-01,-4.250511825119997e-01,5.285909299111109e-01,2.357045350444444e-01,1.348653609038891e+00,1.356579343701123e+00,1.893466474675551e-01,,False,True,False,True,0.065
0.065,0.065,0.065,0.74,1,4.368581598039997e-01,-4.368581598039997e-01,5.438767101555552e-01,2.280616449222221e-01,1.386968554189016e+00,1.395201673790519e+00,2.087965148817773e-01,,False,True,False,True,0.065
0.065,0.065,0.065,0.74,2,4.368581598039996e-01,-4.368581598039996e-01,5.431761112666663e-01,2.284119443666666e-01,1.385977757738566e+00,1.394109521720750e+00,2.084462154373328e-01,,False,True,False,True,0.065
0.065,0.065,0.065,0.76,1,4.486651370959998e-01,-4.486651370959998e-01,5.584618915111104e-01,2.207690542444443e-01,1.424292702888691e+00,1.432731781619350e+00,2.278960828515549e-01,,False,True,False,True,0.065
0.065,0.065,0.065,0.76,2,4.486651370959996e-01,-4.486651370959996e-01,5.577612926222217e-01,2.211193536888890e-01,1.423301906438241e+00,1.431639709973126e+00,2.275457834071105e-01,,False,True,False,True,0.065
0.065,0.065,0.065,0.78,1,4.604721143879997e-01,-4.604721143879997e-01,5.730470728666665e-01,2.134764635666667e-01,1.461616851588367e+00,1.470261902995530e+00,2.469956508213330e-01,,False,True,False,True,0.065
0.065,0.065,0.065,0.78,2,4.604721143879997e-01,-4.604721143879997e-01,5.723464739777773e-01,2.138267630111111e-01,1.460626055137917e+00,1.469169907674057e+00,2.466453513768884e-01,,False,True,False,True,0.065
0.065,0.065,0.065,0.8,1,4.722790916799998e-01,-4.722790916799998e-01,5.876322542222217e-01,2.061838728888888e-01,1.498941000288042e+00,1.507792036907445e+00,2.660952187911106e-01,,False,True,False,True,0.065
0.065,0.065,0.065,0.8,2,4.722790916799998e-01,-4.722790916799998e-01,5.869316553333332e-01,2.065341723333332e-01,1.497950203837593e+00,1.506700114117487e+00,2.657449193466664e-01,,False,True,False,True,0.065
0.065,0.065,0.065,0.82,1,4.840860689719996e-01,-4.840860689719996e-01,6.022174355777774e-01,1.988912822111110e-01,1.536265148987717e+00,1.545322182441756e+00,2.851947867608883e-01,,False,True,False,True,0.065
0.065,0.065,0.065,0.82,2,4.840860689719998e-01,-4.840860689719998e-01,6.015168366888890e-01,1.992415816555555e-01,1.535274352537269e+00,1.544230328665994e+00,2.848444873164443e-01,,False,True,False,True,0.065
0.065,0.065,0.065,0.84,1,4.958930462639997e-01,-4.958930462639997e-01,6.168026169333329e-01,1.915986915333333e-01,1.573589297687393e+00,1.582852338771747e+00,3.042943547306662e-01,,False,True,False,True,0.065
0.065,0.065,0.065,0.84,2,4.958930462639996e-01,-4.958930462639996e-01,6.161020180444440e-01,1.919489909777777e-01,1.572598501236943e+00,1.581760550742654e+00,3.039440552862216e-01,,False,True,False,True,0.065
0.065,0.065,0.065,0.86,1,5.077000235559997e-01,-5.077000235559997e-01,6.313877982888886e-01,1.843061008555555e-01,1.610913446387069e+00,1.620382505147291e+00,3.233939227004440e-01,,False,True,False,True,0.065
0.065,0.065,0.065,0.86,2,5.077000235559996e-01,-5.077000235559996e-01,6.306871993999998e-01,1.846564003000000e-01,1.609922649936619e+00,1.619290779824029e+00,3.230436232559996e-01,,False,True,False,True,0.065
0.065,0.065,0.065,0.88,1,5.195070008479997e-01,-5.195070008479997e-01,6.459729796444444e-01,1.770135101777777e-01,1.648237595086745e+00,1.657912680886186e+00,3.424934906702219e-01,,False,True,False,True,0.065
0.065,0.065,0.065,0.88,2,5.195070008479998e-01,-5.195070008479998e-01,6.452723807555547e-01,1.773638096222223e-01,1.647246798636293e+00,1.656821015434106e+00,3.421431912257772e-01,,False,True,False,True,0.065
0.065,0.065,0.065,0.9,1,5.313139781399997e-01,-5.313139781399997e-01,6.605581609999995e-01,1.697209195000000e-01,1.685561743786419e+00,1.695442865366632e+00,3.615930586399995e-01,,False,True,False,True,0.065
0.065,0.065,0.065,0.9,2,5.313139781399997e-01,-5.313139781399997e-01,6.598575621111105e-01,1.700712189444444e-01,1.684570947335969e+00,1.694351257139050e+00,3.612427591955549e-01,,False,True,False,True,0.065
0.065,0.065,0.065,0.92,1,5.431209554319997e-01,-5.431209554319997e-01,6.751433423555556e-01,1.624283288222222e-01,1.722885892486095e+00,1.732973058020694e+00,3.806926266097775e-01,,False,True,False,True,0.065
0.065,0.065,0.065,0.92,2,5.431209554319996e-01,-5.431209554319996e-01,6.744427434666660e-01,1.627786282666666e-01,1.721895096035644e+00,1.731881504542630e+00,3.803423271653326e-01,,False,True,False,True,0.065
0.065,0.065,0.065,0.94,1,5.549279327239995e-01,-5.549279327239995e-01,6.897285237111107e-01,1.551357381444444e-01,1.760210041185770e+00,1.770503258328592e+00,3.997921945795549e-01,,False,True,False,True,0.065
0.065,0.065,0.065,0.94,2,5.549279327239995e-01,-5.549279327239995e-01,6.890279248222220e-01,1.554860375888889e-01,1.759219244735320e+00,1.769411757282232e+00,3.994418951351105e-01,,False,True,False,True,0.065
0.065,0.065,0.065,0.96,1,5.667349100159996e-01,-5.667349100159996e-01,7.043137050666661e-01,1.478431474666667e-01,1.797534189885446e+00,1.808033465813703e+00,4.188917625493327e-01,,False,True,False,True,0.065
0.065,0.065,0.065,0.96,2,5.667349100159996e-01,-5.667349100159996e-01,7.036131061777773e-01,1.481934469111111e-01,1.796543393434995e+00,1.806942015025367e+00,4.185414631048883e-01,,False,True,False,True,0.065
0.065,0.065,0.065,0.98,1,5.785418873079995e-01,-5.785418873079995e-01,7.188988864222218e-01,1.405505567888888e-01,1.834858338585121e+00,1.845563680038175e+00,4.379913305191104e-01,,False,True,False,True,0.065
0.065,0.065,0.065,0.98,2,5.785418873079994e-01,-5.785418873079994e-01,7.181982875333333e-01,1.409008562333333e-01,1.833867542134671e+00,1.844472277466608e+00,4.376410310746660e-01,,False,True,False,True,0.065
0.065,0.065,0.065,1.0,1,5.903488645999996e-01,-5.903488645999996e-01,7.334840677777772e-01,1.332579661111110e-01,1.872182487284796e+00,1.883093900599058e+00,4.570908984888882e-01,,False,True,False,True,0.065
0.065,0.065,0.065,1.0,2,5.903488645999998e-01,-5.903488645999998e-01,7.327834688888881e-01,1.336082655555556e-01,1.871191690834346e+00,1.882002544324891e+00,4.567405990444439e-01,,False,True,False,True,0.065
0.07,0.07,0.07,0.5,1,2.827125930666665e-01,-2.827125930666665e-01,3.603931200000000e-01,3.198034399999999e-01,9.094888214584997e-01,9.160995824075305e-01,0.000000000000000e+00,,False,False,False,True,0.07
0.07,0.07,0.07,0.5,2,2.827125930666665e-01,-2.827125930666665e-01,3.595211377777775e-01,3.202394311111111e-01,9.082556523736844e-01,9.147280662306284e-01,0.000000000000000e+00,,False,False,False,True,0.07
0.07,0.07,0.07,0.52,1,2.940210967893331e-01,-2.940210967893331e-01,3.746128447999992e-01,3.126935775999999e-01,9.455911884586135e-01,9.524351712244791e-01,0.000000000000000e+00,,False,False,False,True,0.07
0.07,0.07,0.07,0.52,2,2.940210967893332e-01,-2.940210967893332e-01,3.737408625777776e-01,3.131295687111109e-01,9.443580193737995e-01,9.510639047247743e-01,0.000000000000000e+00,,False,False,False,True,0.07
0.07,0.07,0.07,0.54,1,3.053296005119998e-01,-3.053296005119998e-01,3.888325695999998e-01,3.055837151999999e-01,9.816935554587293e-01,9.887708169855259e-01,0.000000000000000e+00,,False,False,False,True,0.07
0.07,0.07,0.07,0.54,2,3.053296005119998e-01,-3.053296005119998e-01,3.879605873777776e-01,3.060197063111110e-01,9.804603863739144e-01,9.873997818661449e-01,0.000000000000000e+00,,False,False,False,True,0.07
0.07,0.07,0.07,0.56,1,3.166381042346665e-01,-3.166381042346665e-01,4.030522943999998e-01,2.984738527999998e-01,1.017795922458844e+00,1.025106513635393e+00,1.816425143466638e-02,,False,True,False,True,0.07
0.07,0.07,0.07,0.56,2,3.166381042346666e-01,-3.166381042346666e-01,4.021803121777776e-01,2.989098439111110e-01,1.016562753374029e+00,1.023735693539574e+00,1.772826032355540e-02,,False,True,False,True,0.07
0.07,0.07,0.07,0.58,1,3.279466079573330e-01,-3.279466079573330e-01,4.172720192000001e-01,2.913639903999999e-01,1.053898289458959e+00,1.061442255947946e+00,3.658261755733311e-02,,False,True,False,True,0.07
0.07,0.07,0.07,0.58,2,3.279466079573331e-01,-3.279466079573331e-01,4.164000369777776e-01,2.917999815111110e-01,1.052665120374144e+00,1.060071636194112e+00,3.614662644622191e-02,,False,True,False,True,0.07
0.07,0.07,0.07,0.6,1,3.392551116799997e-01,-3.392551116799997e-01,4.314917439999998e-01,2.842541279999999e-01,1.090000656459074e+00,1.097778039388966e+00,5.500098367999962e-02,,False,True,False,True,0.07
0.07,0.07,0.07,0.6,2,3.392551116799999e-01,-3.392551116799999e-01,4.306197617777782e-01,2.846901191111110e-01,1.088767487374260e+00,1.096407606749533e+00,5.456499256888897e-02,,False,True,False,True,0.07
0.07,0.07,0.07,0.62,1,3.505636154026666e-01,-3.505636154026666e-01,4.457114687999996e-01,2.771442655999998e-01,1.126103023459189e+00,1.134113860005320e+00,7.341934980266640e-02,,False,True,False,True,0.07
0.07,0.07,0.07,0.62,2,3.505636154026665e-01,-3.505636154026665e-01,4.448394865777774e-01,2.775802567111111e-01,1.124869854374374e+00,1.132743602520834e+00,7.298335869155514e-02,,False,True,False,True,0.07
0.07,0.07,0.07,0.64,1,3.618721191253332e-01,-3.618721191253332e-01,4.599311935999996e-01,2.700344031999998e-01,1.162205390459303e+00,1.170449714334759e+00,9.183771592533296e-02,,False,True,False,True,0.07
0.07,0.07,0.07,0.64,2,3.618721191253331e-01,-3.618721191253331e-01,4.590592113777775e-01,2.704703943111110e-01,1.160972221374489e+00,1.169079621156825e+00,9.140172481422187e-02,,False,True,False,True,0.07
0.07,0.07,0.07,0.66,1,3.731806228479999e-01,-3.731806228479999e-01,4.741509184000001e-01,2.629245408000000e-01,1.198307757459419e+00,1.206785599332018e+00,1.102560820480000e-01,,False,True,False,True,0.07
0.07,0.07,0.07,0.66,2,3.731806228479998e-01,-3.731806228479998e-01,4.732789361777781e-01,2.633605319111109e-01,1.197074588374604e+00,1.205415660589807e+00,1.098200909368888e-01,,False,True,False,True,0.07
0.07,0.07,0.07,0.68,1,3.844891265706666e-01,-3.844891265706666e-01,4.883706431999999e-01,2.558146784000000e-01,1.234410124459534e+00,1.243121512307877e+00,1.286744481706665e-01,,False,True,False,True,0.07
0.07,0.07,0.07,0.68,2,3.844891265706665e-01,-3.844891265706665e-01,4.874986609777776e-01,2.562506695111110e-01,1.233176955374718e+00,1.241751718994099e+00,1.282384570595553e-01,,False,True,False,True,0.07
0.07,0.07,0.07,0.7,1,3.957976302933331e-01,-3.957976302933331e-01,5.025903679999999e-01,2.487048160000000e-01,1.270512491459648e+00,1.279457450878603e+00,1.470928142933330e-01,,False,True,False,True,0.07
0.07,0.07,0.07,0.7,2,3.957976302933331e-01,-3.957976302933331e-01,5.017183857777774e-01,2.491408071111111e-01,1.269279322374833e+00,1.278087794751638e+00,1.466568231822218e-01,,False,True,False,True,0.07
0.07,0.07,0.07,0.72,1,4.071061340159999e-01,-4.071061340159999e-01,5.168100927999995e-01,2.415949535999999e-01,1.306614858459763e+00,1.315793412923772e+00,1.655111804159996e-01,,False,True,False,True,0.07
0.07,0.07,0.07,0.72,2,4.071061340159998e-01,-4.071061340159998e-01,5.159381105777779e-01,2.420309447111111e-01,1.305381689374949e+00,1.314423886423281e+00,1.650751893048887e-01,,False,True,False,True,0.07
0.07,0.07,0.07,0.74,1,4.184146377386663e-01,-4.184146377386663e-01,5.310298175999997e-01,2.344850911999999e-01,1.342717225459878e+00,1.352129396550890e+00,1.839295465386662e-01,,False,True,False,True,0.07
0.07,0.07,0.07,0.74,2,4.184146377386663e-01,-4.184146377386663e-01,5.301578353777776e-01,2.349210823111110e-01,1.341484056375063e+00,1.350759992724733e+00,1.834935554275551e-01,,False,True,False,True,0.07
0.07,0.07,0.07,0.76,1,4.297231414613330e-01,-4.297231414613330e-01,5.452495423999998e-01,2.273752287999999e-01,1.378819592459993e+00,1.388465400065563e+00,2.023479126613329e-01,,False,True,False,True,0.07
0.07,0.07,0.07,0.76,2,4.297231414613331e-01,-4.297231414613331e-01,5.443775601777773e-01,2.278112199111111e-01,1.377586423375178e+00,1.387096112506277e+00,2.019119215502217e-01,,False,True,False,True,0.07
0.07,0.07,0.07,0.78,1,4.410316451839997e-01,-4.410316451839997e-01,5.594692671999999e-01,2.202653663999998e-01,1.414921959460108e+00,1.424801421946245e+00,2.207662787839997e-01,,False,True,False,True,0.07
0.07,0.07,0.07,0.78,2,4.410316451839996e-01,-4.410316451839996e-01,5.585972849777781e-01,2.207013575111110e-01,1.413688790375293e+00,1.423432244735590e+00,2.203302876728886e-01,,False,True,False,True,0.07
0.07,0.07,0.07,0.8,1,4.523401489066662e-01,-4.523401489066662e-01,5.736889919999999e-01,2.131555039999998e-01,1.451024326460223e+00,1.461137460822740e+00,2.391846449066662e-01,,False,True,False,True,0.07
0.07,0.07,0.07,0.8,2,4.523401489066664e-01,-4.523401489066664e-01,5.728170097777773e-01,2.135914951111110e-01,1.449791157375407e+00,1.459768388483131e+00,2.387486537955550e-01,,False,True,False,True,0.07
0.07,0.07,0.07,0.82,1,4.636486526293331e-01,-4.636486526293331e-01,5.879087167999997e-01,2.060456415999999e-01,1.487126693460337e+00,1.497473515457844e+00,2.576030110293329e-01,,False,True,False,True,0.07
0.07,0.07,0.07,0.82,2,4.636486526293330e-01,-4.636486526293330e-01,5.870367345777772e-01,2.064816327111111e-01,1.485893524375522e+00,1.496104542909666e+00,2.571670199182216e-01,,False,True,False,True,0.07
0.07,0.07,0.07,0.84,1,4.749571563519995e-01,-4.749571563519995e-01,6.021284415999995e-01,1.989357791999998e-01,1.523229060460451e+00,1.533809584731588e+00,2.760213771519993e-01,,False,True,False,True,0.07
0.07,0.07,0.07,0.84,2,4.749571563519996e-01,-4.749571563519996e-01,6.012564593777777e-01,1.993717703111110e-01,1.521995891375638e+00,1.532440707255558e+00,2.755853860408884e-01,,False,True,False,True,0.07
0.07,0.07,0.07,0.86,1,4.862656600746665e-01,-4.862656600746665e-01,6.163481663999999e-01,1.918259167999999e-01,1.559331427460568e+00,1.570145667627680e+00,2.944397432746665e-01,,False,True,False,True,0.07
0.07,0.07,0.07,0.86,2,4.862656600746663e-01,-4.862656600746663e-01,6.154761841777773e-01,1.922619079111109e-01,1.558098258375752e+00,1.568776880831545e+00,2.940037521635549e-01,,False,True,False,True,0.07
0.07,0.07,0.07,0.88,1,4.975741637973331e-01,-4.975741637973331e-01,6.305678911999998e-01,1.847160543999999e-01,1.595433794460682e+00,1.606481763221768e+00,3.128581093973330e-01,,False,True,False,True,0.07
0.07,0.07,0.07,0.88,2,4.975741637973330e-01,-4.975741637973330e-01,6.296959089777772e-01,1.851520455111111e-01,1.594200625375866e+00,1.605113063010783e+00,3.124221182862216e-01,,False,True,False,True,0.07
0.07,0.07,0.07,0.9,1,5.088826675199997e-01,-5.088826675199997e-01,6.447876159999991e-01,1.776061919999999e-01,1.631536161460796e+00,1.642817870671284e+00,3.312764755199992e-01,,False,True,False,True,0.07
0.07,0.07,0.07,0.9,2,5.088826675199998e-01,-5.088826675199998e-01,6.439156337777775e-01,1.780421831111110e-01,1.630302992375982e+00,1.641449253221930e+00,3.308404844088885e-01,,False,True,False,True,0.07
0.07,0.07,0.07,0.92,1,5.201911712426665e-01,-5.201911712426665e-01,6.590073407999997e-01,1.704963295999999e-01,1.667638528460912e+00,1.679153989206593e+00,3.496948416426663e-01,,False,True,False,True,0.07
0.07,0.07,0.07,0.92,2,5.201911712426663e-01,-5.201911712426663e-01,6.581353585777772e-01,1.709323207111111e-01,1.666405359376096e+00,1.677785450943137e+00,3.492588505315549e-01,,False,True,False,True,0.07
0.07,0.07,0.07,0.94,1,5.314996749653327e-01,-5.314996749653327e-01,6.732270655999990e-01,1.633864671999998e-01,1.703740895461025e+00,1.715490118123260e+00,3.681132077653322e-01,,False,True,False,True,0.07
0.07,0.07,0.07,0.94,2,5.314996749653328e-01,-5.314996749653328e-01,6.723550833777773e-01,1.638224583111111e-01,1.702507726376211e+00,1.714121655696809e+00,3.676772166542214e-01,,False,True,False,True,0.07
0.07,0.07,0.07,0.96,1,5.428081786879997e-01,-5.428081786879997e-01,6.874467903999999e-01,1.562766048000000e-01,1.739843262461142e+00,1.751826256775306e+00,3.865315738879996e-01,,False,True,False,True,0.07
0.07,0.07,0.07,0.96,2,5.428081786879996e-01,-5.428081786879996e-01,6.865748081777775e-01,1.567125959111110e-01,1.738610093376326e+00,1.750457867045003e+00,3.860955827768883e-01,,False,True,False,True,0.07
0.07,0.07,0.07,0.98,1,5.541166824106663e-01,-5.541166824106663e-01,7.016665151999991e-01,1.491667423999999e-01,1.775945629461255e+00,1.788162404569243e+00,4.049499400106658e-01,,False,True,False,True,0.07
0.07,0.07,0.07,0.98,2,5.541166824106664e-01,-5.541166824106664e-01,7.007945329777774e-01,1.496027335111110e-01,1.774712460376441e+00,1.786794084585400e+00,4.045139488995551e-01,,False,True,False,True,0.07
0.07,0.07,0.07,1.0,1,5.654251861333329e-01,-5.654251861333329e-01,7.158862399999995e-01,1.420568799999999e-01,1.812047996461371e+00,1.824498560958874e+00,4.233683061333327e-01,,False,True,False,True,0.07
0.07,0.07,0.07,1.0,2,5.654251861333330e-01,-5.654251861333330e-01,7.150142577777777e-01,1.424928711111110e-01,1.810814827376557e+00,1.823130307947757e+00,4.229323150222219e-01,,False,True,False,True,0.07
0.075,0.075,0.075,0.5,1,2.706665625000000e-01,-2.706665625000000e-01,3.521531249999994e-01,3.239234375000002e-01,8.808000489754720e-01,8.883067296893155e-01,0.000000000000000e+00,,False,False,False,True,0.075
0.075,0.075,0.075,0.5,2,2.706665625000000e-01,-2.706665625000000e-01,3.510843749999997e-01,3.244578125000003e-01,8.792886082306860e-01,8.866129401823702e-01,0.000000000000000e+00,,False,False,False,True,0.075
0.075,0.075,0.075,0.52,1,2.814932250000000e-01,-2.814932250000000e-01,3.660142500000004e-01,3.169928750000000e-01,9.157138528829585e-01,9.234822508829575e-01,0.000000000000000e+00,,False,False,False,True,0.075
0.075,0.075,0.075,0.52,2,2.814932250000000e-01,-2.814932250000000e-01,3.649455000000001e-01,3.175272499999999e-01,9.142024121381715e-01,9.217888124535917e-01,0.000000000000000e+00,,False,False,False,True,0.075
0.075,0.075,0.075,0.54,1,2.923198875000001e-01,-2.923198875000001e-01,3.798753750000002e-01,3.100623125000001e-01,9.506276567904431e-01,9.586578475335265e-01,0.000000000000000e+00,,False,False,False,True,0.075
0.075,0.075,0.075,0.54,2,2.923198875000001e-01,-2.923198875000001e-01,3.788066250000000e-01,3.105966875000000e-01,9.491162160456564e-01,9.569647345057253e-01,0.000000000000000e+00,,False,False,False,True,0.075
0.075,0.075,0.075,0.56,1,3.031465500000000e-01,-3.031465500000000e-01,3.937365000000002e-01,3.031317500000000e-01,9.855414606979280e-01,9.938335116288899e-01,1.480000000009252e-05,,False,True,False,True,0.075
0.075,0.075,0.075,0.56,2,3.031465500000001e-01,-3.031465500000001e-01,3.926677500000001e-01,3.036661249999999e-01,9.840300199531415e-01,9.921407010438895e-01,0.000000000000000e+00,,False,False,False,True,0.075
0.075,0.075,0.075,0.58,1,3.139732125000000e-01,-3.139732125000000e-01,4.075976249999997e-01,2.962011875000001e-01,1.020455264605412e+00,1.029009236252446e+00,1.777202499999986e-02,,False,True,False,True,0.075
0.075,0.075,0.075,0.58,2,3.139732125000000e-01,-3.139732125000000e-01,4.065288749999997e-01,2.967355625000002e-01,1.018943823860626e+00,1.027316707498395e+00,1.723764999999983e-02,,False,True,False,True,0.075
0.075,0.075,0.075,0.6,1,3.247998750000000e-01,-3.247998750000000e-01,4.214587499999999e-01,2.892706249999999e-01,1.055369068512897e+00,1.064185015402074e+00,3.552924999999990e-02,,False,True,False,True,0.075
0.075,0.075,0.075,0.6,2,3.247998750000000e-01,-3.247998750000000e-01,4.203899999999997e-01,2.898050000000002e-01,1.053857627768111e+00,1.062492749904705e+00,3.499487499999976e-02,,False,True,False,True,0.075
0.075,0.075,0.075,0.62,1,3.356265374999999e-01,-3.356265374999999e-01,4.353198749999997e-01,2.823400625000001e-01,1.090282872420382e+00,1.099360843843830e+00,5.328647499999983e-02,,False,True,False,True,0.075
0.075,0.075,0.075,0.62,2,3.356265375000000e-01,-3.356265375000000e-01,4.342511250000000e-01,2.828744375000000e-01,1.088771431675596e+00,1.097668824806471e+00,5.275209999999997e-02,,False,True,False,True,0.075
0.075,0.075,0.075,0.64,1,3.464531999999999e-01,-3.464531999999999e-01,4.491809999999996e-01,2.754095000000000e-01,1.125196676327867e+00,1.134536716992870e+00,7.104369999999971e-02,,False,True,False,True,0.075
0.075,0.075,0.075,0.64,2,3.464532000000001e-01,-3.464532000000001e-01,4.481122500000000e-01,2.759438749999999e-01,1.123685235583081e+00,1.132844929176633e+00,7.050932500000012e-02,,False,True,False,True,0.075
0.075,0.075,0.075,0.66,1,3.572798625000001e-01,-3.572798625000001e-01,4.630421250000001e-01,2.684789375000002e-01,1.160110480235353e+00,1.169712630815851e+00,8.880092500000014e-02,,False,True,False,True,0.075
0.075,0.075,0.075,0.66,2,3.572798625000000e-01,-3.572798625000000e-01,4.619733750000002e-01,2.690133125000000e-01,1.158599039490567e+00,1.168021060352783e+00,8.826655000000011e-02,,False,True,False,True,0.075
0.075,0.075,0.075,0.68,1,3.681065250000002e-01,-3.681065250000002e-01,4.769032500000002e-01,2.615483750000000e-01,1.195024284142838e+00,1.204888581750426e+00,1.065581500000003e-01,,False,True,False,True,0.075
0.075,0.075,0.075,0.68,2,3.681065250000000e-01,-3.681065250000000e-01,4.758344999999998e-01,2.620827500000001e-01,1.193512843398051e+00,1.203197215983856e+00,1.060237749999999e-01,,False,True,False,True,0.075
0.075,0.075,0.075,0.7,1,3.789331875000000e-01,-3.789331875000000e-01,4.907643750000001e-01,2.546178125000002e-01,1.229938088050322e+00,1.240064566638449e+00,1.243153750000001e-01,,False,True,False,True,0.075
0.075,0.075,0.075,0.7,2,3.789331875000000e-01,-3.789331875000000e-01,4.896956249999996e-01,2.551521875000001e-01,1.228426647305536e+00,1.238373393985918e+00,1.237809999999998e-01,,False,True,False,True,0.075
0.075,0.075,0.075,0.72,1,3.897598499999999e-01,-3.897598499999999e-01,5.046255000000001e-01,2.476872500000000e-01,1.264851891957807e+00,1.275240582670223e+00,1.420725999999999e-01,,False,True,False,True,0.075
0.075,0.075,0.075,0.72,2,3.897598500000000e-01,-3.897598500000000e-01,5.035567500000007e-01,2.482216250000000e-01,1.263340451213022e+00,1.273549592505271e+00,1.415382250000004e-01,,False,True,False,True,0.075
0.075,0.075,0.075,0.74,1,4.005865125000002e-01,-4.005865125000002e-01,5.184866250000000e-01,2.407566875000001e-01,1.299765695865293e+00,1.310416627337739e+00,1.598298250000001e-01,,False,True,False,True,0.075
0.075,0.075,0.075,0.74,2,4.005865125000000e-01,-4.005865125000000e-01,5.174178749999998e-01,2.412910625000002e-01,1.298254255120506e+00,1.308725809887507e+00,1.592954499999999e-01,,False,True,False,True,0.075
0.075,0.075,0.075,0.76,1,4.114131750000001e-01,-4.114131750000001e-01,5.323477500000001e-01,2.338261250000000e-01,1.334679499772778e+00,1.345592698395236e+00,1.775870500000001e-01,,False,True,False,True,0.075
0.075,0.075,0.075,0.76,2,4.114131750000001e-01,-4.114131750000001e-01,5.312790000000003e-01,2.343604999999999e-01,1.333168059027992e+00,1.343902044651441e+00,1.770526750000003e-01,,False,True,False,True,0.075
0.075,0.075,0.075,0.78,1,4.222398374999999e-01,-4.222398374999999e-01,5.462088749999996e-01,2.268955625000000e-01,1.369593303680261e+00,1.380768793825804e+00,1.953442749999997e-01,,False,True,False,True,0.075
0.075,0.075,0.075,0.78,2,4.222398374999999e-01,-4.222398374999999e-01,5.451401249999999e-01,2.274299375000000e-01,1.368081862935476e+00,1.379078295467000e+00,1.948098999999998e-01,,False,True,False,True,0.075
0.075,0.075,0.075,0.8,1,4.330665000000001e-01,-4.330665000000001e-01,5.600700000000002e-01,2.199650000000000e-01,1.404507107587748e+00,1.415944911812957e+00,2.131015000000002e-01,,False,True,False,True,0.075
0.075,0.075,0.075,0.8,2,4.330665000000001e-01,-4.330665000000001e-01,5.590012499999997e-01,2.204993750000001e-01,1.402995666842961e+00,1.414254561136449e+00,2.125671250000000e-01,,False,True,False,True,0.075
0.075,0.075,0.075,0.82,1,4.438931625000000e-01,-4.438931625000000e-01,5.739311250000001e-01,2.130344375000001e-01,1.439420911495232e+00,1.451121050716331e+00,2.308587250000001e-01,,False,True,False,True,0.075
0.075,0.075,0.075,0.82,2,4.438931625000000e-01,-4.438931625000000e-01,5.728623750000006e-01,2.135688125000000e-01,1.437909470750447e+00,1.449430840578319e+00,2.303243500000003e-01,,False,True,False,True,0.075
0.075,0.075,0.075,0.84,1,4.547198250000000e-01,-4.547198250000000e-01,5.877922500000001e-01,2.061038749999999e-01,1.474334715402717e+00,1.486297209050859e+00,2.486159500000001e-01,,False,True,False,True,0.075
0.075,0.075,0.075,0.84,2,4.547198249999999e-01,-4.547198249999999e-01,5.867234999999997e-01,2.066382500000001e-01,1.472823274657930e+00,1.484607132813635e+00,2.480815749999998e-01,,False,True,False,True,0.075
0.075,0.075,0.075,0.86,1,4.655464875000001e-01,-4.655464875000001e-01,6.016533749999999e-01,1.991733125000001e-01,1.509248519310202e+00,1.521473385468807e+00,2.663731750000001e-01,,False,True,False,True,0.075
0.075,0.075,0.075,0.86,2,4.655464875000002e-01,-4.655464875000002e-01,6.005846250000001e-01,1.997076874999999e-01,1.507737078565416e+00,1.519783436954066e+00,2.658388000000002e-01,,False,True,False,True,0.075
0.075,0.075,0.075,0.88,1,4.763731500000002e-01,-4.763731500000002e-01,6.155145000000000e-01,1.922427499999999e-01,1.544162323217687e+00,1.556649578744263e+00,2.841304000000002e-01,,False,True,False,True,0.075
0.075,0.075,0.075,0.88,2,4.763731499999999e-01,-4.763731499999999e-01,6.144457499999999e-01,1.927771250000000e-01,1.542650882472901e+00,1.554959752191657e+00,2.835960249999999e-01,,False,True,False,True,0.075
0.075,0.075,0.075,0.9,1,4.871998125000002e-01,-4.871998125000002e-01,6.293756249999998e-01,1.853121875000000e-01,1.579076127125172e+00,1.591825787759673e+00,3.018876250000001e-01,,False,True,False,True,0.075
0.075,0.075,0.075,0.9,2,4.871998124999999e-01,-4.871998124999999e-01,6.283068749999998e-01,1.858465624999999e-01,1.577564686380386e+00,1.590136077789949e+00,3.013532499999999e-01,,False,True,False,True,0.075
0.075,0.075,0.075,0.92,1,4.980264750000001e-01,-4.980264750000001e-01,6.432367500000000e-01,1.783816249999999e-01,1.613989931032657e+00,1.627002011494132e+00,3.196448500000001e-01,,False,True,False,True,0.075
0.075,0.075,0.075,0.92,2,4.980264750000000e-01,-4.980264750000000e-01,6.421680000000001e-01,1.789160000000000e-01,1.612478490287871e+00,1.625312413076238e+00,3.191104750000001e-01,,False,True,False,True,0.075
0.075,0.075,0.075,0.94,1,5.088531375000001e-01,-5.088531375000001e-01,6.570978750000001e-01,1.714510625000000e-01,1.648903734940142e+00,1.662178249013155e+00,3.374020750000001e-01,,False,True,False,True,0.075
0.075,0.075,0.075,0.94,2,5.088531375000001e-01,-5.088531375000001e-01,6.560291249999999e-01,1.719854374999999e-01,1.647392294195355e+00,1.660488757434821e+00,3.368677000000000e-01,,False,True,False,True,0.075
0.075,0.075,0.075,0.96,1,5.196798000000001e-01,-5.196798000000001e-01,6.709590000000001e-01,1.645205000000000e-01,1.683817538847628e+00,1.697354499459721e+00,3.551593000000002e-01,,False,True,False,True,0.075
0.075,0.075,0.075,0.96,2,5.196798000000000e-01,-5.196798000000000e-01,6.698902500000002e-01,1.650548750000000e-01,1.682306098102841e+00,1.695665110301091e+00,3.546249250000001e-01,,False,True,False,True,0.075
0.075,0.075,0.075,0.98,1,5.305064625000000e-01,-5.305064625000000e-01,6.848201250000001e-01,1.575899375000000e-01,1.718731342755112e+00,1.732530762046411e+00,3.729165250000001e-01,,False,True,False,True,0.075
0.075,0.075,0.075,0.98,2,5.305064625000000e-01,-5.305064625000000e-01,6.837513749999999e-01,1.581243125000001e-01,1.717219902010326e+00,1.730841471156333e+00,3.723821500000000e-01,,False,True,False,True,0.075
0.075,0.075,0.075,1.0,1,5.413331250000001e-01,-5.413331250000001e-01,6.986812499999999e-01,1.506593750000000e-01,1.753645146662597e+00,1.767707036048483e+00,3.906737500000000e-01,,False,True,False,True,0.075
0.075,0.075,0.075,1.0,2,5.413331250000000e-01,-5.413331250000000e-01,6.976125000000000e-01,1.511937500000000e-01,1.752133705917810e+00,1.766017839523164e+00,3.901393750000000e-01,,False,True,False,True,0.075
0.08,0.08,0.08,0.5,1,2.590260736000000e-01,-2.590260736000000e-01,3.441324088888891e-01,3.279337955555556e-01,8.529949061961619e-01,8.614444187579421e-01,0.000000000000000e+00,,False,False,False,True,0.08
0.08,0.08,0.08,0.5,2,2.590260736000000e-01,-2.590260736000000e-01,3.428398933333332e-01,3.285800533333334e-01,8.511670131679165e-01,8.593804728185156e-01,0.000000000000000e+00,,False,False,False,True,0.08
0.08,0.08,0.08,0.52,1,2.693871165440001e-01,-2.693871165440001e-01,3.576417052444443e-01,3.211791473777779e-01,8.867526637720404e-01,8.954931778412265e-01,0.000000000000000e+00,,False,False,False,True,0.08
0.08,0.08,0.08,0.52,2,2.693871165440000e-01,-2.693871165440000e-01,3.563491896888887e-01,3.218254051555556e-01,8.849247707437953e-01,8.934297141953993e-01,0.000000000000000e+00,,False,False,False,True,0.08
0.08,0.08,0.08,0.54,1,2.797481594880000e-01,-2.797481594880000e-01,3.711510016000000e-01,3.144244991999999e-01,9.205104213479195e-01,9.295420350379142e-01,0.000000000000000e+00,,False,False,False,True,0.08
0.08,0.08,0.08,0.54,2,2.797481594880000e-01,-2.797481594880000e-01,3.698584860444448e-01,3.150707569777778e-01,9.186825283196751e-01,9.274790184926281e-01,0.000000000000000e+00,,False,False,False,True,0.08
0.08,0.08,0.08,0.56,1,2.901092024320000e-01,-2.901092024320000e-01,3.846602979555557e-01,3.076698510222222e-01,9.542681789237986e-01,9.635909799473800e-01,0.000000000000000e+00,,False,False,False,True,0.08
0.08,0.08,0.08,0.56,2,2.901092024320001e-01,-2.901092024320001e-01,3.833677824000002e-01,3.083161087999999e-01,9.524402858955541e-01,9.615283790258614e-01,0.000000000000000e+00,,False,False,False,True,0.08
0.08,0.08,0.08,0.58,1,3.004702453760000e-01,-3.004702453760000e-01,3.981695943111114e-01,3.009152028444445e-01,9.880259364996777e-01,9.976400035888470e-01,0.000000000000000e+00,,False,False,False,True,0.08
0.08,0.08,0.08,0.58,2,3.004702453760001e-01,-3.004702453760001e-01,3.968770787555557e-01,3.015614606222223e-01,9.861980434714326e-01,9.955777900251838e-01,0.000000000000000e+00,,False,False,False,True,0.08
0.08,0.08,0.08,0.6,1,3.108312883200000e-01,-3.108312883200000e-01,4.116788906666664e-01,2.941605546666667e-01,1.021783694075556e+00,1.031689098167094e+00,1.667073365333316e-02,,False,True,False,True,0.08
0.08,0.08,0.08,0.6,2,3.108312883200000e-01,-3.108312883200000e-01,4.103863751111110e-01,2.948068124444445e-01,1.019955801047311e+00,1.029627246483908e+00,1.602447587555550e-02,,False,True,False,True,0.08
0.08,0.08,0.08,0.62,1,3.211923312639999e-01,-3.211923312639999e-01,4.251881870222221e-01,2.874059064888890e-01,1.055541451651435e+00,1.065738256883081e+00,3.378642477511096e-02,,False,True,False,True,0.08
0.08,0.08,0.08,0.62,2,3.211923312640000e-01,-3.211923312640000e-01,4.238956714666667e-01,2.880521642666667e-01,1.053713558623190e+00,1.063676744036419e+00,3.314016699733330e-02,,False,True,False,True,0.08
0.08,0.08,0.08,0.64,1,3.315533742080000e-01,-3.315533742080000e-01,4.386974833777776e-01,2.806512583111112e-01,1.089299209227314e+00,1.099787473779740e+00,5.090211589688887e-02,,False,True,False,True,0.08
0.08,0.08,0.08,0.64,2,3.315533742080002e-01,-3.315533742080002e-01,4.374049678222220e-01,2.812975160888889e-01,1.087471316199069e+00,1.097726278858749e+00,5.025585811911121e-02,,False,True,False,True,0.08
0.08,0.08,0.08,0.66,1,3.419144171520001e-01,-3.419144171520001e-01,4.522067797333335e-01,2.738966101333333e-01,1.123056966803194e+00,1.133836743615559e+00,6.801780701866689e-02,,False,True,False,True,0.08
0.08,0.08,0.08,0.66,2,3.419144171520000e-01,-3.419144171520000e-01,4.509142641777775e-01,2.745428679111112e-01,1.121229073774948e+00,1.131775847587107e+00,6.737154924088878e-02,,False,True,False,True,0.08
0.08,0.08,0.08,0.68,1,3.522754600960001e-01,-3.522754600960001e-01,4.657160760888889e-01,2.671419619555555e-01,1.156814724379072e+00,1.167886061760273e+00,8.513349814044452e-02,,False,True,False,True,0.08
0.08,0.08,0.08,0.68,2,3.522754600960000e-01,-3.522754600960000e-01,4.644235605333334e-01,2.677882197333333e-01,1.154986831350827e+00,1.165825447250672e+00,8.448724036266669e-02,,False,True,False,True,0.08
0.08,0.08,0.08,0.7,1,3.626365030400001e-01,-3.626365030400001e-01,4.792253724444443e-01,2.603873137777779e-01,1.190572481954951e+00,1.201935424108294e+00,1.022491892622222e-01,,False,True,False,True,0.08
0.08,0.08,0.08,0.7,2,3.626365030399999e-01,-3.626365030399999e-01,4.779328568888890e-01,2.610335715555557e-01,1.188744588926706e+00,1.199875075215841e+00,1.016029314844444e-01,,False,True,False,True,0.08
0.08,0.08,0.08,0.72,1,3.729975459840000e-01,-3.729975459840000e-01,4.927346688000004e-01,2.536326656000000e-01,1.224330239530831e+00,1.235984827006436e+00,1.193648803840002e-01,,False,True,False,True,0.08
0.08,0.08,0.08,0.72,2,3.729975459840000e-01,-3.729975459840000e-01,4.914421532444446e-01,2.542789233777779e-01,1.222502346502585e+00,1.233924729139703e+00,1.187186226062223e-01,,False,True,False,True,0.08
0.08,0.08,0.08,0.74,1,3.833585889280001e-01,-3.833585889280001e-01,5.062439651555559e-01,2.468780174222223e-01,1.258087997106709e+00,1.270034267193271e+00,1.364805715057780e-01,,False,True,False,True,0.08
0.08,0.08,0.08,0.74,2,3.833585889280001e-01,-3.833585889280001e-01,5.049514495999999e-01,2.475242752000001e-01,1.256260104078464e+00,1.267974406931005e+00,1.358343137280001e-01,,False,True,False,True,0.08
0.08,0.08,0.08,0.76,1,3.937196318720001e-01,-3.937196318720001e-01,5.197532615111111e-01,2.401233692444444e-01,1.291845754682588e+00,1.304083741747992e+00,1.535962626275557e-01,,False,True,False,True,0.08
0.08,0.08,0.08,0.76,2,3.937196318719999e-01,-3.937196318719999e-01,5.184607459555555e-01,2.407696270222222e-01,1.290017861654343e+00,1.302024106717252e+00,1.529500048497777e-01,,False,True,False,True,0.08
0.08,0.08,0.08,0.78,1,4.040806748160000e-01,-4.040806748160000e-01,5.332625578666668e-01,2.333687210666666e-01,1.325603512258467e+00,1.338133248047076e+00,1.707119537493334e-01,,False,True,False,True,0.08
0.08,0.08,0.08,0.78,2,4.040806748159999e-01,-4.040806748159999e-01,5.319700423111111e-01,2.340149788444445e-01,1.323775619230222e+00,1.336073826816826e+00,1.700656959715555e-01,,False,True,False,True,0.08
0.08,0.08,0.08,0.8,1,4.144417177599999e-01,-4.144417177599999e-01,5.467718542222222e-01,2.266140728888889e-01,1.359361269834346e+00,1.372182783727396e+00,1.878276448711110e-01,,False,True,False,True,0.08
0.08,0.08,0.08,0.8,2,4.144417177600001e-01,-4.144417177600001e-01,5.454793386666665e-01,2.272603306666666e-01,1.357533376806101e+00,1.370123565715273e+00,1.871813870933333e-01,,False,True,False,True,0.08
0.08,0.08,0.08,0.82,1,4.248027607040000e-01,-4.248027607040000e-01,5.602811505777776e-01,2.198594247111111e-01,1.393119027410225e+00,1.406232346654703e+00,2.049433359928888e-01,,False,True,False,True,0.08
0.08,0.08,0.08,0.82,2,4.248027607039999e-01,-4.248027607039999e-01,5.589886350222218e-01,2.205056824888890e-01,1.391291134381979e+00,1.404173322045034e+00,2.042970782151108e-01,,False,True,False,True,0.08
0.08,0.08,0.08,0.84,1,4.351638036480001e-01,-4.351638036480001e-01,5.737904469333330e-01,2.131047765333333e-01,1.426876784986103e+00,1.440281934896566e+00,2.220590271146666e-01,,False,True,False,True,0.08
0.08,0.08,0.08,0.84,2,4.351638036480001e-01,-4.351638036480001e-01,5.724979313777780e-01,2.137510343111111e-01,1.425048891957859e+00,1.438223094568058e+00,2.214127693368891e-01,,False,True,False,True,0.08
0.08,0.08,0.08,0.86,1,4.455248465919999e-01,-4.455248465919999e-01,5.872997432888886e-01,2.063501283555556e-01,1.460634542561982e+00,1.474331546699072e+00,2.391747182364442e-01,,False,True,False,True,0.08
0.08,0.08,0.08,0.86,2,4.455248465920000e-01,-4.455248465920000e-01,5.860072277333334e-01,2.069963861333334e-01,1.458806649533738e+00,1.472272882160820e+00,2.385284604586667e-01,,False,True,False,True,0.08
0.08,0.08,0.08,0.88,1,4.558858895360000e-01,-4.558858895360000e-01,6.008090396444448e-01,1.995954801777778e-01,1.494392300137862e+00,1.508381180466675e+00,2.562904093582224e-01,,False,True,False,True,0.08
0.08,0.08,0.08,0.88,2,4.558858895360001e-01,-4.558858895360001e-01,5.995165240888891e-01,2.002417379555555e-01,1.492564407109617e+00,1.506322683801387e+00,2.556441515804447e-01,,False,True,False,True,0.08
0.08,0.08,0.08,0.9,1,4.662469324800001e-01,-4.662469324800001e-01,6.143183360000002e-01,1.928408320000000e-01,1.528150057713741e+00,1.542430834744714e+00,2.734061004800002e-01,,False,True,False,True,0.08
0.08,0.08,0.08,0.9,2,4.662469324800000e-01,-4.662469324800000e-01,6.130258204444443e-01,1.934870897777777e-01,1.526322164685495e+00,1.540372498558181e+00,2.727598427022221e-01,,False,True,False,True,0.08
0.08,0.08,0.08,0.92,1,4.766079754240000e-01,-4.766079754240000e-01,6.278276323555558e-01,1.860861838222222e-01,1.561907815289620e+00,1.576480508204205e+00,2.905217916017779e-01,,False,True,False,True,0.08
0.08,0.08,0.08,0.92,2,4.766079754240000e-01,-4.766079754240000e-01,6.265351168000000e-01,1.867324416000000e-01,1.560079922261375e+00,1.574422325580216e+00,2.898755338240000e-01,,False,True,False,True,0.08
0.08,0.08,0.08,0.94,1,4.869690183679999e-01,-4.869690183679999e-01,6.413369287111110e-01,1.793315356444445e-01,1.595665572865498e+00,1.610530199628550e+00,3.076374827235554e-01,,False,True,False,True,0.08
0.08,0.08,0.08,0.94,2,4.869690183680000e-01,-4.869690183680000e-01,6.400444131555554e-01,1.799777934222223e-01,1.593837679837253e+00,1.608472164088559e+00,3.069912249457777e-01,,False,True,False,True,0.08
0.08,0.08,0.08,0.96,1,4.973300613120000e-01,-4.973300613120000e-01,6.548462250666665e-01,1.725768874666667e-01,1.629423330441377e+00,1.644579907901907e+00,3.247531738453333e-01,,False,True,False,True,0.08
0.08,0.08,0.08,0.96,2,4.973300613120000e-01,-4.973300613120000e-01,6.535537095111108e-01,1.732231452444444e-01,1.627595437413132e+00,1.642522013368869e+00,3.241069160675554e-01,,False,True,False,True,0.08
0.08,0.08,0.08,0.98,1,5.076911042560001e-01,-5.076911042560001e-01,6.683555214222220e-01,1.658222392888889e-01,1.663181088017256e+00,1.678629631998967e+00,3.418688649671111e-01,,False,True,False,True,0.08
0.08,0.08,0.08,0.98,2,5.076911042560001e-01,-5.076911042560001e-01,6.670630058666666e-01,1.664684970666667e-01,1.661353194989011e+00,1.676571872764838e+00,3.412226071893333e-01,,False,True,False,True,0.08
0.08,0.08,0.08,1.0,1,5.180521471999999e-01,-5.180521471999999e-01,6.818648177777776e-01,1.590675911111111e-01,1.696938845593135e+00,1.712679370975960e+00,3.589845560888887e-01,,False,True,False,True,0.08
0.08,0.08,0.08,1.0,2,5.180521471999999e-01,-5.180521471999999e-01,6.805723022222223e-01,1.597138488888888e-01,1.695110952564891e+00,1.710621741672409e+00,3.583382983111111e-01,,False,True,False,True,0.08
0.085,0.085,0.085,0.5,1,2.477810260333335e-01,-2.477810260333335e-01,3.363288450000002e-01,3.318355775000001e-01,8.260561015313399e-01,8.354939349658156e-01,0.000000000000000e+00,,False,False,False,True,0.085
0.085,0.085,0.085,0.5,2,2.477810260333335e-01,-2.477810260333335e-01,3.347839794444443e-01,3.326080102777782e-01,8.238713317106297e-01,8.330084027302236e-01,0.000000000000000e+00,,False,False,False,True,0.085
0.085,0.085,0.085,0.52,1,2.576922670746668e-01,-2.576922670746668e-01,3.494929987999998e-01,3.252535006000002e-01,8.586896378730668e-01,8.684484111800724e-01,0.000000000000000e+00,,False,False,False,True,0.085
0.085,0.085,0.085,0.52,2,2.576922670746667e-01,-2.576922670746667e-01,3.479481332444446e-01,3.260259333777779e-01,8.565048680523578e-01,8.659635279580201e-01,0.000000000000000e+00,,False,False,False,True,0.085
0.085,0.085,0.085,0.54,1,2.676035081160001e-01,-2.676035081160001e-01,3.626571526000000e-01,3.186714237000002e-01,8.913231742147952e-01,9.014030128370547e-01,0.000000000000000e+00,,False,False,False,True,0.085
0.085,0.085,0.085,0.54,2,2.676035081160002e-01,-2.676035081160002e-01,3.611122870444450e-01,3.194438564777780e-01,8.891384043940861e-01,8.989187313889055e-01,0.000000000000000e+00,,False,False,False,True,0.085
0.085,0.085,0.085,0.56,1,2.775147491573337e-01,-2.775147491573337e-01,3.758213064000003e-01,3.120893468000002e-01,9.239567105565236e-01,9.343577266637457e-01,0.000000000000000e+00,,False,False,False,True,0.085
0.085,0.085,0.085,0.56,2,2.775147491573336e-01,-2.775147491573336e-01,3.742764408444450e-01,3.128617795777779e-01,9.217719407358140e-01,9.318740047260533e-01,0.000000000000000e+00,,False,False,False,True,0.085
0.085,0.085,0.085,0.58,1,2.874259901986668e-01,-2.874259901986668e-01,3.889854602000004e-01,3.055072699000004e-01,9.565902468982511e-01,9.673125411958438e-01,0.000000000000000e+00,,False,False,False,True,0.085
0.085,0.085,0.085,0.58,2,2.874259901986668e-01,-2.874259901986668e-01,3.874405946444446e-01,3.062797026777780e-01,9.544054770775412e-01,9.648293408061862e-01,0.000000000000000e+00,,False,False,False,True,0.085
0.085,0.085,0.085,0.6,1,2.973372312400001e-01,-2.973372312400001e-01,4.021496140000002e-01,2.989251930000002e-01,9.892237832399784e-01,1.000267446479827e+00,0.000000000000000e+00,,False,False,False,True,0.085
0.085,0.085,0.085,0.6,2,2.973372312400001e-01,-2.973372312400001e-01,4.006047484444447e-01,2.996976257777780e-01,9.870390134192690e-01,9.977847334123852e-01,0.000000000000000e+00,,False,False,False,True,0.085
0.085,0.085,0.085,0.62,1,3.072484722813336e-01,-3.072484722813336e-01,4.153137677999998e-01,2.923431161000002e-01,1.021857319581706e+00,1.033222433832029e+00,1.490535618133354e-02,,False,True,False,True,0.085
0.085,0.085,0.085,0.62,2,3.072484722813336e-01,-3.072484722813336e-01,4.137689022444448e-01,2.931155488777780e-01,1.019672549760997e+00,1.030740177122802e+00,1.413292340355599e-02,,False,True,False,True,0.085
0.085,0.085,0.085,0.64,1,3.171597133226668e-01,-3.171597133226668e-01,4.284779216000004e-01,2.857610392000002e-01,1.054490855923434e+00,1.066177495642395e+00,3.139867412266695e-02,,False,True,False,True,0.085
0.085,0.085,0.085,0.64,2,3.171597133226669e-01,-3.171597133226669e-01,4.269330560444442e-01,2.865334719777781e-01,1.052306086102724e+00,1.063695667187499e+00,3.062624134488900e-02,,False,True,False,True,0.085
0.085,0.085,0.085,0.66,1,3.270709543640001e-01,-3.270709543640001e-01,4.416420754000003e-01,2.791789623000002e-01,1.087124392265162e+00,1.099132625213532e+00,4.789199206400030e-02,,False,True,False,True,0.085
0.085,0.085,0.085,0.66,2,3.270709543640002e-01,-3.270709543640002e-01,4.400972098444444e-01,2.799513950777779e-01,1.084939622444452e+00,1.096651199427499e+00,4.711955928622247e-02,,False,True,False,True,0.085
0.085,0.085,0.085,0.68,1,3.369821954053336e-01,-3.369821954053336e-01,4.548062292000008e-01,2.725968854000001e-01,1.119757928606891e+00,1.132087816627883e+00,6.438531000533398e-02,,False,True,False,True,0.085
0.085,0.085,0.085,0.68,2,3.369821954053336e-01,-3.369821954053336e-01,4.532613636444446e-01,2.733693181777779e-01,1.117573158786180e+00,1.129606770151489e+00,6.361287722755588e-02,,False,True,False,True,0.085
0.085,0.085,0.085,0.7,1,3.468934364466669e-01,-3.468934364466669e-01,4.679703829999999e-01,2.660148085000002e-01,1.152391464948617e+00,1.165043064637431e+00,8.087862794666684e-02,,False,True,False,True,0.085
0.085,0.085,0.085,0.7,2,3.468934364466669e-01,-3.468934364466669e-01,4.664255174444445e-01,2.667872412777780e-01,1.150206695127908e+00,1.162562376086712e+00,8.010619516888912e-02,,False,True,False,True,0.085
0.085,0.085,0.085,0.72,1,3.568046774880002e-01,-3.568046774880002e-01,4.811345367999998e-01,2.594327316000002e-01,1.185025001290345e+00,1.197998364571615e+00,9.737194588800013e-02,,False,True,False,True,0.085
0.085,0.085,0.085,0.72,2,3.568046774880002e-01,-3.568046774880002e-01,4.795896712444448e-01,2.602051643777779e-01,1.182840231469636e+00,1.195518014321274e+00,9.659951311022258e-02,,False,True,False,True,0.085
0.085,0.085,0.085,0.74,1,3.667159185293336e-01,-3.667159185293336e-01,4.942986906000004e-01,2.528506547000002e-01,1.217658537632073e+00,1.230953712260031e+00,1.138652638293338e-01,,False,True,False,True,0.085
0.085,0.085,0.085,0.74,2,3.667159185293336e-01,-3.667159185293336e-01,4.927538250444448e-01,2.536230874777780e-01,1.215473767811364e+00,1.228473682255740e+00,1.130928310515560e-01,,False,True,False,True,0.085
0.085,0.085,0.085,0.76,1,3.766271595706669e-01,-3.766271595706669e-01,5.074628444000002e-01,2.462685778000002e-01,1.250292073973801e+00,1.263909103967223e+00,1.303585817706671e-01,,False,True,False,True,0.085
0.085,0.085,0.085,0.76,2,3.766271595706669e-01,-3.766271595706669e-01,5.059179788444448e-01,2.470410105777779e-01,1.248107304153091e+00,1.261429377562322e+00,1.295861489928893e-01,,False,True,False,True,0.085
0.085,0.085,0.085,0.78,1,3.865384006120002e-01,-3.865384006120002e-01,5.206269982000001e-01,2.396865009000002e-01,1.282925610315528e+00,1.296864536337433e+00,1.468518997120002e-01,,False,True,False,True,0.085
0.085,0.085,0.085,0.78,2,3.865384006120001e-01,-3.865384006120001e-01,5.190821326444446e-01,2.404589336777779e-01,1.280740840494819e+00,1.294385098150296e+00,1.460794669342224e-01,,False,True,False,True,0.085
0.085,0.085,0.085,0.8,1,3.964496416533336e-01,-3.964496416533336e-01,5.337911520000000e-01,2.331044240000001e-01,1.315559146657256e+00,1.329820006347541e+00,1.633452176533336e-01,,False,True,False,True,0.085
0.085,0.085,0.085,0.8,2,3.964496416533336e-01,-3.964496416533336e-01,5.322462864444450e-01,2.338768567777779e-01,1.313374376836547e+00,1.327340842136576e+00,1.625727848755561e-01,,False,True,False,True,0.085
0.085,0.085,0.085,0.82,1,4.063608826946670e-01,-4.063608826946670e-01,5.469553058000004e-01,2.265223471000001e-01,1.348192682998984e+00,1.362775511266857e+00,1.798385355946672e-01,,False,True,False,True,0.085
0.085,0.085,0.085,0.82,2,4.063608826946667e-01,-4.063608826946667e-01,5.454104402444450e-01,2.272947798777780e-01,1.346007913178275e+00,1.360296607820556e+00,1.790661028168892e-01,,False,True,False,True,0.085
0.085,0.085,0.085,0.84,1,4.162721237360000e-01,-4.162721237360000e-01,5.601194596000005e-01,2.199402702000001e-01,1.380826219340712e+00,1.395731048622587e+00,1.963318535360002e-01,,False,True,False,True,0.085
0.085,0.085,0.085,0.84,2,4.162721237360001e-01,-4.162721237360001e-01,5.585745940444447e-01,2.207127029777779e-01,1.378641449520002e+00,1.393252393662535e+00,1.955594207582225e-01,,False,True,False,True,0.085
0.085,0.085,0.085,0.86,1,4.261833647773335e-01,-4.261833647773335e-01,5.732836134000003e-01,2.133581933000001e-01,1.413459755682439e+00,1.428686616170097e+00,2.128251714773337e-01,,False,True,False,True,0.085
0.085,0.085,0.085,0.86,2,4.261833647773337e-01,-4.261833647773337e-01,5.717387478444445e-01,2.141306260777779e-01,1.411274985861730e+00,1.426208198265124e+00,2.120527386995559e-01,,False,True,False,True,0.085
0.085,0.085,0.085,0.88,1,4.360946058186668e-01,-4.360946058186668e-01,5.864477672000001e-01,2.067761164000000e-01,1.446093292024167e+00,1.461642211867191e+00,2.293184894186669e-01,,False,True,False,True,0.085
0.085,0.085,0.085,0.88,2,4.360946058186669e-01,-4.360946058186669e-01,5.849029016444443e-01,2.075485491777780e-01,1.443908522203457e+00,1.459164020357175e+00,2.285460566408890e-01,,False,True,False,True,0.085
0.085,0.085,0.085,0.9,1,4.460058468600003e-01,-4.460058468600003e-01,5.996119209999998e-01,2.001940395000001e-01,1.478726828365895e+00,1.494597833851790e+00,2.458118073600002e-01,,False,True,False,True,0.085
0.085,0.085,0.085,0.9,2,4.460058468600004e-01,-4.460058468600004e-01,5.980670554444446e-01,2.009664722777778e-01,1.476542058545185e+00,1.492119858779843e+00,2.450393745822227e-01,,False,True,False,True,0.085
0.085,0.085,0.085,0.92,1,4.559170879013338e-01,-4.559170879013338e-01,6.127760748000004e-01,1.936119626000002e-01,1.511360364707623e+00,1.527553480422506e+00,2.623051253013340e-01,,False,True,False,True,0.085
0.085,0.085,0.085,0.92,2,4.559170879013336e-01,-4.559170879013336e-01,6.112312092444450e-01,1.943843953777779e-01,1.509175594886913e+00,1.525075712474445e+00,2.615326925235561e-01,,False,True,False,True,0.085
0.085,0.085,0.085,0.94,1,4.658283289426668e-01,-4.658283289426668e-01,6.259402286000004e-01,1.870298857000002e-01,1.543993901049351e+00,1.560509150021669e+00,2.787984432426670e-01,,False,True,False,True,0.085
0.085,0.085,0.085,0.94,2,4.658283289426669e-01,-4.658283289426669e-01,6.243953630444448e-01,1.878023184777779e-01,1.541809131228641e+00,1.558031580471874e+00,2.780260104648893e-01,,False,True,False,True,0.085
0.085,0.085,0.085,0.96,1,4.757395699840004e-01,-4.757395699840004e-01,6.391043824000000e-01,1.804478088000001e-01,1.576627437391078e+00,1.593464841220473e+00,2.952917611840004e-01,,False,True,False,True,0.085
0.085,0.085,0.085,0.96,2,4.757395699840004e-01,-4.757395699840004e-01,6.375595168444448e-01,1.812202415777779e-01,1.574442667570369e+00,1.590987461883322e+00,2.945193284062228e-01,,False,True,False,True,0.085
0.085,0.085,0.085,0.98,1,4.856508110253336e-01,-4.856508110253336e-01,6.522685362000005e-01,1.738657319000001e-01,1.609260973732807e+00,1.626420552705918e+00,3.117850791253339e-01,,False,True,False,True,0.085
0.085,0.085,0.085,0.98,2,4.856508110253336e-01,-4.856508110253336e-01,6.507236706444448e-01,1.746381646777779e-01,1.607076203912097e+00,1.623943355892125e+00,3.110126463475560e-01,,False,True,False,True,0.085
0.085,0.085,0.085,1.0,1,4.955620520666670e-01,-4.955620520666670e-01,6.654326900000006e-01,1.672836550000001e-01,1.641894510074534e+00,1.659376283269305e+00,3.282783970666673e-01,,False,True,False,True,0.085
0.085,0.085,0.085,1.0,2,4.955620520666670e-01,-4.955620520666670e-01,6.638878244444448e-01,1.680560877777779e-01,1.639709740253824e+00,1.656899261746596e+00,3.275059642888894e-01,,False,True,False,True,0.085
0.09,0.09,0.09,0.5,1,2.369214848000000e-01,-2.369214848000000e-01,3.287403200000001e-01,3.356298399999999e-01,7.999665960646023e-01,8.104368894702143e-01,0.000000000000000e+00,,False,False,False,True,0.09
0.09,0.09,0.09,0.5,2,2.369214848000001e-01,-2.369214848000001e-01,3.269129599999996e-01,3.365435200000001e-01,7.973823187692637e-01,8.074747633847091e-01,0.000000000000000e+00,,False,False,False,True,0.09
0.09,0.09,0.09,0.52,1,2.463983441920001e-01,-2.463983441920001e-01,3.415659327999999e-01,3.292170336000000e-01,8.315070547129774e-01,8.423287492899512e-01,0.000000000000000e+00,,False,False,False,True,0.09
0.09,0.09,0.09,0.52,2,2.463983441920000e-01,-2.463983441920000e-01,3.397385728000002e-01,3.301307136000001e-01,8.289227774176398e-01,8.393674805917616e-01,0.000000000000000e+00,,False,False,False,True,0.09
0.09,0.09,0.09,0.54,1,2.558752035840001e-01,-2.558752035840001e-01,3.543915456000003e-01,3.228042272000001e-01,8.630475133613532e-01,8.742207670878348e-01,0.000000000000000e+00,,False,False,False,True,0.09
0.09,0.09,0.09,0.54,2,2.558752035840000e-01,-2.558752035840000e-01,3.525641855999999e-01,3.237179072000001e-01,8.604632360660143e-01,8.712602935448042e-01,0.000000000000000e+00,,False,False,False,True,0.09
0.09,0.09,0.09,0.56,1,2.653520629760000e-01,-2.653520629760000e-01,3.672171584000001e-01,3.163914207999998e-01,8.945879720097282e-01,9.061129261830224e-01,0.000000000000000e+00,,False,False,False,True,0.09
0.09,0.09,0.09,0.56,2,2.653520629760000e-01,-2.653520629760000e-01,3.653897983999997e-01,3.173051008000001e-01,8.920036947143893e-01,9.031531921006789e-01,0.000000000000000e+00,,False,False,False,True,0.09
0.09,0.09,0.09,0.58,1,2.748289223679999e-01,-2.748289223679999e-01,3.800427711999999e-01,3.099786144000000e-01,9.261284306581028e-01,9.380052121631981e-01,0.000000000000000e+00,,False,False,False,True,0.09
0.09,0.09,0.09,0.58,2,2.748289223680000e-01,-2.748289223680000e-01,3.782154112000002e-01,3.108922944000001e-01,9.235441533627653e-01,9.350461675000683e-01,0.000000000000000e+00,,False,False,False,True,0.09
0.09,0.09,0.09,0.6,1,2.843057817600000e-01,-2.843057817600000e-01,3.928683840000002e-01,3.035658080000001e-01,9.576688893064785e-01,9.698976125116225e-01,0.000000000000000e+00,,False,False,False,True,0.09
0.09,0.09,0.09,0.6,2,2.843057817600000e-01,-2.843057817600000e-01,3.910410240000000e-01,3.044794880000000e-01,9.550846120111403e-01,9.669392121392809e-01,0.000000000000000e+00,,False,False,False,True,0.09
0.09,0.09,0.09,0.62,1,2.937826411520000e-01,-2.937826411520000e-01,4.056939968000004e-01,2.971530015999999e-01,9.892093479548540e-01,1.001790116305414e+00,0.000000000000000e+00,,False,False,False,True,0.09
0.09,0.09,0.09,0.62,2,2.937826411520000e-01,-2.937826411520000e-01,4.038666367999995e-01,2.980666816000000e-01,9.866250706595148e-01,9.988323193857666e-01,0.000000000000000e+00,,False,False,False,True,0.09
0.09,0.09,0.09,0.64,1,3.032595005439999e-01,-3.032595005439999e-01,4.185196096000001e-01,2.907401952000000e-01,1.020749806603229e+00,1.033682713969684e+00,1.251930534399998e-02,,False,True,False,True,0.09
0.09,0.09,0.09,0.64,2,3.032595005440000e-01,-3.032595005440000e-01,4.166922496000002e-01,2.916538752000001e-01,1.018165529307891e+00,1.030725483427872e+00,1.160562534400006e-02,,False,True,False,True,0.09
0.09,0.09,0.09,0.66,1,3.127363599360000e-01,-3.127363599360000e-01,4.313452224000002e-01,2.843273887999999e-01,1.052290265251604e+00,1.065575397075824e+00,2.840897113600011e-02,,False,True,False,True,0.09
0.09,0.09,0.09,0.66,2,3.127363599360000e-01,-3.127363599360000e-01,4.295178624000001e-01,2.852410687999998e-01,1.049705987956266e+00,1.062618699151647e+00,2.749529113599997e-02,,False,True,False,True,0.09
0.09,0.09,0.09,0.68,1,3.222132193280000e-01,-3.222132193280000e-01,4.441708351999999e-01,2.779145824000001e-01,1.083830723899979e+00,1.097468158174950e+00,4.429863692799996e-02,,False,True,False,True,0.09
0.09,0.09,0.09,0.68,2,3.222132193280001e-01,-3.222132193280001e-01,4.423434751999999e-01,2.788282624000000e-01,1.081246446604641e+00,1.094511962039204e+00,4.338495692800010e-02,,False,True,False,True,0.09
0.09,0.09,0.09,0.7,1,3.316900787200000e-01,-3.316900787200000e-01,4.569964479999998e-01,2.715017760000000e-01,1.115371182548354e+00,1.129360990659579e+00,6.018830271999992e-02,,False,True,False,True,0.09
0.09,0.09,0.09,0.7,2,3.316900787199999e-01,-3.316900787199999e-01,4.551690880000002e-01,2.724154560000001e-01,1.112786905253016e+00,1.126405268084328e+00,5.927462272000006e-02,,False,True,False,True,0.09
0.09,0.09,0.09,0.72,1,3.411669381119999e-01,-3.411669381119999e-01,4.698220608000000e-01,2.650889695999999e-01,1.146911641196730e+00,1.161253888648087e+00,7.607796851199994e-02,,False,True,False,True,0.09
0.09,0.09,0.09,0.72,2,3.411669381119999e-01,-3.411669381119999e-01,4.679947008000001e-01,2.660026495999999e-01,1.144327363901392e+00,1.158298613722038e+00,7.516428851199997e-02,,False,True,False,True,0.09
0.09,0.09,0.09,0.74,1,3.506437975039999e-01,-3.506437975039999e-01,4.826476735999999e-01,2.586761632000001e-01,1.178452099845105e+00,1.193146846887705e+00,9.196763430399990e-02,,False,True,False,True,0.09
0.09,0.09,0.09,0.74,2,3.506437975040000e-01,-3.506437975040000e-01,4.808203135999999e-01,2.595898432000001e-01,1.175867822549767e+00,1.190191995769470e+00,9.105395430399998e-02,,False,True,False,True,0.09
0.09,0.09,0.09,0.76,1,3.601206568960000e-01,-3.601206568960000e-01,4.954732864000000e-01,2.522633567999999e-01,1.209992558493480e+00,1.225039860672661e+00,1.078573000960000e-01,,False,True,False,True,0.09
0.09,0.09,0.09,0.76,2,3.601206568960000e-01,-3.601206568960000e-01,4.936459264000003e-01,2.531770367999999e-01,1.207408281198142e+00,1.222085411376015e+00,1.069436200960002e-01,,False,True,False,True,0.09
0.09,0.09,0.09,0.78,1,3.695975162879999e-01,-3.695975162879999e-01,5.082988992000002e-01,2.458505503999999e-01,1.241533017141855e+00,1.256932925774785e+00,1.237469658880000e-01,,False,True,False,True,0.09
0.09,0.09,0.09,0.78,2,3.695975162880000e-01,-3.695975162880000e-01,5.064715392000000e-01,2.467642304000000e-01,1.238948739846517e+00,1.253978857981068e+00,1.228332858880000e-01,,False,True,False,True,0.09
0.09,0.09,0.09,0.8,1,3.790743756800001e-01,-3.790743756800001e-01,5.211245119999999e-01,2.394377440000001e-01,1.273073475790230e+00,1.288826038384420e+00,1.396366316800000e-01,,False,True,False,True,0.09
0.09,0.09,0.09,0.8,2,3.790743756800000e-01,-3.790743756800000e-01,5.192971519999999e-01,2.403514240000000e-01,1.270489198494892e+00,1.285872333278063e+00,1.387229516799999e-01,,False,True,False,True,0.09
0.09,0.09,0.09,0.82,1,3.885512350719998e-01,-3.885512350719998e-01,5.339501247999999e-01,2.330249375999999e-01,1.304613934438605e+00,1.320719195059892e+00,1.555262974719998e-01,,False,True,False,True,0.09
0.09,0.09,0.09,0.82,2,3.885512350719998e-01,-3.885512350719998e-01,5.321227647999999e-01,2.339386176000001e-01,1.302029657143267e+00,1.317765835183736e+00,1.546126174719998e-01,,False,True,False,True,0.09
0.09,0.09,0.09,0.84,1,3.980280944640000e-01,-3.980280944640000e-01,5.467757376000000e-01,2.266121311999999e-01,1.336154393086981e+00,1.352612392684123e+00,1.714159632640000e-01,,False,True,False,True,0.09
0.09,0.09,0.09,0.84,2,3.980280944639999e-01,-3.980280944639999e-01,5.449483775999997e-01,2.275258112000000e-01,1.333570115791642e+00,1.349659361811735e+00,1.705022832639998e-01,,False,True,False,True,0.09
0.09,0.09,0.09,0.86,1,4.075049538559999e-01,-4.075049538559999e-01,5.596013503999998e-01,2.201993248000000e-01,1.367694851735356e+00,1.384505628427251e+00,1.873056290559998e-01,,False,True,False,True,0.09
0.09,0.09,0.09,0.86,2,4.075049538559999e-01,-4.075049538559999e-01,5.577739903999999e-01,2.211130047999998e-01,1.365110574440018e+00,1.381552911449894e+00,1.863919490559999e-01,,False,True,False,True,0.09
0.09,0.09,0.09,0.88,1,4.169818132480000e-01,-4.169818132480000e-01,5.724269632000000e-01,2.137865184000000e-01,1.399235310383731e+00,1.416398899714292e+00,2.031952948480000e-01,,False,True,False,True,0.09
0.09,0.09,0.09,0.88,2,4.169818132479999e-01,-4.169818132479999e-01,5.705996032000000e-01,2.147001984000001e-01,1.396651033088393e+00,1.413446482540584e+00,2.022816148479999e-01,,False,True,False,True,0.09
0.09,0.09,0.09,0.9,1,4.264586726400000e-01,-4.264586726400000e-01,5.852525759999999e-01,2.073737119999999e-01,1.430775769032106e+00,1.448292204197076e+00,2.190849606399999e-01,,False,True,False,True,0.09
0.09,0.09,0.09,0.9,2,4.264586726400000e-01,-4.264586726400000e-01,5.834252159999997e-01,2.082873919999999e-01,1.428191491736768e+00,1.445340073663658e+00,2.181712806399999e-01,,False,True,False,True,0.09
0.09,0.09,0.09,0.92,1,4.359355320319999e-01,-4.359355320319999e-01,5.980781888000002e-01,2.009609056000000e-01,1.462316227680482e+00,1.480185539729816e+00,2.349746264320000e-01,,False,True,False,True,0.09
0.09,0.09,0.09,0.92,2,4.359355320319999e-01,-4.359355320319999e-01,5.962508288000000e-01,2.018745855999999e-01,1.459731950385143e+00,1.477233683521615e+00,2.340609464319999e-01,,False,True,False,True,0.09
0.09,0.09,0.09,0.94,1,4.454123914240001e-01,-4.454123914240001e-01,6.109038015999999e-01,1.945480992000000e-01,1.493856686328857e+00,1.512078904347758e+00,2.508642922240000e-01,,False,True,False,True,0.09
0.09,0.09,0.09,0.94,2,4.454123914239999e-01,-4.454123914239999e-01,6.090764416000002e-01,1.954617792000001e-01,1.491272409033519e+00,1.509127310926636e+00,2.499506122239999e-01,,False,True,False,True,0.09
0.09,0.09,0.09,0.96,1,4.548892508159998e-01,-4.548892508159998e-01,6.237294144000001e-01,1.881352928000000e-01,1.525397144977232e+00,1.543972296248490e+00,2.667539580159999e-01,,False,True,False,True,0.09
0.09,0.09,0.09,0.96,2,4.548892508160001e-01,-4.548892508160001e-01,6.219020543999998e-01,1.890489728000000e-01,1.522812867681894e+00,1.541020954789236e+00,2.658402780160000e-01,,False,True,False,True,0.09
0.09,0.09,0.09,0.98,1,4.643661102080002e-01,-4.643661102080002e-01,6.365550272000000e-01,1.817224864000000e-01,1.556937603625608e+00,1.575865713775512e+00,2.826436238080002e-01,,False,True,False,True,0.09
0.09,0.09,0.09,0.98,2,4.643661102080000e-01,-4.643661102080000e-01,6.347276672000000e-01,1.826361663999999e-01,1.554353326330269e+00,1.572914614108296e+00,2.817299438080000e-01,,False,True,False,True,0.09
0.09,0.09,0.09,1.0,1,4.738429695999999e-01,-4.738429695999999e-01,6.493806400000000e-01,1.753096800000000e-01,1.588478062273982e+00,1.607759155403764e+00,2.985332895999999e-01,,False,True,False,True,0.09
0.09,0.09,0.09,1.0,2,4.738429696000002e-01,-4.738429696000002e-01,6.475532800000001e-01,1.762233600000001e-01,1.585893784978645e+00,1.604808287962279e+00,2.976196096000002e-01,,False,True,False,True,0.09
0.095,0.095,0.095,0.5,1,2.264376789000000e-01,-2.264376789000000e-01,3.213647338888892e-01,3.393176330555554e-01,7.747096016667517e-01,7.862552120351154e-01,0.000000000000000e+00,,False,False,False,True,0.095
0.095,0.095,0.095,0.5,2,2.264376788999999e-01,-2.264376788999999e-01,3.192232016666672e-01,3.403883991666666e-01,7.716810177538261e-01,7.827578805938324e-01,0.000000000000000e+00,,False,False,False,True,0.095
0.095,0.095,0.095,0.52,1,2.354951860559999e-01,-2.354951860559999e-01,3.338583232444444e-01,3.330708383777780e-01,8.051874546374044e-01,8.171153227180162e-01,0.000000000000000e+00,,False,False,False,True,0.095
0.095,0.095,0.095,0.52,2,2.354951860559999e-01,-2.354951860559999e-01,3.317167910222222e-01,3.341416044888890e-01,8.021588707244788e-01,8.136191052369178e-01,0.000000000000000e+00,,False,False,False,True,0.095
0.095,0.095,0.095,0.54,1,2.445526932120000e-01,-2.445526932120000e-01,3.463519125999999e-01,3.268240437000001e-01,8.356653076080579e-01,8.479756296472690e-01,0.000000000000000e+00,,False,False,False,True,0.095
0.095,0.095,0.095,0.54,2,2.445526932120000e-01,-2.445526932120000e-01,3.442103803777777e-01,3.278948098111112e-01,8.326367236951321e-01,8.444804455215218e-01,0.000000000000000e+00,,False,False,False,True,0.095
0.095,0.095,0.095,0.56,1,2.536102003680000e-01,-2.536102003680000e-01,3.588455019555557e-01,3.205772490222221e-01,8.661431605787113e-01,8.788361121493172e-01,0.000000000000000e+00,,False,False,False,True,0.095
0.095,0.095,0.095,0.56,2,2.536102003679999e-01,-2.536102003679999e-01,3.567039697333335e-01,3.216480151333333e-01,8.631145766657857e-01,8.753418892163586e-01,0.000000000000000e+00,,False,False,False,True,0.095
0.095,0.095,0.095,0.58,1,2.626677075240000e-01,-2.626677075240000e-01,3.713390913111109e-01,3.143304543444445e-01,8.966210135493644e-01,9.096967523558060e-01,0.000000000000000e+00,,False,False,False,True,0.095
0.095,0.095,0.095,0.58,2,2.626677075240000e-01,-2.626677075240000e-01,3.691975590888886e-01,3.154012204555558e-01,8.935924296364386e-01,9.062034257562859e-01,0.000000000000000e+00,,False,False,False,True,0.095
0.095,0.095,0.095,0.6,1,2.717252146800000e-01,-2.717252146800000e-01,3.838326806666670e-01,3.080836596666666e-01,9.270988665200186e-01,9.405575347434131e-01,0.000000000000000e+00,,False,False,False,True,0.095
0.095,0.095,0.095,0.6,2,2.717252146800000e-01,-2.717252146800000e-01,3.816911484444441e-01,3.091544257777777e-01,9.240702826070920e-01,9.370650459679537e-01,0.000000000000000e+00,,False,False,False,True,0.095
0.095,0.095,0.095,0.62,1,2.807827218360000e-01,-2.807827218360000e-01,3.963262700222219e-01,3.018368649888890e-01,9.575767194906708e-01,9.714184457613716e-01,0.000000000000000e+00,,False,False,False,True,0.095
0.095,0.095,0.095,0.62,2,2.807827218359999e-01,-2.807827218359999e-01,3.941847378000001e-01,3.029076311000000e-01,9.545481355777458e-01,9.679267418479300e-01,0.000000000000000e+00,,False,False,False,True,0.095
0.095,0.095,0.095,0.64,1,2.898402289920001e-01,-2.898402289920001e-01,4.088198593777779e-01,2.955900703111110e-01,9.880545724613250e-01,1.002279473527820e+00,0.000000000000000e+00,,False,False,False,True,0.095
0.095,0.095,0.095,0.64,2,2.898402289920000e-01,-2.898402289920000e-01,4.066783271555556e-01,2.966608364222221e-01,9.850259885483992e-01,9.987885063819589e-01,0.000000000000000e+00,,False,False,False,True,0.095
0.095,0.095,0.095,0.66,1,2.988977361480000e-01,-2.988977361480000e-01,4.213134487333332e-01,2.893432756333334e-01,1.018532425431978e+00,1.033140607580545e+00,9.554460514666629e-03,,False,True,False,True,0.095
0.095,0.095,0.095,0.66,2,2.988977361480000e-01,-2.988977361480000e-01,4.191719165111116e-01,2.904140417444444e-01,1.015503841519053e+00,1.029650333396727e+00,8.483694403555841e-03,,False,True,False,True,0.095
0.095,0.095,0.095,0.68,1,3.079552433040000e-01,-3.079552433040000e-01,4.338070380888885e-01,2.830964809555555e-01,1.049010278402631e+00,1.064001838671119e+00,2.485876234844431e-02,,False,True,False,True,0.095
0.095,0.095,0.095,0.68,2,3.079552433040000e-01,-3.079552433040000e-01,4.316655058666666e-01,2.841672470666666e-01,1.045981694489706e+00,1.060512217437500e+00,2.378799623733335e-02,,False,True,False,True,0.095
0.095,0.095,0.095,0.7,1,3.170127504600000e-01,-3.170127504600000e-01,4.463006274444445e-01,2.768496862777778e-01,1.079488131373285e+00,1.094863158593838e+00,4.016306418222232e-02,,False,True,False,True,0.095
0.095,0.095,0.095,0.7,2,3.170127504600000e-01,-3.170127504600000e-01,4.441590952222220e-01,2.779204523888889e-01,1.076459547460359e+00,1.091374153666536e+00,3.909229807111098e-02,,False,True,False,True,0.095
0.095,0.095,0.095,0.72,1,3.260702576159998e-01,-3.260702576159998e-01,4.587942168000000e-01,2.706028916000002e-01,1.109965984343938e+00,1.125724560042802e+00,5.546736601599983e-02,,False,True,False,True,0.095
0.095,0.095,0.095,0.72,2,3.260702576159999e-01,-3.260702576159999e-01,4.566526845777779e-01,2.716736577111112e-01,1.106937400431013e+00,1.122236137778241e+00,5.439659990488882e-02,,False,True,False,True,0.095
0.095,0.095,0.095,0.74,1,3.351277647720000e-01,-3.351277647720000e-01,4.712878061555553e-01,2.643560969222223e-01,1.140443837314591e+00,1.156586036491870e+00,7.077166784977762e-02,,False,True,False,True,0.095
0.095,0.095,0.095,0.74,2,3.351277647720000e-01,-3.351277647720000e-01,4.691462739333332e-01,2.654268630333334e-01,1.137415253401666e+00,1.153098165927961e+00,6.970090173866661e-02,,False,True,False,True,0.095
0.095,0.095,0.095,0.76,1,3.441852719280000e-01,-3.441852719280000e-01,4.837813955111105e-01,2.581093022444444e-01,1.170921690285244e+00,1.187447582093338e+00,8.607596968355524e-02,,False,True,False,True,0.095
0.095,0.095,0.095,0.76,2,3.441852719280000e-01,-3.441852719280000e-01,4.816398632888890e-01,2.591800683555555e-01,1.167893106372319e+00,1.183960234671910e+00,8.500520357244445e-02,,False,True,False,True,0.095
0.095,0.095,0.095,0.78,1,3.532427790839999e-01,-3.532427790839999e-01,4.962749848666669e-01,2.518625075666666e-01,1.201399543255898e+00,1.218309191592016e+00,1.013802715173333e-01,,False,True,False,True,0.095
0.095,0.095,0.095,0.78,2,3.532427790839999e-01,-3.532427790839999e-01,4.941334526444443e-01,2.529332736777778e-01,1.198370959342972e+00,1.214822340916246e+00,1.003095054062221e-01,,False,True,False,True,0.095
0.095,0.095,0.095,0.8,1,3.623002862400000e-01,-3.623002862400000e-01,5.087685742222223e-01,2.456157128888889e-01,1.231877396226552e+00,1.249170860252030e+00,1.166845733511112e-01,,False,True,False,True,0.095
0.095,0.095,0.095,0.8,2,3.623002862400000e-01,-3.623002862400000e-01,5.066270419999997e-01,2.466864789999999e-01,1.228848812313626e+00,1.245684481873730e+00,1.156138072399999e-01,,False,True,False,True,0.095
0.095,0.095,0.095,0.82,1,3.713577933960000e-01,-3.713577933960000e-01,5.212621635777772e-01,2.393689182111111e-01,1.262355249197204e+00,1.280032583794228e+00,1.319888751848886e-01,,False,True,False,True,0.095
0.095,0.095,0.095,0.82,2,3.713577933959999e-01,-3.713577933959999e-01,5.191206313555553e-01,2.404396843222222e-01,1.259326665284279e+00,1.276546655026657e+00,1.309181090737776e-01,,False,True,False,True,0.095
0.095,0.095,0.095,0.84,1,3.804153005519998e-01,-3.804153005519998e-01,5.337557529333332e-01,2.331221235333334e-01,1.292833102167858e+00,1.310894358342422e+00,1.472931770186665e-01,,False,True,False,True,0.095
0.095,0.095,0.095,0.84,2,3.804153005519998e-01,-3.804153005519998e-01,5.316142207111113e-01,2.341928896444443e-01,1.289804518254933e+00,1.307408858095050e+00,1.462224109075555e-01,,False,True,False,True,0.095
0.095,0.095,0.095,0.86,1,3.894728077080001e-01,-3.894728077080001e-01,5.462493422888889e-01,2.268753288555555e-01,1.323310955138512e+00,1.341756180377041e+00,1.625974788524445e-01,,False,True,False,True,0.095
0.095,0.095,0.095,0.86,2,3.894728077080000e-01,-3.894728077080000e-01,5.441078100666663e-01,2.279460949666667e-01,1.320282371225586e+00,1.338271089009243e+00,1.615267127413332e-01,,False,True,False,True,0.095
0.095,0.095,0.095,0.88,1,3.985303148639998e-01,-3.985303148639998e-01,5.587429316444443e-01,2.206285341777778e-01,1.353788808109165e+00,1.372618046695040e+00,1.779017806862219e-01,,False,True,False,True,0.095
0.095,0.095,0.095,0.88,2,3.985303148639999e-01,-3.985303148639999e-01,5.566013994222221e-01,2.216993002888888e-01,1.350760224196239e+00,1.369133345886185e+00,1.768310145751110e-01,,False,True,False,True,0.095
0.095,0.095,0.095,0.9,1,4.075878220200001e-01,-4.075878220200001e-01,5.712365210000000e-01,2.143817395000000e-01,1.384266661079818e+00,1.403479954375111e+00,1.932060825200001e-01,,False,True,False,True,0.095
0.095,0.095,0.095,0.9,2,4.075878220199999e-01,-4.075878220199999e-01,5.690949887777774e-01,2.154525056111111e-01,1.381238077166892e+00,1.399995627008864e+00,1.921353164088886e-01,,False,True,False,True,0.095
0.095,0.095,0.095,0.92,1,4.166453291759999e-01,-4.166453291759999e-01,5.837301103555554e-01,2.081349448222222e-01,1.414744514050471e+00,1.434341900747359e+00,2.085103843537776e-01,,False,True,False,True,0.095
0.095,0.095,0.095,0.92,2,4.166453291760001e-01,-4.166453291760001e-01,5.815885781333334e-01,2.092057109333333e-01,1.411715930137546e+00,1.430857930808408e+00,2.074396182426668e-01,,False,True,False,True,0.095
0.095,0.095,0.095,0.94,1,4.257028363320000e-01,-4.257028363320000e-01,5.962236997111112e-01,2.018881501444446e-01,1.445222367021125e+00,1.465203883366837e+00,2.238146861875556e-01,,False,True,False,True,0.095
0.095,0.095,0.095,0.94,2,4.257028363319998e-01,-4.257028363319998e-01,5.940821674888888e-01,2.029589162555557e-01,1.442193783108199e+00,1.461720255848438e+00,2.227439200764442e-01,,False,True,False,True,0.095
0.095,0.095,0.095,0.96,1,4.347603434880000e-01,-4.347603434880000e-01,6.087172890666662e-01,1.956413554666667e-01,1.475700219991778e+00,1.496065899990338e+00,2.391189880213331e-01,,False,True,False,True,0.095
0.095,0.095,0.095,0.96,2,4.347603434879999e-01,-4.347603434879999e-01,6.065757568444443e-01,1.967121215777778e-01,1.472671636078853e+00,1.492582600811378e+00,2.380482219102221e-01,,False,True,False,True,0.095
0.095,0.095,0.095,0.98,1,4.438178506439998e-01,-4.438178506439998e-01,6.212108784222221e-01,1.893945607888889e-01,1.506178072962431e+00,1.526927948556013e+00,2.544232898551108e-01,,False,True,False,True,0.095
0.095,0.095,0.095,0.98,2,4.438178506439999e-01,-4.438178506439999e-01,6.190693462000004e-01,1.904653269000000e-01,1.503149489049507e+00,1.523444964486418e+00,2.533525237440001e-01,,False,True,False,True,0.095
0.095,0.095,0.095,1.0,1,4.528753578000000e-01,-4.528753578000000e-01,6.337044677777779e-01,1.831477661111112e-01,1.536655925933086e+00,1.557790027165400e+00,2.697275916888889e-01,,False,True,False,True,0.095
0.095,0.095,0.095,1.0,2,4.528753577999998e-01,-4.528753577999998e-01,6.315629355555553e-01,1.842185322222222e-01,1.533627342020159e+00,1.554307345758912e+00,2.686568255777775e-01,,False,True,False,True,0.095
0.1,0.1,0.1,0.5,1,2.163199999999998e-01,-2.163199999999998e-01,3.141999999999998e-01,3.428999999999998e-01,7.502685791101738e-01,7.629311434199021e-01,0.000000000000000e+00,,False,False,False,True,0.1
0.1,0.1,0.1,0.5,2,2.163199999999998e-01,-2.163199999999998e-01,3.117111111111107e-01,3.441444444444443e-01,7.467487586882673e-01,7.588363702146151e-01,0.000000000000000e+00,,False,False,False,True,0.1
0.1,0.1,0.1,0.52,1,2.249727999999999e-01,-2.249727999999999e-01,3.263679999999997e-01,3.368159999999999e-01,7.797136368496314e-01,7.927895866214180e-01,0.000000000000000e+00,,False,False,False,True,0.1
0.1,0.1,0.1,0.52,2,2.249727999999998e-01,-2.249727999999998e-01,3.238791111111113e-01,3.380604444444441e-01,7.761938164277257e-01,7.886962390019709e-01,0.000000000000000e+00,,False,False,False,True,0.1
0.1,0.1,0.1,0.54,1,2.336255999999998e-01,-2.336255999999998e-01,3.385360000000000e-01,3.307319999999999e-01,8.091586945890895e-01,8.226482705782828e-01,0.000000000000000e+00,,False,False,False,True,0.1
0.1,0.1,0.1,0.54,2,2.336255999999998e-01,-2.336255999999998e-01,3.360471111111109e-01,3.319764444444442e-01,8.056388741671829e-01,8.185562457436465e-01,0.000000000000000e+00,,False,False,False,True,0.1
0.1,0.1,0.1,0.56,1,2.422783999999999e-01,-2.422783999999999e-01,3.507040000000000e-01,3.246479999999998e-01,8.386037523285472e-01,8.525071699934493e-01,0.000000000000000e+00,,False,False,False,True,0.1
0.1,0.1,0.1,0.56,2,2.422783999999999e-01,-2.422783999999999e-01,3.482151111111111e-01,3.258924444444442e-01,8.350839319066410e-01,8.484163758737414e-01,0.000000000000000e+00,,False,False,False,True,0.1
0.1,0.1,0.1,0.58,1,2.509311999999999e-01,-2.509311999999999e-01,3.628719999999994e-01,3.185639999999996e-01,8.680488100680042e-01,8.823662629938647e-01,0.000000000000000e+00,,False,False,False,True,0.1
0.1,0.1,0.1,0.58,2,2.509311999999998e-01,-2.509311999999998e-01,3.603831111111110e-01,3.198084444444441e-01,8.645289896460986e-01,8.782766168071726e-01,0.000000000000000e+00,,False,False,False,True,0.1
0.1,0.1,0.1,0.6,1,2.595839999999997e-01,-2.595839999999997e-01,3.750400000000000e-01,3.124799999999999e-01,8.974938678074624e-01,9.122255305701542e-01,0.000000000000000e+00,,False,False,False,True,0.1
0.1,0.1,0.1,0.6,2,2.595839999999998e-01,-2.595839999999998e-01,3.725511111111107e-01,3.137244444444443e-01,8.939740473855557e-01,9.081369576140442e-01,0.000000000000000e+00,,False,False,False,True,0.1
0.1,0.1,0.1,0.62,1,2.682367999999998e-01,-2.682367999999998e-01,3.872080000000002e-01,3.063959999999998e-01,9.269389255469207e-01,9.420849561228329e-01,0.000000000000000e+00,,False,False,False,True,0.1
0.1,0.1,0.1,0.62,2,2.682367999999998e-01,-2.682367999999998e-01,3.847191111111108e-01,3.076404444444444e-01,9.234191051250136e-01,9.379973887562013e-01,0.000000000000000e+00,,False,False,False,True,0.1
0.1,0.1,0.1,0.64,1,2.768895999999998e-01,-2.768895999999998e-01,3.993759999999993e-01,3.003119999999997e-01,9.563839832863773e-01,9.719445250921668e-01,0.000000000000000e+00,,False,False,False,True,0.1
0.1,0.1,0.1,0.64,2,2.768895999999998e-01,-2.768895999999998e-01,3.968871111111111e-01,3.015564444444441e-01,9.528641628644718e-01,9.678579018725494e-01,0.000000000000000e+00,,False,False,False,True,0.1
0.1,0.1,0.1,0.66,1,2.855423999999998e-01,-2.855423999999998e-01,4.115440000000001e-01,2.942279999999998e-01,9.858290410258359e-01,1.001804224654218e+00,0.000000000000000e+00,,False,False,False,True,0.1
0.1,0.1,0.1,0.66,2,2.855423999999998e-01,-2.855423999999998e-01,4.090551111111108e-01,2.954724444444443e-01,9.823092206039291e-01,9.977184896029202e-01,0.000000000000000e+00,,False,False,False,True,0.1
0.1,0.1,0.1,0.68,1,2.941951999999998e-01,-2.941951999999998e-01,4.237120000000002e-01,2.881439999999998e-01,1.015274098765294e+00,1.031664043469656e+00,6.051199999999868e-03,,False,True,False,True,0.1
0.1,0.1,0.1,0.68,2,2.941951999999999e-01,-2.941951999999999e-01,4.212231111111109e-01,2.893884444444444e-01,1.011754278343387e+00,1.027579145442653e+00,4.806755555555320e-03,,False,True,False,True,0.1
0.1,0.1,0.1,0.7,1,3.028479999999997e-01,-3.028479999999997e-01,4.358799999999995e-01,2.820599999999999e-01,1.044719156504750e+00,1.061523971474972e+00,2.078799999999942e-02,,False,True,False,True,0.1
0.1,0.1,0.1,0.7,2,3.028479999999998e-01,-3.028479999999998e-01,4.333911111111111e-01,2.833044444444442e-01,1.041199336082845e+00,1.057439863621801e+00,1.954355555555537e-02,,False,True,False,True,0.1
0.1,0.1,0.1,0.72,1,3.115007999999998e-01,-3.115007999999998e-01,4.480479999999999e-01,2.759759999999998e-01,1.074164214244209e+00,1.091383999707967e+00,3.552479999999975e-02,,False,True,False,True,0.1
0.1,0.1,0.1,0.72,2,3.115007999999997e-01,-3.115007999999997e-01,4.455591111111109e-01,2.772204444444443e-01,1.070644393822302e+00,1.087300639004251e+00,3.428035555555509e-02,,False,True,False,True,0.1
0.1,0.1,0.1,0.74,1,3.201535999999999e-01,-3.201535999999999e-01,4.602159999999995e-01,2.698919999999999e-01,1.103609271983666e+00,1.121244120161099e+00,5.026159999999963e-02,,False,True,False,True,0.1
0.1,0.1,0.1,0.74,2,3.201535999999998e-01,-3.201535999999998e-01,4.577271111111108e-01,2.711364444444443e-01,1.100089451561760e+00,1.117161467003017e+00,4.901715555555519e-02,,False,True,False,True,0.1
0.1,0.1,0.1,0.76,1,3.288063999999998e-01,-3.288063999999998e-01,4.723839999999996e-01,2.638079999999998e-01,1.133054329723124e+00,1.151104325657687e+00,6.499839999999962e-02,,False,True,False,True,0.1
0.1,0.1,0.1,0.76,2,3.288063999999997e-01,-3.288063999999997e-01,4.698951111111108e-01,2.650524444444443e-01,1.129534509301218e+00,1.147022343508762e+00,6.375395555555508e-02,,False,True,False,True,0.1
0.1,0.1,0.1,0.78,1,3.374591999999997e-01,-3.374591999999997e-01,4.845519999999999e-01,2.577239999999998e-01,1.162499387462582e+00,1.180964609746862e+00,7.973519999999967e-02,,False,True,False,True,0.1
0.1,0.1,0.1,0.78,2,3.374591999999998e-01,-3.374591999999998e-01,4.820631111111103e-01,2.589684444444443e-01,1.158979567040675e+00,1.176883264829206e+00,7.849075555555496e-02,,False,True,False,True,0.1
0.1,0.1,0.1,0.8,1,3.461119999999998e-01,-3.461119999999998e-01,4.967199999999995e-01,2.516399999999999e-01,1.191944445202039e+00,1.210824966614084e+00,9.447199999999950e-02,,False,True,False,True,0.1
0.1,0.1,0.1,0.8,2,3.461119999999998e-01,-3.461119999999998e-01,4.942311111111106e-01,2.528844444444442e-01,1.188424624780133e+00,1.206744227637527e+00,9.322755555555506e-02,,False,True,False,True,0.1
0.1,0.1,0.1,0.82,1,3.547647999999997e-01,-3.547647999999997e-01,5.088879999999993e-01,2.455559999999998e-01,1.221389502941497e+00,1.240685391004568e+00,1.092087999999994e-01,,False,True,False,True,0.1
0.1,0.1,0.1,0.82,2,3.547647999999998e-01,-3.547647999999998e-01,5.063991111111106e-01,2.468004444444442e-01,1.217869682519591e+00,1.236605228928235e+00,1.079643555555551e-01,,False,True,False,True,0.1
0.1,0.1,0.1,0.84,1,3.634175999999997e-01,-3.634175999999997e-01,5.210559999999996e-01,2.394719999999999e-01,1.250834560680955e+00,1.270545878157510e+00,1.239455999999995e-01,,False,True,False,True,0.1
0.1,0.1,0.1,0.84,2,3.634175999999996e-01,-3.634175999999996e-01,5.185671111111103e-01,2.407164444444444e-01,1.247314740259048e+00,1.266466265979291e+00,1.227011555555547e-01,,False,True,False,True,0.1
0.1,0.1,0.1,0.86,1,3.720703999999997e-01,-3.720703999999997e-01,5.332239999999994e-01,2.333879999999999e-01,1.280279618420412e+00,1.300406423749374e+00,1.386823999999994e-01,,False,True,False,True,0.1
0.1,0.1,0.1,0.86,2,3.720703999999997e-01,-3.720703999999997e-01,5.307351111111107e-01,2.346324444444442e-01,1.276759797998506e+00,1.296327336319470e+00,1.374379555555550e-01,,False,True,False,True,0.1
0.1,0.1,0.1,0.88,1,3.807231999999997e-01,-3.807231999999997e-01,5.453919999999997e-01,2.273039999999997e-01,1.309724676159870e+00,1.330267023844821e+00,1.534191999999995e-01,,False,True,False,True,0.1
0.1,0.1,0.1,0.88,2,3.807231999999997e-01,-3.807231999999997e-01,5.429031111111110e-01,2.285484444444442e-01,1.306204855737964e+00,1.326188437700108e+00,1.521747555555552e-01,,False,True,False,True,0.1
0.1,0.1,0.1,0.9,1,3.893759999999997e-01,-3.893759999999997e-01,5.575599999999995e-01,2.212199999999999e-01,1.339169733899328e+00,1.360127674854091e+00,1.681559999999994e-01,,False,True,False,True,0.1
0.1,0.1,0.1,0.9,2,3.893759999999996e-01,-3.893759999999996e-01,5.550711111111105e-01,2.224644444444443e-01,1.335649913477421e+00,1.356049568070611e+00,1.669115555555549e-01,,False,True,False,True,0.1
0.1,0.1,0.1,0.92,1,3.980287999999997e-01,-3.980287999999997e-01,5.697279999999991e-01,2.151359999999999e-01,1.368614791638785e+00,1.389988373495892e+00,1.828927999999992e-01,,False,True,False,True,0.1
0.1,0.1,0.1,0.92,2,3.980287999999996e-01,-3.980287999999996e-01,5.672391111111108e-01,2.163804444444443e-01,1.365094971216879e+00,1.385910725557116e+00,1.816483555555550e-01,,False,True,False,True,0.1
0.1,0.1,0.1,0.94,1,4.066815999999996e-01,-4.066815999999996e-01,5.818959999999994e-01,2.090519999999998e-01,1.398059849378243e+00,1.419849116764960e+00,1.976295999999994e-01,,False,True,False,True,0.1
0.1,0.1,0.1,0.94,2,4.066815999999998e-01,-4.066815999999998e-01,5.794071111111110e-01,2.102964444444442e-01,1.394540028956338e+00,1.415771908443847e+00,1.963851555555552e-01,,False,True,False,True,0.1
0.1,0.1,0.1,0.96,1,4.153343999999998e-01,-4.153343999999998e-01,5.940639999999998e-01,2.029679999999999e-01,1.427504907117702e+00,1.449709901903632e+00,2.123663999999997e-01,,False,True,False,True,0.1
0.1,0.1,0.1,0.96,2,4.153343999999997e-01,-4.153343999999997e-01,5.915751111111107e-01,2.042124444444443e-01,1.423985086695795e+00,1.445633115156792e+00,2.111219555555550e-01,,False,True,False,True,0.1
0.1,0.1,0.1,0.98,1,4.239871999999997e-01,-4.239871999999997e-01,6.062319999999991e-01,1.968839999999998e-01,1.456949964857158e+00,1.479570726376862e+00,2.271031999999992e-01,,False,True,False,True,0.1
0.1,0.1,0.1,0.98,2,4.239871999999997e-01,-4.239871999999997e-01,6.037431111111109e-01,1.981284444444443e-01,1.453430144435253e+00,1.475494344249361e+00,2.258587555555551e-01,,False,True,False,True,0.1
0.1,0.1,0.1,1.0,1,4.326399999999995e-01,-4.326399999999995e-01,6.183999999999995e-01,1.907999999999998e-01,1.486395022596616e+00,1.509431587850207e+00,2.418399999999993e-01,,False,True,False,True,0.1
0.1,0.1,0.1,1.0,2,4.326399999999996e-01,-4.326399999999996e-01,6.159111111111109e-01,1.920444444444443e-01,1.482875202174710e+00,1.505355594389741e+00,2.405955555555550e-01,,False,True,False,True,0.1
0.105,0.105,0.105,0.5,1,2.065590010999999e-01,-2.065590010999999e-01,3.072440449999994e-01,3.463779775000000e-01,7.266272361832276e-01,7.404472273522035e-01,0.000000000000000e+00,,False,False,False,True,0.105
0.105,0.105,0.105,0.5,2,2.065590010999999e-01,-2.065590010999999e-01,3.043731349999999e-01,3.478134325000001e-01,7.225671563248759e-01,7.356891361034439e-01,0.000000000000000e+00,,False,False,False,True,0.105
0.105,0.105,0.105,0.52,1,2.148213611440000e-01,-2.148213611440000e-01,3.190928068000000e-01,3.404535966000002e-01,7.550686574495510e-01,7.693333128241958e-01,0.000000000000000e+00,,False,False,False,True,0.105
0.105,0.105,0.105,0.52,2,2.148213611439999e-01,-2.148213611439999e-01,3.162218968000003e-01,3.418890515999998e-01,7.510085775911991e-01,7.645770208933850e-01,0.000000000000000e+00,,False,False,False,True,0.105
0.105,0.105,0.105,0.54,1,2.230837211880000e-01,-2.230837211880000e-01,3.309415685999995e-01,3.345292157000000e-01,7.835100787158729e-01,7.982196902770903e-01,0.000000000000000e+00,,False,False,False,True,0.105
0.105,0.105,0.105,0.54,2,2.230837211880001e-01,-2.230837211880001e-01,3.280706586000003e-01,3.359646706999999e-01,7.794499988575219e-01,7.934650684014346e-01,0.000000000000000e+00,,False,False,False,True,0.105
0.105,0.105,0.105,0.56,1,2.313460812320000e-01,-2.313460812320000e-01,3.427903304000004e-01,3.286048347999999e-01,8.119514999821970e-01,8.271063291189220e-01,0.000000000000000e+00,,False,False,False,True,0.105
0.105,0.105,0.105,0.56,2,2.313460812320001e-01,-2.313460812320001e-01,3.399194204000004e-01,3.300402897999998e-01,8.078914201238444e-01,8.223532614794579e-01,0.000000000000000e+00,,False,False,False,True,0.105
0.105,0.105,0.105,0.58,1,2.396084412760000e-01,-2.396084412760000e-01,3.546390922000002e-01,3.226804538999999e-01,8.403929212485193e-01,8.559932028869263e-01,0.000000000000000e+00,,False,False,False,True,0.105
0.105,0.105,0.105,0.58,2,2.396084412760000e-01,-2.396084412760000e-01,3.517681821999994e-01,3.241159089000000e-01,8.363328413901655e-01,8.512415853070298e-01,0.000000000000000e+00,,False,False,False,True,0.105
0.105,0.105,0.105,0.6,1,2.478708013199999e-01,-2.478708013199999e-01,3.664878539999999e-01,3.167560729999999e-01,8.688343425148413e-01,8.848802885736445e-01,0.000000000000000e+00,,False,False,False,True,0.105
0.105,0.105,0.105,0.6,2,2.478708013200000e-01,-2.478708013200000e-01,3.636169439999992e-01,3.181915280000001e-01,8.647742626564879e-01,8.801300270094583e-01,0.000000000000000e+00,,False,False,False,True,0.105
0.105,0.105,0.105,0.62,1,2.561331613640001e-01,-2.561331613640001e-01,3.783366158000002e-01,3.108316920999999e-01,8.972757637811646e-01,9.137675660808144e-01,0.000000000000000e+00,,False,False,False,True,0.105
0.105,0.105,0.105,0.62,2,2.561331613640000e-01,-2.561331613640000e-01,3.754657057999998e-01,3.122671470999998e-01,8.932156839228114e-01,9.090185753486204e-01,0.000000000000000e+00,,False,False,False,True,0.105
0.105,0.105,0.105,0.64,1,2.643955214079999e-01,-2.643955214079999e-01,3.901853775999995e-01,3.049073112000000e-01,9.257171850474861e-01,9.426550177736548e-01,0.000000000000000e+00,,False,False,False,True,0.105
0.105,0.105,0.105,0.64,2,2.643955214080000e-01,-2.643955214080000e-01,3.873144676000004e-01,3.063427661999999e-01,9.216571051891348e-01,9.379072204709374e-01,0.000000000000000e+00,,False,False,False,True,0.105
0.105,0.105,0.105,0.66,1,2.726578814519999e-01,-2.726578814519999e-01,4.020341394000000e-01,2.989829302999999e-01,9.541586063138092e-01,9.715426281146731e-01,0.000000000000000e+00,,False,False,False,True,0.105
0.105,0.105,0.105,0.66,2,2.726578814520000e-01,-2.726578814520000e-01,3.991632294000003e-01,3.004183853000000e-01,9.500985264554571e-01,9.667959537005316e-01,0.000000000000000e+00,,False,False,False,True,0.105
0.105,0.105,0.105,0.68,1,2.809202414960000e-01,-2.809202414960000e-01,4.138829011999998e-01,2.930585494000000e-01,9.826000275801318e-01,1.000430383360881e+00,0.000000000000000e+00,,False,False,False,True,0.105
0.105,0.105,0.105,0.68,2,2.809202414960000e-01,-2.809202414960000e-01,4.110119912000001e-01,2.944940044000000e-01,9.785399477217797e-01,9.956847673683874e-01,0.000000000000000e+00,,False,False,False,True,0.105
0.105,0.105,0.105,0.7,1,2.891826015399999e-01,-2.891826015399999e-01,4.257316629999999e-01,2.871341685000000e-01,1.011041448846454e+00,1.029318271312013e+00,2.048433039999797e-03,,False,True,False,True,0.105
0.105,0.105,0.105,0.7,2,2.891826015399999e-01,-2.891826015399999e-01,4.228607529999998e-01,2.885696235000001e-01,1.006981368988102e+00,1.024573654670408e+00,6.129780399998230e-04,,False,True,False,True,0.105
0.105,0.105,0.105,0.72,1,2.974449615840001e-01,-2.974449615840001e-01,4.375804248000001e-01,2.812097876000000e-01,1.039482870112778e+00,1.058206281099968e+00,1.623517398400015e-02,,False,True,False,True,0.105
0.105,0.105,0.105,0.72,2,2.974449615839999e-01,-2.974449615839999e-01,4.347095148000000e-01,2.826452425999999e-01,1.035422790254425e+00,1.053462609548832e+00,1.479971898399990e-02,,False,True,False,True,0.105
0.105,0.105,0.105,0.74,1,3.057073216280000e-01,-3.057073216280000e-01,4.494291866000000e-01,2.752854067000000e-01,1.067924291379100e+00,1.087094403011814e+00,3.042191492800000e-02,,False,True,False,True,0.105
0.105,0.105,0.105,0.74,2,3.057073216280000e-01,-3.057073216280000e-01,4.465582766000004e-01,2.767208616999999e-01,1.063864211520748e+00,1.082351626592630e+00,2.898645992800025e-02,,False,True,False,True,0.105
0.105,0.105,0.105,0.76,1,3.139696816719999e-01,-3.139696816719999e-01,4.612779483999998e-01,2.693610257999999e-01,1.096365712645422e+00,1.115982628340298e+00,4.460865587199980e-02,,False,True,False,True,0.105
0.105,0.105,0.105,0.76,2,3.139696816719999e-01,-3.139696816719999e-01,4.584070383999996e-01,2.707964808000000e-01,1.092305632787069e+00,1.111240700953444e+00,4.317320087199972e-02,,False,True,False,True,0.105
0.105,0.105,0.105,0.78,1,3.222320417160000e-01,-3.222320417160000e-01,4.731267101999999e-01,2.634366448999999e-01,1.124807133911745e+00,1.144870949256966e+00,5.879539681599993e-02,,False,True,False,True,0.105
0.105,0.105,0.105,0.78,2,3.222320417160000e-01,-3.222320417160000e-01,4.702558001999994e-01,2.648720999000000e-01,1.120747054053391e+00,1.140129828274313e+00,5.735994181599963e-02,,False,True,False,True,0.105
0.105,0.105,0.105,0.8,1,3.304944017599999e-01,-3.304944017599999e-01,4.849754720000000e-01,2.575122639999999e-01,1.153248555178068e+00,1.173759358704028e+00,7.298213775999990e-02,,False,True,False,True,0.105
0.105,0.105,0.105,0.8,2,3.304944017599999e-01,-3.304944017599999e-01,4.821045619999994e-01,2.589477189999999e-01,1.149188475319714e+00,1.169019004628944e+00,7.154668275999965e-02,,False,True,False,True,0.105
0.105,0.105,0.105,0.82,1,3.387567618040000e-01,-3.387567618040000e-01,4.968242338000002e-01,2.515878831000000e-01,1.181689976444390e+00,1.202647850301807e+00,8.716887870400009e-02,,False,True,False,True,0.105
0.105,0.105,0.105,0.82,2,3.387567618040001e-01,-3.387567618040001e-01,4.939533237999996e-01,2.530233380999999e-01,1.177629896586037e+00,1.197908226469790e+00,8.573342370399983e-02,,False,True,False,True,0.105
0.105,0.105,0.105,0.84,1,3.470191218479999e-01,-3.470191218479999e-01,5.086729956000001e-01,2.456635021999999e-01,1.210131397710713e+00,1.231536418269204e+00,1.013556196480000e-01,,False,True,False,True,0.105
0.105,0.105,0.105,0.84,2,3.470191218479999e-01,-3.470191218479999e-01,5.058020856000003e-01,2.470989571999999e-01,1.206071317852361e+00,1.226797490583457e+00,9.992016464800002e-02,,False,True,False,True,0.105
0.105,0.105,0.105,0.86,1,3.552814818919999e-01,-3.552814818919999e-01,5.205217574000000e-01,2.397391213000000e-01,1.238572818977035e+00,1.260425057355113e+00,1.155423605919998e-01,,False,True,False,True,0.105
0.105,0.105,0.105,0.86,2,3.552814818919999e-01,-3.552814818919999e-01,5.176508474000001e-01,2.411745762999999e-01,1.234512739118683e+00,1.255686794052265e+00,1.141069055919999e-01,,False,True,False,True,0.105
0.105,0.105,0.105,0.88,1,3.635438419360000e-01,-3.635438419360000e-01,5.323705191999999e-01,2.338147404000000e-01,1.267014240243358e+00,1.289313762779045e+00,1.297291015359999e-01,,False,True,False,True,0.105
0.105,0.105,0.105,0.88,2,3.635438419360000e-01,-3.635438419360000e-01,5.294996091999999e-01,2.352501953999999e-01,1.262954160385006e+00,1.284576134220997e+00,1.282936465360000e-01,,False,True,False,True,0.105
0.105,0.105,0.105,0.9,1,3.718062019800001e-01,-3.718062019800001e-01,5.442192809999999e-01,2.278903595000000e-01,1.295455661509681e+00,1.318202530179562e+00,1.439158424800001e-01,,False,True,False,True,0.105
0.105,0.105,0.105,0.9,2,3.718062019800002e-01,-3.718062019800002e-01,5.413483709999998e-01,2.293258144999999e-01,1.291395581651328e+00,1.313465508668037e+00,1.424803874800001e-01,,False,True,False,True,0.105
0.105,0.105,0.105,0.92,1,3.800685620239999e-01,-3.800685620239999e-01,5.560680427999993e-01,2.219659785999999e-01,1.323897082776002e+00,1.347091355569344e+00,1.581025834239995e-01,,False,True,False,True,0.105
0.105,0.105,0.105,0.92,2,3.800685620239999e-01,-3.800685620239999e-01,5.531971327999998e-01,2.234014335999999e-01,1.319837002917650e+00,1.342354915180232e+00,1.566671284239998e-01,,False,True,False,True,0.105
0.105,0.105,0.105,0.94,1,3.883309220680000e-01,-3.883309220680000e-01,5.679168045999999e-01,2.160415976999999e-01,1.352338504042326e+00,1.375980235295925e+00,1.722893243679999e-01,,False,True,False,True,0.105
0.105,0.105,0.105,0.94,2,3.883309220679999e-01,-3.883309220679999e-01,5.650458946000003e-01,2.174770526999998e-01,1.348278424183974e+00,1.371244351730935e+00,1.708538693680001e-01,,False,True,False,True,0.105
0.105,0.105,0.105,0.96,1,3.965932821120000e-01,-3.965932821120000e-01,5.797655663999999e-01,2.101172168000000e-01,1.380779925308648e+00,1.404869166007256e+00,1.864760653119999e-01,,False,True,False,True,0.105
0.105,0.105,0.105,0.96,2,3.965932821120000e-01,-3.965932821120000e-01,5.768946563999997e-01,2.115526718000000e-01,1.376719845450296e+00,1.400133816460758e+00,1.850406103119999e-01,,False,True,False,True,0.105
0.105,0.105,0.105,0.98,1,4.048556421560000e-01,-4.048556421560000e-01,5.916143282000002e-01,2.041928359000000e-01,1.409221346574971e+00,1.433758144621448e+00,2.006628062560001e-01,,False,True,False,True,0.105
0.105,0.105,0.105,0.98,2,4.048556421560000e-01,-4.048556421560000e-01,5.887434181999994e-01,2.056282908999999e-01,1.405161266716618e+00,1.429023307660679e+00,1.992273512559997e-01,,False,True,False,True,0.105
0.105,0.105,0.105,1.0,1,4.131180021999998e-01,-4.131180021999998e-01,6.034630900000002e-01,1.982684550000000e-01,1.437662767841294e+00,1.462647168300089e+00,2.148495471999999e-01,,False,True,False,True,0.105
0.105,0.105,0.105,1.0,2,4.131180021999999e-01,-4.131180021999999e-01,6.005921799999997e-01,1.997039100000000e-01,1.433602687982941e+00,1.457912823757129e+00,2.134140921999997e-01,,False,True,False,True,0.105
0.11,0.11,0.11,0.5,1,1.971453952000000e-01,-1.971453952000000e-01,3.004948088888893e-01,3.497525955555554e-01,7.037695258046222e-01,7.187863020891099e-01,0.000000000000000e+00,,False,False,False,True,0.11
0.11,0.11,0.11,0.5,2,1.971453952000000e-01,-1.971453952000000e-01,2.972057599999995e-01,3.513971200000000e-01,6.991181082586462e-01,7.132953683453763e-01,0.000000000000000e+00,,False,False,False,True,0.11
0.11,0.11,0.11,0.52,1,2.050312110080000e-01,-2.050312110080000e-01,3.120306012444442e-01,3.439846993777779e-01,7.312358274726175e-01,7.467285814815886e-01,0.000000000000000e+00,,False,False,False,True,0.11
0.11,0.11,0.11,0.52,2,2.050312110079999e-01,-2.050312110079999e-01,3.087415523555552e-01,3.456292238222222e-01,7.265844099266423e-01,7.412398900175974e-01,0.000000000000000e+00,,False,False,False,True,0.11
0.11,0.11,0.11,0.54,1,2.129170268160001e-01,-2.129170268160001e-01,3.235663935999995e-01,3.382168032000000e-01,7.587021291406135e-01,7.746712112257047e-01,0.000000000000000e+00,,False,False,False,True,0.11
0.11,0.11,0.11,0.54,2,2.129170268160001e-01,-2.129170268160001e-01,3.202773447111108e-01,3.398613276444443e-01,7.540507115946390e-01,7.691846016226924e-01,0.000000000000000e+00,,False,False,False,True,0.11
0.11,0.11,0.11,0.56,1,2.208028426240001e-01,-2.208028426240001e-01,3.351021859555558e-01,3.324489070222222e-01,7.861684308086108e-01,8.026141547294836e-01,0.000000000000000e+00,,False,False,False,True,0.11
0.11,0.11,0.11,0.56,2,2.208028426240000e-01,-2.208028426240000e-01,3.318131370666664e-01,3.340934314666665e-01,7.815170132626353e-01,7.971294831854140e-01,0.000000000000000e+00,,False,False,False,True,0.11
0.11,0.11,0.11,0.58,1,2.286886584320000e-01,-2.286886584320000e-01,3.466379783111111e-01,3.266810108444443e-01,8.136347324766066e-01,8.305573803249051e-01,0.000000000000000e+00,,False,False,False,True,0.11
0.11,0.11,0.11,0.58,2,2.286886584320000e-01,-2.286886584320000e-01,3.433489294222217e-01,3.283255352888890e-01,8.089833149306312e-01,8.250745174366101e-01,0.000000000000000e+00,,False,False,False,True,0.11
0.11,0.11,0.11,0.6,1,2.365744742400001e-01,-2.365744742400001e-01,3.581737706666667e-01,3.209131146666667e-01,8.411010341446032e-01,8.585008604666868e-01,0.000000000000000e+00,,False,False,False,True,0.11
0.11,0.11,0.11,0.6,2,2.365744742400000e-01,-2.365744742400000e-01,3.548847217777772e-01,3.225576391111113e-01,8.364496165986273e-01,8.530196893699998e-01,0.000000000000000e+00,,False,False,False,True,0.11
0.11,0.11,0.11,0.62,1,2.444602900480000e-01,-2.444602900480000e-01,3.697095630222224e-01,3.151452184888888e-01,8.685673358125996e-01,8.864445710825578e-01,0.000000000000000e+00,,False,False,False,True,0.11
0.11,0.11,0.11,0.62,2,2.444602900480000e-01,-2.444602900480000e-01,3.664205141333327e-01,3.167897429333335e-01,8.639159182666236e-01,8.809649858832942e-01,0.000000000000000e+00,,False,False,False,True,0.11
0.11,0.11,0.11,0.64,1,2.523461058560001e-01,-2.523461058560001e-01,3.812453553777777e-01,3.093773223111111e-01,8.960336374805955e-01,9.143884910426543e-01,0.000000000000000e+00,,False,False,False,True,0.11
0.11,0.11,0.11,0.64,2,2.523461058559999e-01,-2.523461058559999e-01,3.779563064888885e-01,3.110218467555556e-01,8.913822199346201e-01,9.089103954855179e-01,0.000000000000000e+00,,False,False,False,True,0.11
0.11,0.11,0.11,0.66,1,2.602319216640001e-01,-2.602319216640001e-01,3.927811477333334e-01,3.036094261333334e-01,9.234999391485921e-01,9.423326017233045e-01,0.000000000000000e+00,,False,False,False,True,0.11
0.11,0.11,0.11,0.66,2,2.602319216640000e-01,-2.602319216640000e-01,3.894920988444440e-01,3.052539505777779e-01,9.188485216026163e-01,9.368559080567050e-01,0.000000000000000e+00,,False,False,False,True,0.11
0.11,0.11,0.11,0.68,1,2.681177374720000e-01,-2.681177374720000e-01,4.043169400888889e-01,2.978415299555556e-01,9.509662408165882e-01,9.702768866461706e-01,0.000000000000000e+00,,False,False,False,True,0.11
0.11,0.11,0.11,0.68,2,2.681177374720000e-01,-2.681177374720000e-01,4.010278911999995e-01,2.994860544000001e-01,9.463148232706127e-01,9.648015146493562e-01,0.000000000000000e+00,,False,False,False,True,0.11
0.11,0.11,0.11,0.7,1,2.760035532800000e-01,-2.760035532800000e-01,4.158527324444445e-01,2.920736337777777e-01,9.784325424845846e-01,9.982213311780039e-01,0.000000000000000e+00,,False,False,False,True,0.11
0.11,0.11,0.11,0.7,2,2.760035532800001e-01,-2.760035532800001e-01,4.125636835555551e-01,2.937181582222224e-01,9.737811249386090e-01,9.927472073234234e-01,0.000000000000000e+00,,False,False,False,True,0.11
0.11,0.11,0.11,0.72,1,2.838893690880001e-01,-2.838893690880001e-01,4.273885247999997e-01,2.863057376000000e-01,1.005898844152580e+00,1.026165922279439e+00,0.000000000000000e+00,,False,False,False,True,0.11
0.11,0.11,0.11,0.72,2,2.838893690879999e-01,-2.838893690879999e-01,4.240994759111107e-01,2.879502620444444e-01,1.001247426606605e+00,1.020692979008402e+00,0.000000000000000e+00,,False,False,False,True,0.11
0.11,0.11,0.11,0.74,1,2.917751848959999e-01,-2.917751848959999e-01,4.389243171555552e-01,2.805378414222221e-01,1.033365145820576e+00,1.054110648293746e+00,1.123734347377753e-02,,False,True,False,True,0.11
0.11,0.11,0.11,0.74,2,2.917751848960000e-01,-2.917751848960000e-01,4.356352682666664e-01,2.821823658666667e-01,1.028713728274602e+00,1.048638823387472e+00,9.592819029333233e-03,,False,True,False,True,0.11
0.11,0.11,0.11,0.76,1,2.996610007040000e-01,-2.996610007040000e-01,4.504601095111113e-01,2.747699452444445e-01,1.060831447488573e+00,1.082055498768312e+00,2.489105545955561e-02,,False,True,False,True,0.11
0.11,0.11,0.11,0.76,2,2.996610007039999e-01,-2.996610007039999e-01,4.471710606222217e-01,2.764144696888888e-01,1.056180029942598e+00,1.076584734799682e+00,2.324653101511076e-02,,False,True,False,True,0.11
0.11,0.11,0.11,0.78,1,3.075468165120001e-01,-3.075468165120001e-01,4.619959018666665e-01,2.690020490666666e-01,1.088297749156569e+00,1.110000464303075e+00,3.854476744533331e-02,,False,True,False,True,0.11
0.11,0.11,0.11,0.78,2,3.075468165120000e-01,-3.075468165120000e-01,4.587068529777777e-01,2.706465735111110e-01,1.083646331610595e+00,1.104530708156985e+00,3.690024300088890e-02,,False,True,False,True,0.11
0.11,0.11,0.11,0.8,1,3.154326323200000e-01,-3.154326323200000e-01,4.735316942222223e-01,2.632341528888887e-01,1.115764050824566e+00,1.137945536421304e+00,5.219847943111117e-02,,False,True,False,True,0.11
0.11,0.11,0.11,0.8,2,3.154326323199999e-01,-3.154326323199999e-01,4.702426453333332e-01,2.648786773333333e-01,1.111112633278591e+00,1.132476738873545e+00,5.055395498666643e-02,,False,True,False,True,0.11
0.11,0.11,0.11,0.82,1,3.233184481279999e-01,-3.233184481279999e-01,4.850674865777777e-01,2.574662567111111e-01,1.143230352492562e+00,1.165890707458946e+00,6.585219141688869e-02,,False,True,False,True,0.11
0.11,0.11,0.11,0.82,2,3.233184481280001e-01,-3.233184481280001e-01,4.817784376888891e-01,2.591107811555555e-01,1.138578934946588e+00,1.160422822805283e+00,6.420766697244462e-02,,False,True,False,True,0.11
0.11,0.11,0.11,0.84,1,3.312042639360000e-01,-3.312042639360000e-01,4.966032789333328e-01,2.516983605333333e-01,1.170696654160558e+00,1.193835970469520e+00,7.950590340266639e-02,,False,True,False,True,0.11
0.11,0.11,0.11,0.84,2,3.312042639360000e-01,-3.312042639360000e-01,4.933142300444443e-01,2.533428849777777e-01,1.166045236614583e+00,1.188368956197915e+00,7.786137895822215e-02,,False,True,False,True,0.11
0.11,0.11,0.11,0.86,1,3.390900797440000e-01,-3.390900797440000e-01,5.081390712888887e-01,2.459304643555554e-01,1.198162955828554e+00,1.221781319142057e+00,9.315961538844431e-02,,False,True,False,True,0.11
0.11,0.11,0.11,0.86,2,3.390900797440000e-01,-3.390900797440000e-01,5.048500224000003e-01,2.475749888000000e-01,1.193511538282580e+00,1.216315135642196e+00,9.151509094400012e-02,,False,True,False,True,0.11
0.11,0.11,0.11,0.88,1,3.469758955519999e-01,-3.469758955519999e-01,5.196748636444439e-01,2.401625681777778e-01,1.225629257496550e+00,1.249726747730053e+00,1.068133273742218e-01,,False,True,False,True,0.11
0.11,0.11,0.11,0.88,2,3.469758955519998e-01,-3.469758955519998e-01,5.163858147555555e-01,2.418070926222221e-01,1.220977839950576e+00,1.244261358035154e+00,1.051688029297775e-01,,False,True,False,True,0.11
0.11,0.11,0.11,0.9,1,3.548617113599999e-01,-3.548617113599999e-01,5.312106560000002e-01,2.343946720000000e-01,1.253095559164548e+00,1.277672250989742e+00,1.204670393600000e-01,,False,True,False,True,0.11
0.11,0.11,0.11,0.9,2,3.548617113600001e-01,-3.548617113600001e-01,5.279216071111115e-01,2.360391964444442e-01,1.248444141618573e+00,1.272207620546469e+00,1.188225149155558e-01,,False,True,False,True,0.11
0.11,0.11,0.11,0.92,1,3.627475271680000e-01,-3.627475271680000e-01,5.427464483555557e-01,2.286267758222223e-01,1.280561860832544e+00,1.305617824126293e+00,1.341207513457779e-01,,False,True,False,True,0.11
0.11,0.11,0.11,0.92,2,3.627475271680001e-01,-3.627475271680001e-01,5.394573994666665e-01,2.302713002666665e-01,1.275910443286569e+00,1.300153920589155e+00,1.324762269013333e-01,,False,True,False,True,0.11
0.11,0.11,0.11,0.94,1,3.706333429760000e-01,-3.706333429760000e-01,5.542822407111104e-01,2.228588796444445e-01,1.308028162500539e+00,1.333563462746779e+00,1.477744633315553e-01,,False,True,False,True,0.11
0.11,0.11,0.11,0.94,2,3.706333429760000e-01,-3.706333429760000e-01,5.509931918222226e-01,2.245034040888887e-01,1.303376744954566e+00,1.328100255793976e+00,1.461299388871113e-01,,False,True,False,True,0.11
0.11,0.11,0.11,0.96,1,3.785191587840000e-01,-3.785191587840000e-01,5.658180330666664e-01,2.170909834666666e-01,1.335494464168536e+00,1.361509162818934e+00,1.614281753173332e-01,,False,True,False,True,0.11
0.11,0.11,0.11,0.96,2,3.785191587839999e-01,-3.785191587839999e-01,5.625289841777776e-01,2.187355079111111e-01,1.330843046622561e+00,1.356046623986991e+00,1.597836508728887e-01,,False,True,False,True,0.11
0.11,0.11,0.11,0.98,1,3.864049745919999e-01,-3.864049745919999e-01,5.773538254222218e-01,2.113230872888888e-01,1.362960765836532e+00,1.389454920634876e+00,1.750818873031108e-01,,False,True,False,True,0.11
0.11,0.11,0.11,0.98,2,3.864049745919999e-01,-3.864049745919999e-01,5.740647765333333e-01,2.129676117333333e-01,1.358309348290557e+00,1.383993023169857e+00,1.734373628586665e-01,,False,True,False,True,0.11
0.11,0.11,0.11,1.0,1,3.942907904000000e-01,-3.942907904000000e-01,5.888896177777777e-01,2.055551911111111e-01,1.390427067504528e+00,1.417400732779144e+00,1.887355992888889e-01,,False,True,False,True,0.11
0.11,0.11,0.11,1.0,2,3.942907904000000e-01,-3.942907904000000e-01,5.856005688888886e-01,2.071997155555556e-01,1.385775649958553e+00,1.411939451502431e+00,1.870910748444443e-01,,False,True,False,True,0.11
0.115,0.115,0.115,0.5,1,1.880700539666665e-01,-1.880700539666665e-01,2.939502449999996e-01,3.530248774999999e-01,6.816796441377930e-01,6.979314915794662e-01,0.000000000000000e+00,,False,False,False,True,0.115
0.115,0.115,0.115,0.5,2,1.880700539666665e-01,-1.880700539666665e-01,2.902055127777774e-01,3.548972436111110e-01,6.763837930416710e-01,6.916345417795082e-01,0.000000000000000e+00,,False,False,False,True,0.115
0.115,0.115,0.115,0.52,1,1.955928561253331e-01,-1.955928561253331e-01,3.051792547999995e-01,3.474103725999999e-01,7.081987109288093e-01,7.249577723634619e-01,0.000000000000000e+00,,False,False,False,True,0.115
0.115,0.115,0.115,0.52,2,1.955928561253332e-01,-1.955928561253332e-01,3.014345225777778e-01,3.492827387111109e-01,7.029028598326880e-01,7.186635840752142e-01,0.000000000000000e+00,,False,False,False,True,0.115
0.115,0.115,0.115,0.54,1,2.031156582839999e-01,-2.031156582839999e-01,3.164082645999999e-01,3.417958676999997e-01,7.347177777198265e-01,7.519844693803887e-01,0.000000000000000e+00,,False,False,False,True,0.115
0.115,0.115,0.115,0.54,2,2.031156582839998e-01,-2.031156582839998e-01,3.126635323777774e-01,3.436682338111110e-01,7.294219266237038e-01,7.456928459334771e-01,0.000000000000000e+00,,False,False,False,True,0.115
0.115,0.115,0.115,0.56,1,2.106384604426665e-01,-2.106384604426665e-01,3.276372743999993e-01,3.361813627999999e-01,7.612368445108418e-01,7.790115393084167e-01,0.000000000000000e+00,,False,False,False,True,0.115
0.115,0.115,0.115,0.56,2,2.106384604426665e-01,-2.106384604426665e-01,3.238925421777772e-01,3.380537289111110e-01,7.559409934147200e-01,7.727223043138848e-01,0.000000000000000e+00,,False,False,False,True,0.115
0.115,0.115,0.115,0.58,1,2.181612626013331e-01,-2.181612626013331e-01,3.388662841999998e-01,3.305668578999999e-01,7.877559113018590e-01,8.060389446356121e-01,0.000000000000000e+00,,False,False,False,True,0.115
0.115,0.115,0.115,0.58,2,2.181612626013331e-01,-2.181612626013331e-01,3.351215519777776e-01,3.324392240111109e-01,7.824600602057367e-01,7.997519392906830e-01,0.000000000000000e+00,,False,False,False,True,0.115
0.115,0.115,0.115,0.6,1,2.256840647599998e-01,-2.256840647599998e-01,3.500952940000000e-01,3.249523529999999e-01,8.142749780928755e-01,8.330666527176376e-01,0.000000000000000e+00,,False,False,False,True,0.115
0.115,0.115,0.115,0.6,2,2.256840647599998e-01,-2.256840647599998e-01,3.463505617777775e-01,3.268247191111111e-01,8.089791269967530e-01,8.267817335436914e-01,0.000000000000000e+00,,False,False,False,True,0.115
0.115,0.115,0.115,0.62,1,2.332068669186665e-01,-2.332068669186665e-01,3.613243037999996e-01,3.193378481000000e-01,8.407940448838914e-01,8.600946350130898e-01,0.000000000000000e+00,,False,False,False,True,0.115
0.115,0.115,0.115,0.62,2,2.332068669186665e-01,-2.332068669186665e-01,3.575795715777778e-01,3.212102142111108e-01,8.354981937877698e-01,8.538116719459103e-01,0.000000000000000e+00,,False,False,False,True,0.115
0.115,0.115,0.115,0.64,1,2.407296690773332e-01,-2.407296690773332e-01,3.725533135999997e-01,3.137233431999999e-01,8.673131116749080e-01,8.871228664585803e-01,0.000000000000000e+00,,False,False,False,True,0.115
0.115,0.115,0.115,0.64,2,2.407296690773331e-01,-2.407296690773331e-01,3.688085813777771e-01,3.155957093111110e-01,8.620172605787850e-01,8.808417412270395e-01,0.000000000000000e+00,,False,False,False,True,0.115
0.115,0.115,0.115,0.66,1,2.482524712359999e-01,-2.482524712359999e-01,3.837823233999996e-01,3.081088382999999e-01,8.938321784659242e-01,9.141513249546441e-01,0.000000000000000e+00,,False,False,False,True,0.115
0.115,0.115,0.115,0.66,2,2.482524712359998e-01,-2.482524712359998e-01,3.800375911777777e-01,3.099812044111108e-01,8.885363273698024e-01,9.078719296971101e-01,0.000000000000000e+00,,False,False,False,True,0.115
0.115,0.115,0.115,0.68,1,2.557752733946664e-01,-2.557752733946664e-01,3.950113331999996e-01,3.024943333999998e-01,9.203512452569407e-01,9.411799909402185e-01,0.000000000000000e+00,,False,False,False,True,0.115
0.115,0.115,0.115,0.68,2,2.557752733946665e-01,-2.557752733946665e-01,3.912666009777773e-01,3.043666995111111e-01,9.150553941608183e-01,9.349022270180334e-01,0.000000000000000e+00,,False,False,False,True,0.115
0.115,0.115,0.115,0.7,1,2.632980755533331e-01,-2.632980755533331e-01,4.062403429999996e-01,2.968798284999998e-01,9.468703120479571e-01,9.682088470383775e-01,0.000000000000000e+00,,False,False,False,True,0.115
0.115,0.115,0.115,0.7,2,2.632980755533331e-01,-2.632980755533331e-01,4.024956107777775e-01,2.987521946111109e-01,9.415744609518348e-01,9.619326240136881e-01,0.000000000000000e+00,,False,False,False,True,0.115
0.115,0.115,0.115,0.72,1,2.708208777119998e-01,-2.708208777119998e-01,4.174693527999998e-01,2.912653235999999e-01,9.733893788389737e-01,9.952378777597819e-01,0.000000000000000e+00,,False,False,False,True,0.115
0.115,0.115,0.115,0.72,2,2.708208777119997e-01,-2.708208777119997e-01,4.137246205777770e-01,2.931376897111111e-01,9.680935277428504e-01,9.889631125111259e-01,0.000000000000000e+00,,False,False,False,True,0.115
0.115,0.115,0.115,0.74,1,2.783436798706666e-01,-2.783436798706666e-01,4.286983625999993e-01,2.856508186999999e-01,9.999084456299895e-01,1.022267069253167e+00,0.000000000000000e+00,,False,False,False,True,0.115
0.115,0.115,0.115,0.74,2,2.783436798706664e-01,-2.783436798706664e-01,4.249536303777777e-01,2.875231848111109e-01,9.946125945338680e-01,1.015993685207141e+00,0.000000000000000e+00,,False,False,False,True,0.115
0.115,0.115,0.115,0.76,1,2.858664820293331e-01,-2.858664820293331e-01,4.399273723999998e-01,2.800363137999998e-01,1.026427512421006e+00,1.049296409094390e+00,5.830168229333021e-03,,False,True,False,True,0.115
0.115,0.115,0.115,0.76,2,2.858664820293331e-01,-2.858664820293331e-01,4.361826401777776e-01,2.819086799111110e-01,1.021131661324884e+00,1.043024335555568e+00,3.957802118221943e-03,,False,True,False,True,0.115
0.115,0.115,0.115,0.78,1,2.933892841879998e-01,-2.933892841879998e-01,4.511563821999993e-01,2.744218089000000e-01,1.052946579212022e+00,1.076325886107249e+00,1.896747528799941e-02,,False,True,False,True,0.115
0.115,0.115,0.115,0.78,2,2.933892841879997e-01,-2.933892841879997e-01,4.474116499777778e-01,2.762941750111109e-01,1.047650728115901e+00,1.070055057671678e+00,1.709510917688861e-02,,False,True,False,True,0.115
0.115,0.115,0.115,0.8,1,3.009120863466664e-01,-3.009120863466664e-01,4.623853919999997e-01,2.688073039999997e-01,1.079465646003039e+00,1.103355490210652e+00,3.210478234666631e-02,,False,True,False,True,0.115
0.115,0.115,0.115,0.8,2,3.009120863466664e-01,-3.009120863466664e-01,4.586406597777773e-01,2.706796701111109e-01,1.074169794906917e+00,1.097085846250691e+00,3.023241623555506e-02,,False,True,False,True,0.115
0.115,0.115,0.115,0.82,1,3.084348885053330e-01,-3.084348885053330e-01,4.736144017999995e-01,2.631927990999998e-01,1.105984712794055e+00,1.130385212287685e+00,4.524208940533275e-02,,False,True,False,True,0.115
0.115,0.115,0.115,0.82,2,3.084348885053330e-01,-3.084348885053330e-01,4.698696695777768e-01,2.650651652111110e-01,1.100688861697932e+00,1.124116696498057e+00,4.336972329422140e-02,,False,True,False,True,0.115
0.115,0.115,0.115,0.84,1,3.159576906639998e-01,-3.159576906639998e-01,4.848434115999997e-01,2.575782941999999e-01,1.132503779585072e+00,1.157415044073049e+00,5.837939646399959e-02,,False,True,False,True,0.115
0.115,0.115,0.115,0.84,2,3.159576906639997e-01,-3.159576906639997e-01,4.810986793777775e-01,2.594506603111109e-01,1.127207928488949e+00,1.151147604069555e+00,5.650703035288845e-02,,False,True,False,True,0.115
0.115,0.115,0.115,0.86,1,3.234804928226664e-01,-3.234804928226664e-01,4.960724213999994e-01,2.519637892999998e-01,1.159022846376087e+00,1.184444978055889e+00,7.151670352266609e-02,,False,True,False,True,0.115
0.115,0.115,0.115,0.86,2,3.234804928226662e-01,-3.234804928226662e-01,4.923276891777773e-01,2.538361554111110e-01,1.153726995279965e+00,1.178178565019624e+00,6.964433741155485e-02,,False,True,False,True,0.115
0.115,0.115,0.115,0.88,1,3.310032949813330e-01,-3.310032949813330e-01,5.073014311999995e-01,2.463492843999998e-01,1.185541913167104e+00,1.211475007395641e+00,8.465401058133276e-02,,False,True,False,True,0.115
0.115,0.115,0.115,0.88,2,3.310032949813331e-01,-3.310032949813331e-01,5.035566989777773e-01,2.482216505111110e-01,1.180246062070982e+00,1.205209575756674e+00,8.278164447022174e-02,,False,True,False,True,0.115
0.115,0.115,0.115,0.9,1,3.385260971399997e-01,-3.385260971399997e-01,5.185304409999993e-01,2.407347794999998e-01,1.212060979958120e+00,1.238505125848891e+00,9.779131763999938e-02,,False,True,False,True,0.115
0.115,0.115,0.115,0.9,2,3.385260971399997e-01,-3.385260971399997e-01,5.147857087777772e-01,2.426071456111109e-01,1.206765128861998e+00,1.232240633004250e+00,9.591895152888830e-02,,False,True,False,True,0.115
0.115,0.115,0.115,0.92,1,3.460488992986663e-01,-3.460488992986663e-01,5.297594507999998e-01,2.351202745999998e-01,1.238580046749137e+00,1.265535327705609e+00,1.109286246986662e-01,,False,True,False,True,0.115
0.115,0.115,0.115,0.92,2,3.460488992986663e-01,-3.460488992986663e-01,5.260147185777774e-01,2.369926407111109e-01,1.233284195653015e+00,1.259271733767223e+00,1.090562585875550e-01,,False,True,False,True,0.115
0.115,0.115,0.115,0.94,1,3.535717014573330e-01,-3.535717014573330e-01,5.409884605999996e-01,2.295057696999999e-01,1.265099113540153e+00,1.292565607733380e+00,1.240659317573328e-01,,False,True,False,True,0.115
0.115,0.115,0.115,0.94,2,3.535717014573329e-01,-3.535717014573329e-01,5.372437283777772e-01,2.313781358111110e-01,1.259803262444031e+00,1.286302875302218e+00,1.221935656462215e-01,,False,True,False,True,0.115
0.115,0.115,0.115,0.96,1,3.610945036159997e-01,-3.610945036159997e-01,5.522174703999999e-01,2.238912647999999e-01,1.291618180331170e+00,1.319595961128496e+00,1.372032388159996e-01,,False,True,False,True,0.115
0.115,0.115,0.115,0.96,2,3.610945036159997e-01,-3.610945036159997e-01,5.484727381777772e-01,2.257636309111110e-01,1.286322329235047e+00,1.313334055091718e+00,1.353308727048883e-01,,False,True,False,True,0.115
0.115,0.115,0.115,0.98,1,3.686173057746664e-01,-3.686173057746664e-01,5.634464801999997e-01,2.182767598999999e-01,1.318137247122186e+00,1.346626383472925e+00,1.503405458746662e-01,,False,True,False,True,0.115
0.115,0.115,0.115,0.98,2,3.686173057746662e-01,-3.686173057746662e-01,5.597017479777773e-01,2.201491260111110e-01,1.312841396026064e+00,1.340365270821283e+00,1.484681797635549e-01,,False,True,False,True,0.115
0.115,0.115,0.115,1.0,1,3.761401079333330e-01,-3.761401079333330e-01,5.746754899999993e-01,2.126622549999999e-01,1.344656313913202e+00,1.373656870696374e+00,1.634778529333326e-01,,False,True,False,True,0.115
0.115,0.115,0.115,1.0,2,3.761401079333330e-01,-3.761401079333330e-01,5.709307577777771e-01,2.145346211111110e-01,1.339360462817080e+00,1.367396520359484e+00,1.616054868222216e-01,,False,True,False,True,0.115
0.12,0.12,0.12,0.5,1,1.793240064000000e-01,-1.793240064000000e-01,2.876083200000001e-01,3.561958400000000e-01,6.603420287053010e-01,6.778661962498786e-01,0.000000000000000e+00,,False,False,False,True,0.12
0.12,0.12,0.12,0.5,2,1.793240064000000e-01,-1.793240064000000e-01,2.833689600000003e-01,3.583155200000002e-01,6.543466682975192e-01,6.706864148402859e-01,0.000000000000000e+00,,False,False,False,True,0.12
0.12,0.12,0.12,0.52,1,1.864969666560000e-01,-1.864969666560000e-01,2.985366528000003e-01,3.507316736000002e-01,6.859411228415863e-01,7.040035557777166e-01,0.000000000000000e+00,,False,False,False,True,0.12
0.12,0.12,0.12,0.52,2,1.864969666560001e-01,-1.864969666560001e-01,2.942972928000005e-01,3.528513536000000e-01,6.799457624338046e-01,6.968271381664133e-01,0.000000000000000e+00,,False,False,False,True,0.12
0.12,0.12,0.12,0.54,1,1.936699269120001e-01,-1.936699269120001e-01,3.094649856000005e-01,3.452675072000000e-01,7.115402169778718e-01,7.301414052154773e-01,0.000000000000000e+00,,False,False,False,True,0.12
0.12,0.12,0.12,0.54,2,1.936699269120001e-01,-1.936699269120001e-01,3.052256256000005e-01,3.473871871999999e-01,7.055448565700898e-01,7.229681130257714e-01,0.000000000000000e+00,,False,False,False,True,0.12
0.12,0.12,0.12,0.56,1,2.008428871680001e-01,-2.008428871680001e-01,3.203933184000002e-01,3.398033408000004e-01,7.371393111141564e-01,7.562796937677010e-01,0.000000000000000e+00,,False,False,False,True,0.12
0.12,0.12,0.12,0.56,2,2.008428871680001e-01,-2.008428871680001e-01,3.161539584000004e-01,3.419230208000003e-01,7.311439507063747e-01,7.491093130857930e-01,0.000000000000000e+00,,False,False,False,True,0.12
0.12,0.12,0.12,0.58,1,2.080158474240001e-01,-2.080158474240001e-01,3.313216512000001e-01,3.343391744000002e-01,7.627384052504416e-01,7.824183774258359e-01,0.000000000000000e+00,,False,False,False,True,0.12
0.12,0.12,0.12,0.58,2,2.080158474240001e-01,-2.080158474240001e-01,3.270822911999998e-01,3.364588544000002e-01,7.567430448426591e-01,7.752507155654006e-01,0.000000000000000e+00,,False,False,False,True,0.12
0.12,0.12,0.12,0.6,1,2.151888076800001e-01,-2.151888076800001e-01,3.422499840000002e-01,3.288750080000001e-01,7.883374993867269e-01,8.085574178714595e-01,0.000000000000000e+00,,False,False,False,True,0.12
0.12,0.12,0.12,0.6,2,2.151888076800001e-01,-2.151888076800001e-01,3.380106240000001e-01,3.309946880000002e-01,7.823421389789447e-01,8.013923006558262e-01,0.000000000000000e+00,,False,False,False,True,0.12
0.12,0.12,0.12,0.62,1,2.223617679360001e-01,-2.223617679360001e-01,3.531783167999998e-01,3.234108416000003e-01,8.139365935230113e-01,8.346967815855159e-01,0.000000000000000e+00,,False,False,False,True,0.12
0.12,0.12,0.12,0.62,2,2.223617679360001e-01,-2.223617679360001e-01,3.489389568000001e-01,3.255305216000002e-01,8.079412331152297e-01,8.275340510511839e-01,0.000000000000000e+00,,False,False,False,True,0.12
0.12,0.12,0.12,0.64,1,2.295347281920001e-01,-2.295347281920001e-01,3.641066495999997e-01,3.179466752000001e-01,8.395356876592963e-01,8.608364391197955e-01,0.000000000000000e+00,,False,False,False,True,0.12
0.12,0.12,0.12,0.64,2,2.295347281920001e-01,-2.295347281920001e-01,3.598672896000000e-01,3.200663552000002e-01,8.335403272515147e-01,8.536759515652895e-01,0.000000000000000e+00,,False,False,False,True,0.12
0.12,0.12,0.12,0.66,1,2.367076884480001e-01,-2.367076884480001e-01,3.750349824000003e-01,3.124825088000001e-01,8.651347817955823e-01,8.869763644971923e-01,0.000000000000000e+00,,False,False,False,True,0.12
0.12,0.12,0.12,0.66,2,2.367076884480001e-01,-2.367076884480001e-01,3.707956223999999e-01,3.146021888000002e-01,8.591394213877996e-01,8.798179888167752e-01,0.000000000000000e+00,,False,False,False,True,0.12
0.12,0.12,0.12,0.68,1,2.438806487040001e-01,-2.438806487040001e-01,3.859633152000003e-01,3.070183424000002e-01,8.907338759318673e-01,9.131165347149479e-01,0.000000000000000e+00,,False,False,False,True,0.12
0.12,0.12,0.12,0.68,2,2.438806487040001e-01,-2.438806487040001e-01,3.817239552000005e-01,3.091380223999998e-01,8.847385155240857e-01,9.059601509687186e-01,0.000000000000000e+00,,False,False,False,True,0.12
0.12,0.12,0.12,0.7,1,2.510536089600002e-01,-2.510536089600002e-01,3.968916480000000e-01,3.015541760000002e-01,9.163329700681522e-01,9.392569293308335e-01,0.000000000000000e+00,,False,False,False,True,0.12
0.12,0.12,0.12,0.7,2,2.510536089600001e-01,-2.510536089600001e-01,3.926522880000003e-01,3.036738560000000e-01,9.103376096603706e-01,9.321024275120752e-01,0.000000000000000e+00,,False,False,False,True,0.12
0.12,0.12,0.12,0.72,1,2.582265692160001e-01,-2.582265692160001e-01,4.078199808000004e-01,2.960900096000001e-01,9.419320642044378e-01,9.653975301165388e-01,0.000000000000000e+00,,False,False,False,True,0.12
0.12,0.12,0.12,0.72,2,2.582265692160001e-01,-2.582265692160001e-01,4.035806208000005e-01,2.982096895999999e-01,9.359367037966559e-01,9.582448090845668e-01,0.000000000000000e+00,,False,False,False,True,0.12
0.12,0.12,0.12,0.74,1,2.653995294720002e-01,-2.653995294720002e-01,4.187483135999998e-01,2.906258432000002e-01,9.675311583407222e-01,9.915383207658751e-01,0.000000000000000e+00,,False,False,False,True,0.12
0.12,0.12,0.12,0.74,2,2.653995294720002e-01,-2.653995294720002e-01,4.145089535999997e-01,2.927455232000002e-01,9.615357979329402e-01,9.843872873184127e-01,0.000000000000000e+00,,False,False,False,True,0.12
0.12,0.12,0.12,0.76,1,2.725724897280001e-01,-2.725724897280001e-01,4.296766463999997e-01,2.851616768000000e-01,9.931302524770071e-01,1.017679286647952e+00,0.000000000000000e+00,,False,False,False,True,0.12
0.12,0.12,0.12,0.76,2,2.725724897280001e-01,-2.725724897280001e-01,4.254372864000002e-01,2.872813568000001e-01,9.871348920692257e-01,1.010529854711708e+00,0.000000000000000e+00,,False,False,False,True,0.12
0.12,0.12,0.12,0.78,1,2.797454499840001e-01,-2.797454499840001e-01,4.406049792000000e-01,2.796975104000001e-01,1.018729346613293e+00,1.043820414597421e+00,4.793958400012288e-05,,False,True,False,True,0.12
0.12,0.12,0.12,0.78,2,2.797454499840001e-01,-2.797454499840001e-01,4.363656191999998e-01,2.818171904000003e-01,1.012733986205510e+00,1.036672504519243e+00,0.000000000000000e+00,,False,False,False,True,0.12
0.12,0.12,0.12,0.8,1,2.869184102400001e-01,-2.869184102400001e-01,4.515333120000004e-01,2.742333440000000e-01,1.044328440749578e+00,1.069961692735471e+00,1.268506624000026e-02,,False,True,False,True,0.12
0.12,0.12,0.12,0.8,2,2.869184102400002e-01,-2.869184102400002e-01,4.472939519999998e-01,2.763530240000002e-01,1.038333080341796e+00,1.062815230659454e+00,1.056538624000009e-02,,False,True,False,True,0.12
0.12,0.12,0.12,0.82,1,2.940913704960001e-01,-2.940913704960001e-01,4.624616448000001e-01,2.687691776000002e-01,1.069927534885863e+00,1.096103110316428e+00,2.532219289600018e-02,,False,True,False,True,0.12
0.12,0.12,0.12,0.82,2,2.940913704960002e-01,-2.940913704960002e-01,4.582222848000005e-01,2.708888576000001e-01,1.063932174478082e+00,1.088958027634763e+00,2.320251289600045e-02,,False,True,False,True,0.12
0.12,0.12,0.12,0.84,1,3.012643307520002e-01,-3.012643307520002e-01,4.733899776000005e-01,2.633050112000001e-01,1.095526629022149e+00,1.122244657595802e+00,3.795931955200038e-02,,False,True,False,True,0.12
0.12,0.12,0.12,0.84,2,3.012643307520001e-01,-3.012643307520001e-01,4.691506176000005e-01,2.654246912000000e-01,1.089531268614367e+00,1.115100890463123e+00,3.583963955200031e-02,,False,True,False,True,0.12
0.12,0.12,0.12,0.86,1,3.084372910080002e-01,-3.084372910080002e-01,4.843183104000006e-01,2.578408448000000e-01,1.121125723158434e+00,1.148386325716333e+00,5.059644620800052e-02,,False,True,False,True,0.12
0.12,0.12,0.12,0.86,2,3.084372910080002e-01,-3.084372910080002e-01,4.800789504000005e-01,2.599605248000000e-01,1.115130362750652e+00,1.141243814618979e+00,4.847676620800040e-02,,False,True,False,True,0.12
0.12,0.12,0.12,0.88,1,3.156102512640001e-01,-3.156102512640001e-01,4.952466432000000e-01,2.523766784000001e-01,1.146724817294718e+00,1.174528106609277e+00,6.323357286400011e-02,,False,True,False,True,0.12
0.12,0.12,0.12,0.88,2,3.156102512640001e-01,-3.156102512640001e-01,4.910072832000003e-01,2.544963584000001e-01,1.140729456886937e+00,1.167386795982155e+00,6.111389286400021e-02,,False,True,False,True,0.12
0.12,0.12,0.12,0.9,1,3.227832115200001e-01,-3.227832115200001e-01,5.061749759999998e-01,2.469125120000000e-01,1.172323911431003e+00,1.200669992908568e+00,7.587069951999997e-02,,False,True,False,True,0.12
0.12,0.12,0.12,0.9,2,3.227832115200002e-01,-3.227832115200002e-01,5.019356160000004e-01,2.490321920000000e-01,1.166328551023222e+00,1.193529830793458e+00,7.375101952000040e-02,,False,True,False,True,0.12
0.12,0.12,0.12,0.92,1,3.299561717760003e-01,-3.299561717760003e-01,5.171033087999997e-01,2.414483456000000e-01,1.197923005567288e+00,1.226811977875960e+00,8.850782617600012e-02,,False,True,False,True,0.12
0.12,0.12,0.12,0.92,2,3.299561717760003e-01,-3.299561717760003e-01,5.128639488000005e-01,2.435680256000000e-01,1.191927645159508e+00,1.219672915615991e+00,8.638814617600055e-02,,False,True,False,True,0.12
0.12,0.12,0.12,0.94,1,3.371291320320000e-01,-3.371291320320000e-01,5.280316416000003e-01,2.359841792000000e-01,1.223522099703574e+00,1.252954055335535e+00,1.011449528320001e-01,,False,True,False,True,0.12
0.12,0.12,0.12,0.94,2,3.371291320320000e-01,-3.371291320320000e-01,5.237922816000004e-01,2.381038592000000e-01,1.217526739295792e+00,1.245816047301340e+00,9.902527283200019e-02,,False,True,False,True,0.12
0.12,0.12,0.12,0.96,1,3.443020922880002e-01,-3.443020922880002e-01,5.389599744000005e-01,2.305200128000002e-01,1.249121193839859e+00,1.279096219616247e+00,1.137820794880005e-01,,False,True,False,True,0.12
0.12,0.12,0.12,0.96,2,3.443020922880001e-01,-3.443020922880001e-01,5.347206143999998e-01,2.326396928000002e-01,1.243125833432077e+00,1.271959222959931e+00,1.116623994880000e-01,,False,True,False,True,0.12
0.12,0.12,0.12,0.98,1,3.514750525440002e-01,-3.514750525440002e-01,5.498883072000004e-01,2.250558464000000e-01,1.274720287976145e+00,1.305238465501365e+00,1.264192061440004e-01,,False,True,False,True,0.12
0.12,0.12,0.12,0.98,2,3.514750525440001e-01,-3.514750525440001e-01,5.456489472000001e-01,2.271755264000001e-01,1.268724927568362e+00,1.298102439934963e+00,1.242995261440002e-01,,False,True,False,True,0.12
0.12,0.12,0.12,1.0,1,3.586480128000001e-01,-3.586480128000001e-01,5.608166400000004e-01,2.195916800000000e-01,1.300319382112430e+00,1.331380788183875e+00,1.390563328000003e-01,,False,True,False,True,0.12
0.12,0.12,0.12,1.0,2,3.586480128000001e-01,-3.586480128000001e-01,5.565772800000003e-01,2.217113600000000e-01,1.294324021704647e+00,1.324245695779432e+00,1.369366528000002e-01,,False,True,False,True,0.12
0.125,0.125,0.125,0.5,1,1.708984374999999e-01,-1.708984374999999e-01,2.814670138888892e-01,3.592664930555556e-01,6.397413565031937e-01,6.585740834483832e-01,0.000000000000000e+00,,False,False,False,True,0.125
0.125,0.125,0.125,0.5,2,1.708984375000000e-01,-1.708984375000000e-01,2.766927083333333e-01,3.616536458333333e-01,6.329894688356136e-01,6.504310287333359e-01,0.000000000000000e+00,,False,False,False,True,0.125
0.125,0.125,0.125,0.52,1,1.777343749999999e-01,-1.777343749999999e-01,2.921006944444444e-01,3.539496527777777e-01,6.644471272868381e-01,6.838488831651837e-01,0.000000000000000e+00,,False,False,False,True,0.125
0.125,0.125,0.125,0.52,2,1.777343749999999e-01,-1.777343749999999e-01,2.873263888888891e-01,3.563368055555556e-01,6.576952396192584e-01,6.757098839252530e-01,0.000000000000000e+00,,False,False,False,True,0.125
0.125,0.125,0.125,0.54,1,1.845703124999999e-01,-1.845703124999999e-01,3.027343750000003e-01,3.486328125000000e-01,6.891528980704831e-01,7.091242544518935e-01,0.000000000000000e+00,,False,False,False,True,0.125
0.125,0.125,0.125,0.54,2,1.845703124999999e-01,-1.845703124999999e-01,2.979600694444446e-01,3.510199652777779e-01,6.824010104029030e-01,7.009890248489941e-01,0.000000000000000e+00,,False,False,False,True,0.125
0.125,0.125,0.125,0.56,1,1.914062500000000e-01,-1.914062500000000e-01,3.133680555555552e-01,3.433159722222222e-01,7.138586688541269e-01,7.344001382944644e-01,0.000000000000000e+00,,False,False,False,True,0.125
0.125,0.125,0.125,0.56,2,1.914062500000000e-01,-1.914062500000000e-01,3.085937500000000e-01,3.457031249999999e-01,7.071067811865474e-01,7.262684216682562e-01,0.000000000000000e+00,,False,False,False,True,0.125
0.125,0.125,0.125,0.58,1,1.982421875000000e-01,-1.982421875000000e-01,3.240017361111112e-01,3.379991319444445e-01,7.385644396377721e-01,7.596764835317709e-01,0.000000000000000e+00,,False,False,False,True,0.125
0.125,0.125,0.125,0.58,2,1.982421874999999e-01,-1.982421874999999e-01,3.192274305555554e-01,3.403862847222221e-01,7.318125519701917e-01,7.515480485608010e-01,0.000000000000000e+00,,False,False,False,True,0.125
0.125,0.125,0.125,0.6,1,2.050781249999999e-01,-2.050781249999999e-01,3.346354166666667e-01,3.326822916666667e-01,7.632702104214164e-01,7.849532455915811e-01,0.000000000000000e+00,,False,False,False,True,0.125
0.125,0.125,0.125,0.6,2,2.050781250000000e-01,-2.050781250000000e-01,3.298611111111108e-01,3.350694444444444e-01,7.565183227538361e-01,7.768278830654116e-01,0.000000000000000e+00,,False,False,False,True,0.125
0.125,0.125,0.125,0.62,1,2.119140624999999e-01,-2.119140624999999e-01,3.452690972222224e-01,3.273654513888890e-01,7.879759812050613e-01,8.102303854630543e-01,0.000000000000000e+00,,False,False,False,True,0.125
0.125,0.125,0.125,0.62,2,2.119140624999999e-01,-2.119140624999999e-01,3.404947916666666e-01,3.297526041666667e-01,7.812240935374808e-01,8.021079055523154e-01,0.000000000000000e+00,,False,False,False,True,0.125
0.125,0.125,0.125,0.64,1,2.187500000000000e-01,-2.187500000000000e-01,3.559027777777779e-01,3.220486111111112e-01,8.126817519887055e-01,8.355078688556760e-01,0.000000000000000e+00,,False,False,False,True,0.125
0.125,0.125,0.125,0.64,2,2.187500000000000e-01,-2.187500000000000e-01,3.511284722222219e-01,3.244357638888890e-01,8.059298643211253e-01,8.273880987906743e-01,0.000000000000000e+00,,False,False,False,True,0.125
0.125,0.125,0.125,0.66,1,2.255859375000000e-01,-2.255859375000000e-01,3.665364583333330e-01,3.167317708333333e-01,8.373875227723496e-01,8.607856655063375e-01,0.000000000000000e+00,,False,False,False,True,0.125
0.125,0.125,0.125,0.66,2,2.255859374999999e-01,-2.255859374999999e-01,3.617621527777776e-01,3.191189236111110e-01,8.306356351047699e-01,8.526684475930043e-01,0.000000000000000e+00,,False,False,False,True,0.125
0.125,0.125,0.125,0.68,1,2.324218749999999e-01,-2.324218749999999e-01,3.771701388888892e-01,3.114149305555556e-01,8.620932935559951e-01,8.860637486049850e-01,0.000000000000000e+00,,False,False,False,True,0.125
0.125,0.125,0.125,0.68,2,2.324218750000001e-01,-2.324218750000001e-01,3.723958333333334e-01,3.138020833333333e-01,8.553414058884149e-01,8.779489385210132e-01,0.000000000000000e+00,,False,False,False,True,0.125
0.125,0.125,0.125,0.7,1,2.392578124999999e-01,-2.392578124999999e-01,3.878038194444442e-01,3.060980902777778e-01,8.867990643396388e-01,9.113420943158154e-01,0.000000000000000e+00,,False,False,False,True,0.125
0.125,0.125,0.125,0.7,2,2.392578124999999e-01,-2.392578124999999e-01,3.830295138888887e-01,3.084852430555556e-01,8.800471766720590e-01,9.032295596408335e-01,0.000000000000000e+00,,False,False,False,True,0.125
0.125,0.125,0.125,0.72,1,2.460937499999999e-01,-2.460937499999999e-01,3.984375000000002e-01,3.007812500000002e-01,9.115048351232837e-01,9.366206813760042e-01,0.000000000000000e+00,,False,False,False,True,0.125
0.125,0.125,0.125,0.72,2,2.460937499999999e-01,-2.460937499999999e-01,3.936631944444445e-01,3.031684027777778e-01,9.047529474557040e-01,9.285103003182399e-01,0.000000000000000e+00,,False,False,False,True,0.125
0.125,0.125,0.125,0.74,1,2.529296874999999e-01,-2.529296874999999e-01,4.090711805555554e-01,2.954644097222221e-01,9.362106059069278e-01,9.618994907576640e-01,0.000000000000000e+00,,False,False,False,True,0.125
0.125,0.125,0.125,0.74,2,2.529296874999999e-01,-2.529296874999999e-01,4.042968749999999e-01,2.978515625000000e-01,9.294587182393486e-01,9.537911510464190e-01,0.000000000000000e+00,,False,False,False,True,0.125
0.125,0.125,0.125,0.76,1,2.597656249999999e-01,-2.597656249999999e-01,4.197048611111113e-01,2.901475694444444e-01,9.609163766905732e-01,9.871785053817527e-01,0.000000000000000e+00,,False,False,False,True,0.125
0.125,0.125,0.125,0.76,2,2.597656249999999e-01,-2.597656249999999e-01,4.149305555555555e-01,2.925347222222221e-01,9.541644890229929e-01,9.790721033004310e-01,0.000000000000000e+00,,False,False,False,True,0.125
0.125,0.125,0.125,0.78,1,2.666015624999999e-01,-2.666015624999999e-01,4.303385416666667e-01,2.848307291666666e-01,9.856221474742175e-01,1.012457709874807e+00,0.000000000000000e+00,,False,False,False,True,0.125
0.125,0.125,0.125,0.78,2,2.666015624999999e-01,-2.666015624999999e-01,4.255642361111108e-01,2.872178819444445e-01,9.788702598066372e-01,1.004353149413641e+00,0.000000000000000e+00,,False,False,False,True,0.125
0.125,0.125,0.125,0.8,1,2.734375000000000e-01,-2.734375000000000e-01,4.409722222222225e-01,2.795138888888888e-01,1.010327918257863e+00,1.037737090361244e+00,0.000000000000000e+00,,False,False,False,True,0.125
0.125,0.125,0.125,0.8,2,2.734374999999998e-01,-2.734374999999998e-01,4.361979166666666e-01,2.819010416666667e-01,1.003576030590282e+00,1.029634282472355e+00,0.000000000000000e+00,,False,False,False,True,0.125
0.125,0.125,0.125,0.82,1,2.802734374999999e-01,-2.802734374999999e-01,4.516059027777775e-01,2.741970486111110e-01,1.035033689041506e+00,1.063016634285274e+00,6.076388888888618e-03,,False,True,False,True,0.125
0.125,0.125,0.125,0.82,2,2.802734375000000e-01,-2.802734375000000e-01,4.468315972222222e-01,2.765842013888888e-01,1.028281801373927e+00,1.054915496225605e+00,3.689236111111105e-03,,False,True,False,True,0.125
0.125,0.125,0.125,0.84,1,2.871093749999999e-01,-2.871093749999999e-01,4.622395833333333e-01,2.688802083333333e-01,1.059739459825151e+00,1.088296330257645e+00,1.822916666666652e-02,,False,True,False,True,0.125
0.125,0.125,0.125,0.84,2,2.871093749999999e-01,-2.871093749999999e-01,4.574652777777776e-01,2.712673611111110e-01,1.052987572157571e+00,1.080196785007602e+00,1.584201388888873e-02,,False,True,False,True,0.125
0.125,0.125,0.125,0.86,1,2.939453124999999e-01,-2.939453124999999e-01,4.728732638888887e-01,2.635633680555555e-01,1.084445230608795e+00,1.113576167923242e+00,3.038194444444425e-02,,False,True,False,True,0.125
0.125,0.125,0.125,0.86,2,2.939453124999999e-01,-2.939453124999999e-01,4.680989583333332e-01,2.659505208333333e-01,1.077693342941216e+00,1.105478143670827e+00,2.799479166666652e-02,,False,True,False,True,0.125
0.125,0.125,0.125,0.88,1,3.007812499999998e-01,-3.007812499999998e-01,4.835069444444447e-01,2.582465277777778e-01,1.109151001392440e+00,1.138856137846332e+00,4.253472222222215e-02,,False,True,False,True,0.125
0.125,0.125,0.125,0.88,2,3.007812499999999e-01,-3.007812499999999e-01,4.787326388888886e-01,2.606336805555555e-01,1.102399113724860e+00,1.130759567528096e+00,4.014756944444425e-02,,False,True,False,True,0.125
0.125,0.125,0.125,0.9,1,3.076171874999999e-01,-3.076171874999999e-01,4.941406249999996e-01,2.529296875000001e-01,1.133856772176084e+00,1.164136231410740e+00,5.468749999999967e-02,,False,True,False,True,0.125
0.125,0.125,0.125,0.9,2,3.076171874999999e-01,-3.076171874999999e-01,4.893663194444449e-01,2.553168402777777e-01,1.127104884508505e+00,1.156041052302231e+00,5.230034722222232e-02,,False,True,False,True,0.125
0.125,0.125,0.125,0.92,1,3.144531249999999e-01,-3.144531249999999e-01,5.047743055555555e-01,2.476128472222223e-01,1.158562542959729e+00,1.189416440732780e+00,6.684027777777768e-02,,False,True,False,True,0.125
0.125,0.125,0.125,0.92,2,3.144531250000000e-01,-3.144531250000000e-01,4.999999999999999e-01,2.500000000000000e-01,1.151810655292149e+00,1.181322594082185e+00,6.445312499999994e-02,,False,True,False,True,0.125
0.125,0.125,0.125,0.94,1,3.212890624999999e-01,-3.212890624999999e-01,5.154079861111107e-01,2.422960069444444e-01,1.183268313743373e+00,1.214696758585022e+00,7.899305555555525e-02,,False,True,False,True,0.125
0.125,0.125,0.125,0.94,2,3.212890624999999e-01,-3.212890624999999e-01,5.106336805555552e-01,2.446831597222223e-01,1.176516426075794e+00,1.206604189284691e+00,7.660590277777751e-02,,False,True,False,True,0.125
0.125,0.125,0.125,0.96,1,3.281249999999999e-01,-3.281249999999999e-01,5.260416666666667e-01,2.369791666666667e-01,1.207974084527018e+00,1.239977178329415e+00,9.114583333333331e-02,,False,True,False,True,0.125
0.125,0.125,0.125,0.96,2,3.281249999999999e-01,-3.281249999999999e-01,5.212673611111109e-01,2.393663194444444e-01,1.201222196859438e+00,1.231885834620630e+00,8.875868055555536e-02,,False,True,False,True,0.125
0.125,0.125,0.125,0.98,1,3.349609374999999e-01,-3.349609374999999e-01,5.366753472222219e-01,2.316623263888888e-01,1.232679855310663e+00,1.265257693858403e+00,1.032986111111108e-01,,False,True,False,True,0.125
0.125,0.125,0.125,0.98,2,3.349609374999999e-01,-3.349609374999999e-01,5.319010416666663e-01,2.340494791666666e-01,1.225927967643083e+00,1.257167527065448e+00,1.009114583333331e-01,,False,True,False,True,0.125
0.125,0.125,0.125,1.0,1,3.417968749999998e-01,-3.417968749999998e-01,5.473090277777779e-01,2.263454861111111e-01,1.257385626094307e+00,1.290538299542981e+00,1.154513888888887e-01,,False,True,False,True,0.125
0.125,0.125,0.125,1.0,2,3.417968749999999e-01,-3.417968749999999e-01,5.425347222222221e-01,2.287326388888890e-01,1.250633738426727e+00,1.282449263833091e+00,1.130642361111110e-01,,False,True,False,True,0.125
0.13,0.13,0.13,0.5,1,1.627846869333332e-01,-1.627846869333332e-01,2.755243199999998e-01,3.622378399999999e-01,6.198625421154024e-01,6.400390775927532e-01,0.000000000000000e+00,,False,False,False,True,0.13
0.13,0.13,0.13,0.5,2,1.627846869333331e-01,-1.627846869333331e-01,2.701734044444443e-01,3.649132977777775e-01,6.122952047656226e-01,6.308487069625635e-01,0.000000000000000e+00,,False,False,False,True,0.13
0.13,0.13,0.13,0.52,1,1.692960744106665e-01,-1.692960744106665e-01,2.858692928000000e-01,3.570653535999998e-01,6.437010354318545e-01,6.644769774095534e-01,0.000000000000000e+00,,False,False,False,True,0.13
0.13,0.13,0.13,0.52,2,1.692960744106665e-01,-1.692960744106665e-01,2.805183772444440e-01,3.597408113777777e-01,6.361336980820739e-01,6.552914489987431e-01,0.000000000000000e+00,,False,False,False,True,0.13
0.13,0.13,0.13,0.54,1,1.758074618879999e-01,-1.758074618879999e-01,2.962142655999995e-01,3.518928671999998e-01,6.675395287483059e-01,6.889155385109196e-01,0.000000000000000e+00,,False,False,False,True,0.13
0.13,0.13,0.13,0.54,2,1.758074618879998e-01,-1.758074618879998e-01,2.908633500444447e-01,3.545683249777775e-01,6.599721913985270e-01,6.797345130404302e-01,0.000000000000000e+00,,False,False,False,True,0.13
0.13,0.13,0.13,0.56,1,1.823188493653331e-01,-1.823188493653331e-01,3.065592383999999e-01,3.467203807999998e-01,6.913780220647582e-01,7.133546929327290e-01,0.000000000000000e+00,,False,False,False,True,0.13
0.13,0.13,0.13,0.56,2,1.823188493653331e-01,-1.823188493653331e-01,3.012083228444443e-01,3.493958385777773e-01,6.838106847149782e-01,7.041778655557472e-01,0.000000000000000e+00,,False,False,False,True,0.13
0.13,0.13,0.13,0.58,1,1.888302368426665e-01,-1.888302368426665e-01,3.169042112000000e-01,3.415478943999998e-01,7.152165153812102e-01,7.377943817144496e-01,0.000000000000000e+00,,False,False,False,True,0.13
0.13,0.13,0.13,0.58,2,1.888302368426664e-01,-1.888302368426664e-01,3.115532956444442e-01,3.442233521777774e-01,7.076491780314300e-01,7.286214775120810e-01,0.000000000000000e+00,,False,False,False,True,0.13
0.13,0.13,0.13,0.6,1,1.953416243199998e-01,-1.953416243199998e-01,3.272491839999996e-01,3.363754079999998e-01,7.390550086976616e-01,7.622345534561958e-01,0.000000000000000e+00,,False,False,False,True,0.13
0.13,0.13,0.13,0.6,2,1.953416243199997e-01,-1.953416243199997e-01,3.218982684444447e-01,3.390508657777775e-01,7.314876713478824e-01,7.530653236459841e-01,0.000000000000000e+00,,False,False,False,True,0.13
0.13,0.13,0.13,0.62,1,2.018530117973331e-01,-2.018530117973331e-01,3.375941568000000e-01,3.312029215999998e-01,7.628935020141140e-01,7.866751631446293e-01,0.000000000000000e+00,,False,False,False,True,0.13
0.13,0.13,0.13,0.62,2,2.018530117973331e-01,-2.018530117973331e-01,3.322432412444440e-01,3.338783793777776e-01,7.553261646643337e-01,7.775093818707737e-01,0.000000000000000e+00,,False,False,False,True,0.13
0.13,0.13,0.13,0.64,1,2.083643992746665e-01,-2.083643992746665e-01,3.479391295999995e-01,3.260304351999997e-01,7.867319953305651e-01,8.111161711910271e-01,0.000000000000000e+00,,False,False,False,True,0.13
0.13,0.13,0.13,0.64,2,2.083643992746665e-01,-2.083643992746665e-01,3.425882140444442e-01,3.287058929777774e-01,7.791646579807858e-01,8.019536327924566e-01,0.000000000000000e+00,,False,False,False,True,0.13
0.13,0.13,0.13,0.66,1,2.148757867519998e-01,-2.148757867519998e-01,3.582841023999994e-01,3.208579487999998e-01,8.105704886470169e-01,8.355575426381217e-01,0.000000000000000e+00,,False,False,False,True,0.13
0.13,0.13,0.13,0.66,2,2.148757867519998e-01,-2.148757867519998e-01,3.529331868444440e-01,3.235334065777778e-01,8.030031512972375e-01,8.263980593115309e-01,0.000000000000000e+00,,False,False,False,True,0.13
0.13,0.13,0.13,0.68,1,2.213871742293332e-01,-2.213871742293332e-01,3.686290751999998e-01,3.156854623999997e-01,8.344089819634695e-01,8.599992465021262e-01,0.000000000000000e+00,,False,False,False,True,0.13
0.13,0.13,0.13,0.68,2,2.213871742293331e-01,-2.213871742293331e-01,3.632781596444442e-01,3.183609201777774e-01,8.268416446136893e-01,8.508426462934339e-01,0.000000000000000e+00,,False,False,False,True,0.13
0.13,0.13,0.13,0.7,1,2.278985617066665e-01,-2.278985617066665e-01,3.789740479999996e-01,3.105129759999999e-01,8.582474752799211e-01,8.844412552238238e-01,0.000000000000000e+00,,False,False,False,True,0.13
0.13,0.13,0.13,0.7,2,2.278985617066665e-01,-2.278985617066665e-01,3.736231324444442e-01,3.131884337777775e-01,8.506801379301414e-01,8.752873802941887e-01,0.000000000000000e+00,,False,False,False,True,0.13
0.13,0.13,0.13,0.72,1,2.344099491839998e-01,-2.344099491839998e-01,3.893190207999999e-01,3.053404895999998e-01,8.820859685963733e-01,9.088835442082031e-01,0.000000000000000e+00,,False,False,False,True,0.13
0.13,0.13,0.13,0.72,2,2.344099491839997e-01,-2.344099491839997e-01,3.839681052444440e-01,3.080159473777777e-01,8.745186312465930e-01,8.997322493307746e-01,0.000000000000000e+00,,False,False,False,True,0.13
0.13,0.13,0.13,0.74,1,2.409213366613331e-01,-2.409213366613331e-01,3.996639935999998e-01,3.001680031999999e-01,9.059244619128251e-01,9.333260914363941e-01,0.000000000000000e+00,,False,False,False,True,0.13
0.13,0.13,0.13,0.74,2,2.409213366613332e-01,-2.409213366613332e-01,3.943130780444445e-01,3.028434609777775e-01,8.983571245630457e-01,9.241772426879329e-01,0.000000000000000e+00,,False,False,False,True,0.13
0.13,0.13,0.13,0.76,1,2.474327241386663e-01,-2.474327241386663e-01,4.100089663999996e-01,2.949955167999998e-01,9.297629552292767e-01,9.577688771370207e-01,0.000000000000000e+00,,False,False,False,True,0.13
0.13,0.13,0.13,0.76,2,2.474327241386664e-01,-2.474327241386664e-01,4.046580508444439e-01,2.976709745777777e-01,9.221956178794967e-01,9.486223507548320e-01,0.000000000000000e+00,,False,False,False,True,0.13
0.13,0.13,0.13,0.78,1,2.539441116159998e-01,-2.539441116159998e-01,4.203539392000000e-01,2.898230303999998e-01,9.536014485457294e-01,9.822118835066020e-01,0.000000000000000e+00,,False,False,False,True,0.13
0.13,0.13,0.13,0.78,2,2.539441116159997e-01,-2.539441116159997e-01,4.150030236444442e-01,2.924984881777775e-01,9.460341111959490e-01,9.730675648863659e-01,0.000000000000000e+00,,False,False,False,True,0.13
0.13,0.13,0.13,0.8,1,2.604554990933330e-01,-2.604554990933330e-01,4.306989119999999e-01,2.846505439999999e-01,9.774399418621809e-01,1.006655094470675e+00,0.000000000000000e+00,,False,False,False,True,0.13
0.13,0.13,0.13,0.8,2,2.604554990933331e-01,-2.604554990933331e-01,4.253479964444441e-01,2.873260017777775e-01,9.698726045124008e-01,9.975128772848200e-01,0.000000000000000e+00,,False,False,False,True,0.13
0.13,0.13,0.13,0.82,1,2.669668865706665e-01,-2.669668865706665e-01,4.410438847999993e-01,2.794780575999998e-01,1.001278435178632e+00,1.031098495478895e+00,0.000000000000000e+00,,False,False,False,True,0.13
0.13,0.13,0.13,0.82,2,2.669668865706664e-01,-2.669668865706664e-01,4.356929692444440e-01,2.821535153777776e-01,9.937110978288526e-01,1.021958280898541e+00,0.000000000000000e+00,,False,False,False,True,0.13
0.13,0.13,0.13,0.84,1,2.734782740479996e-01,-2.734782740479996e-01,4.513888576000000e-01,2.743055711999999e-01,1.025116928495085e+00,1.055542073328592e+00,0.000000000000000e+00,,False,False,False,True,0.13
0.13,0.13,0.13,0.84,2,2.734782740479997e-01,-2.734782740479997e-01,4.460379420444437e-01,2.769810289777775e-01,1.017549591145304e+00,1.046403769334792e+00,0.000000000000000e+00,,False,False,False,True,0.13
0.13,0.13,0.13,0.86,1,2.799896615253330e-01,-2.799896615253330e-01,4.617338303999993e-01,2.691330847999997e-01,1.048955421811536e+00,1.079985816012277e+00,1.085657672533263e-02,,False,True,False,True,0.13
0.13,0.13,0.13,0.86,2,2.799896615253329e-01,-2.799896615253329e-01,4.563829148444438e-01,2.718085425777776e-01,1.041388084461756e+00,1.070849336784557e+00,8.181118947554855e-03,,False,True,False,True,0.13
0.13,0.13,0.13,0.88,1,2.865010490026664e-01,-2.865010490026664e-01,4.720788031999994e-01,2.639605983999998e-01,1.072793915127988e+00,1.104429712585409e+00,2.254045060266607e-02,,False,True,False,True,0.13
0.13,0.13,0.13,0.88,2,2.865010490026663e-01,-2.865010490026663e-01,4.667278876444448e-01,2.666360561777775e-01,1.065226577778209e+00,1.095294977957397e+00,1.986499282488863e-02,,False,True,False,True,0.13
0.13,0.13,0.13,0.9,1,2.930124364799996e-01,-2.930124364799996e-01,4.824237759999997e-01,2.587881119999998e-01,1.096632408444440e+00,1.128873753051321e+00,3.422432447999946e-02,,False,True,False,True,0.13
0.13,0.13,0.13,0.9,2,2.930124364799997e-01,-2.930124364799997e-01,4.770728604444436e-01,2.614635697777777e-01,1.089065071094660e+00,1.119740688024847e+00,3.154886670222151e-02,,False,True,False,True,0.13
0.13,0.13,0.13,0.92,1,2.995238239573331e-01,-2.995238239573331e-01,4.927687487999994e-01,2.536156255999998e-01,1.120470901760892e+00,1.153317928260790e+00,4.590819835733279e-02,,False,True,False,True,0.13
0.13,0.13,0.13,0.92,2,2.995238239573331e-01,-2.995238239573331e-01,4.874178332444441e-01,2.562910833777776e-01,1.112903564411112e+00,1.144186462571083e+00,4.323274057955517e-02,,False,True,False,True,0.13
0.13,0.13,0.13,0.94,1,3.060352114346664e-01,-3.060352114346664e-01,5.031137215999997e-01,2.484431391999997e-01,1.144309395077344e+00,1.177762229824107e+00,5.759207223466623e-02,,False,True,False,True,0.13
0.13,0.13,0.13,0.94,2,3.060352114346663e-01,-3.060352114346663e-01,4.977628060444442e-01,2.511185969777776e-01,1.136742057727564e+00,1.168632297549747e+00,5.491661445688845e-02,,False,True,False,True,0.13
0.13,0.13,0.13,0.96,1,3.125465989119998e-01,-3.125465989119998e-01,5.134586943999995e-01,2.432706527999998e-01,1.168147888393795e+00,1.202206650033862e+00,6.927594611199950e-02,,False,True,False,True,0.13
0.13,0.13,0.13,0.96,2,3.125465989119996e-01,-3.125465989119996e-01,5.081077788444437e-01,2.459461105777777e-01,1.160580551044015e+00,1.193078189246107e+00,6.660048833422144e-02,,False,True,False,True,0.13
0.13,0.13,0.13,0.98,1,3.190579863893330e-01,-3.190579863893330e-01,5.238036671999993e-01,2.380981663999998e-01,1.191986381710247e+00,1.226651181796983e+00,8.095981998933266e-02,,False,True,False,True,0.13
0.13,0.13,0.13,0.98,2,3.190579863893329e-01,-3.190579863893329e-01,5.184527516444442e-01,2.407736241777775e-01,1.184419044360468e+00,1.217524134243772e+00,7.828436221155499e-02,,False,True,False,True,0.13
0.13,0.13,0.13,1.0,1,3.255693738666663e-01,-3.255693738666663e-01,5.341486399999993e-01,2.329256799999998e-01,1.215824875026699e+00,1.251095818574712e+00,9.264369386666599e-02,,False,True,False,True,0.13
0.13,0.13,0.13,1.0,2,3.255693738666662e-01,-3.255693738666662e-01,5.287977244444435e-01,2.356011377777777e-01,1.208257537676919e+00,1.241970129395316e+00,8.996823608888799e-02,,False,True,False,True,0.13
0.135,0.135,0.135,0.5,1,1.549742477000000e-01,-1.549742477000000e-01,2.697782450000001e-01,3.651108775000000e-01,6.006907358281190e-01,6.222453500845500e-01,0.000000000000000e+00,,False,False,False,True,0.135
0.135,0.135,0.135,0.5,2,1.549742477000000e-01,-1.549742477000000e-01,2.638077349999998e-01,3.680961324999998e-01,5.922471596118345e-01,6.119200552229386e-01,0.000000000000000e+00,,False,False,False,True,0.135
0.135,0.135,0.135,0.52,1,1.611732176080000e-01,-1.611732176080000e-01,2.798403747999996e-01,3.600798125999999e-01,6.236874035742731e-01,6.458713229191089e-01,0.000000000000000e+00,,False,False,False,True,0.135
0.135,0.135,0.135,0.52,2,1.611732176080000e-01,-1.611732176080000e-01,2.738698648000002e-01,3.630650675999999e-01,6.152438273579900e-01,6.355517568843190e-01,0.000000000000000e+00,,False,False,False,True,0.135
0.135,0.135,0.135,0.54,1,1.673721875159999e-01,-1.673721875159999e-01,2.899025046000002e-01,3.550487476999999e-01,6.466840713204286e-01,6.694980547462230e-01,0.000000000000000e+00,,False,False,False,True,0.135
0.135,0.135,0.135,0.54,2,1.673721875159999e-01,-1.673721875159999e-01,2.839319946000000e-01,3.580340027000000e-01,6.382404951041443e-01,6.591838187074239e-01,0.000000000000000e+00,,False,False,False,True,0.135
0.135,0.135,0.135,0.56,1,1.735711574240000e-01,-1.735711574240000e-01,2.999646343999998e-01,3.500176827999998e-01,6.696807390665830e-01,6.931254679500169e-01,0.000000000000000e+00,,False,False,False,True,0.135
0.135,0.135,0.135,0.56,2,1.735711574240000e-01,-1.735711574240000e-01,2.939941244000003e-01,3.530029377999998e-01,6.612371628502994e-01,6.828162032969921e-01,0.000000000000000e+00,,False,False,False,True,0.135
0.135,0.135,0.135,0.58,1,1.797701273319999e-01,-1.797701273319999e-01,3.100267642000003e-01,3.449866179000000e-01,6.926774068127385e-01,7.167534951467933e-01,0.000000000000000e+00,,False,False,False,True,0.135
0.135,0.135,0.135,0.58,2,1.797701273319999e-01,-1.797701273319999e-01,3.040562542000001e-01,3.479718728999999e-01,6.842338305964538e-01,7.064488782611196e-01,0.000000000000000e+00,,False,False,False,True,0.135
0.135,0.135,0.135,0.6,1,1.859690972400000e-01,-1.859690972400000e-01,3.200888939999999e-01,3.399555529999999e-01,7.156740745588928e-01,7.403820775529449e-01,0.000000000000000e+00,,False,False,False,True,0.135
0.135,0.135,0.135,0.6,2,1.859690972400000e-01,-1.859690972400000e-01,3.141183839999995e-01,3.429408080000001e-01,7.072304983426080e-01,7.300818154016211e-01,0.000000000000000e+00,,False,False,False,True,0.135
0.135,0.135,0.135,0.62,1,1.921680671480000e-01,-1.921680671480000e-01,3.301510238000002e-01,3.349244881000000e-01,7.386707423050478e-01,7.640111636555751e-01,0.000000000000000e+00,,False,False,False,True,0.135
0.135,0.135,0.135,0.62,2,1.921680671479999e-01,-1.921680671479999e-01,3.241805137999997e-01,3.379097430999998e-01,7.302271660887628e-01,7.537149900566659e-01,0.000000000000000e+00,,False,False,False,True,0.135
0.135,0.135,0.135,0.64,1,1.983670370560000e-01,-1.983670370560000e-01,3.402131535999997e-01,3.298934231999999e-01,7.616674100512020e-01,7.876407081222592e-01,0.000000000000000e+00,,False,False,False,True,0.135
0.135,0.135,0.135,0.64,2,1.983670370559999e-01,-1.983670370559999e-01,3.342426435999998e-01,3.328786781999999e-01,7.532238338349179e-01,7.773483805632915e-01,0.000000000000000e+00,,False,False,False,True,0.135
0.135,0.135,0.135,0.66,1,2.045660069639999e-01,-2.045660069639999e-01,3.502752834000001e-01,3.248623583000000e-01,7.846640777973573e-01,8.112706709012614e-01,0.000000000000000e+00,,False,False,False,True,0.135
0.135,0.135,0.135,0.66,2,2.045660069639999e-01,-2.045660069639999e-01,3.443047734000000e-01,3.278476133000000e-01,7.762205015810728e-01,8.009819678150578e-01,0.000000000000000e+00,,False,False,False,True,0.135
0.135,0.135,0.135,0.68,1,2.107649768719999e-01,-2.107649768719999e-01,3.603374131999997e-01,3.198312933999999e-01,8.076607455435114e-01,8.349010164744608e-01,0.000000000000000e+00,,False,False,False,True,0.135
0.135,0.135,0.135,0.68,2,2.107649768720000e-01,-2.107649768720000e-01,3.543669032000004e-01,3.228165483999998e-01,7.992171693272282e-01,8.246157348957467e-01,0.000000000000000e+00,,False,False,False,True,0.135
0.135,0.135,0.135,0.7,1,2.169639467799999e-01,-2.169639467799999e-01,3.703995429999999e-01,3.148002285000000e-01,8.306574132896665e-01,8.585317132336193e-01,0.000000000000000e+00,,False,False,False,True,0.135
0.135,0.135,0.135,0.7,2,2.169639467800000e-01,-2.169639467800000e-01,3.644290330000001e-01,3.177854834999999e-01,8.222138370733827e-01,8.482496667742813e-01,0.000000000000000e+00,,False,False,False,True,0.135
0.135,0.135,0.135,0.72,1,2.231629166880000e-01,-2.231629166880000e-01,3.804616727999997e-01,3.097691635999999e-01,8.536540810358211e-01,8.821627329568377e-01,0.000000000000000e+00,,False,False,False,True,0.135
0.135,0.135,0.135,0.72,2,2.231629166880000e-01,-2.231629166880000e-01,3.744911627999995e-01,3.127544186000001e-01,8.452105048195366e-01,8.718837500492619e-01,0.000000000000000e+00,,False,False,False,True,0.135
0.135,0.135,0.135,0.74,1,2.293618865959999e-01,-2.293618865959999e-01,3.905238026000002e-01,3.047380986999999e-01,8.766507487819765e-01,9.057940503669479e-01,0.000000000000000e+00,,False,False,False,True,0.135
0.135,0.135,0.135,0.74,2,2.293618865960000e-01,-2.293618865960000e-01,3.845532925999998e-01,3.077233536999998e-01,8.682071725656917e-01,8.955179727339422e-01,0.000000000000000e+00,,False,False,False,True,0.135
0.135,0.135,0.135,0.76,1,2.355608565039999e-01,-2.355608565039999e-01,4.005859323999996e-01,2.997070337999999e-01,8.996474165281304e-01,9.294256427572355e-01,0.000000000000000e+00,,False,False,False,True,0.135
0.135,0.135,0.135,0.76,2,2.355608565039999e-01,-2.355608565039999e-01,3.946154223999998e-01,3.026922887999999e-01,8.912038403118465e-01,9.191523240743686e-01,0.000000000000000e+00,,False,False,False,True,0.135
0.135,0.135,0.135,0.78,1,2.417598264119998e-01,-2.417598264119998e-01,4.106480621999999e-01,2.946759688999999e-01,9.226440842742856e-01,9.530574896728431e-01,0.000000000000000e+00,,False,False,False,True,0.135
0.135,0.135,0.135,0.78,2,2.417598264120000e-01,-2.417598264120000e-01,4.046775521999997e-01,2.976612239000000e-01,9.142005080580012e-01,9.427867943948809e-01,0.000000000000000e+00,,False,False,False,True,0.135
0.135,0.135,0.135,0.8,1,2.479587963200000e-01,-2.479587963200000e-01,4.207101919999997e-01,2.896449039999999e-01,9.456407520204401e-01,9.766895726383893e-01,0.000000000000000e+00,,False,False,False,True,0.135
0.135,0.135,0.135,0.8,2,2.479587963200000e-01,-2.479587963200000e-01,4.147396820000001e-01,2.926301589999998e-01,9.371971758041564e-01,9.664213749662710e-01,0.000000000000000e+00,,False,False,False,True,0.135
0.135,0.135,0.135,0.82,1,2.541577662279999e-01,-2.541577662279999e-01,4.307723217999999e-01,2.846138391000000e-01,9.686374197665950e-01,1.000321874924205e+00,0.000000000000000e+00,,False,False,False,True,0.135
0.135,0.135,0.135,0.82,2,2.541577662279999e-01,-2.541577662279999e-01,4.248018118000003e-01,2.875990940999999e-01,9.601938435503116e-01,9.900560578928236e-01,0.000000000000000e+00,,False,False,False,True,0.135
0.135,0.135,0.135,0.84,1,2.603567361360000e-01,-2.603567361360000e-01,4.408344515999993e-01,2.795827741999998e-01,9.916340875127493e-01,1.023954381344917e+00,0.000000000000000e+00,,False,False,False,True,0.135
0.135,0.135,0.135,0.84,2,2.603567361359999e-01,-2.603567361359999e-01,4.348639415999995e-01,2.825680292000001e-01,9.831905112964651e-01,1.013690836015160e+00,0.000000000000000e+00,,False,False,False,True,0.135
0.135,0.135,0.135,0.86,1,2.665557060439999e-01,-2.665557060439999e-01,4.508965814000003e-01,2.745517092999999e-01,1.014630755258905e+00,1.047587078085297e+00,0.000000000000000e+00,,False,False,False,True,0.135
0.135,0.135,0.135,0.86,2,2.665557060439999e-01,-2.665557060439999e-01,4.449260713999997e-01,2.775369642999999e-01,1.006187179042620e+00,1.037325702826365e+00,0.000000000000000e+00,,False,False,False,True,0.135
0.135,0.135,0.135,0.88,1,2.727546759519999e-01,-2.727546759519999e-01,4.609587111999998e-01,2.695206444000000e-01,1.037627423005059e+00,1.071219952549140e+00,3.234031551999750e-03,,False,True,False,True,0.135
0.135,0.135,0.135,0.88,2,2.727546759519999e-01,-2.727546759519999e-01,4.549882011999998e-01,2.725058993999999e-01,1.029183846788775e+00,1.060960652399309e+00,2.487765519997853e-04,,False,True,False,True,0.135
0.135,0.135,0.135,0.9,1,2.789536458599999e-01,-2.789536458599999e-01,4.710208410000000e-01,2.644895795000000e-01,1.060624090751214e+00,1.094852993227736e+00,1.446406635999986e-02,,False,True,False,True,0.135
0.135,0.135,0.135,0.9,2,2.789536458600001e-01,-2.789536458600001e-01,4.650503309999996e-01,2.674748345000000e-01,1.052180514534930e+00,1.084595679323490e+00,1.147881135999990e-02,,False,True,False,True,0.135
0.135,0.135,0.135,0.92,1,2.851526157679998e-01,-2.851526157679998e-01,4.810829707999996e-01,2.594585145999999e-01,1.083620758497368e+00,1.118486189584987e+00,2.569410116799964e-02,,False,True,False,True,0.135
0.135,0.135,0.135,0.92,2,2.851526157680000e-01,-2.851526157680000e-01,4.751124608000000e-01,2.624437695999999e-01,1.075177182281085e+00,1.108230778649942e+00,2.270884616800001e-02,,False,True,False,True,0.135
0.135,0.135,0.135,0.94,1,2.913515856759997e-01,-2.913515856759997e-01,4.911451005999999e-01,2.544274497000000e-01,1.106617426243524e+00,1.142119531956797e+00,3.692413597599969e-02,,False,True,False,True,0.135
0.135,0.135,0.135,0.94,2,2.913515856759999e-01,-2.913515856759999e-01,4.851745905999998e-01,2.574127046999999e-01,1.098173850027240e+00,1.131865945843052e+00,3.393888097599979e-02,,False,True,False,True,0.135
0.135,0.135,0.135,0.96,1,2.975505555840000e-01,-2.975505555840000e-01,5.012072304000001e-01,2.493963848000000e-01,1.129614093989679e+00,1.165753011462695e+00,4.815417078400003e-02,,False,True,False,True,0.135
0.135,0.135,0.135,0.96,2,2.975505555839998e-01,-2.975505555839998e-01,4.952367203999998e-01,2.523816398000001e-01,1.121170517773394e+00,1.155501176738292e+00,4.516891578399973e-02,,False,True,False,True,0.135
0.135,0.135,0.135,0.98,1,3.037495254920000e-01,-3.037495254920000e-01,5.112693602000000e-01,2.443653199000000e-01,1.152610761735833e+00,1.189386619927991e+00,5.938420559199997e-02,,False,True,False,True,0.135
0.135,0.135,0.135,0.98,2,3.037495254919998e-01,-3.037495254919998e-01,5.052988501999996e-01,2.473505749000000e-01,1.144167185519549e+00,1.179136467505024e+00,5.639895059199967e-02,,False,True,False,True,0.135
0.135,0.135,0.135,1.0,1,3.099484954000000e-01,-3.099484954000000e-01,5.213314900000002e-01,2.393342550000000e-01,1.175607429481988e+00,1.213020349815030e+00,7.061424040000008e-02,,False,True,False,True,0.135
0.135,0.135,0.135,1.0,2,3.099484953999999e-01,-3.099484953999999e-01,5.153609799999999e-01,2.423195099999999e-01,1.167163853265704e+00,1.202771814613701e+00,6.762898539999984e-02,,False,True,False,True,0.135
0.14,0.14,0.14,0.5,1,1.474587647999999e-01,-1.474587647999999e-01,2.642268088888891e-01,3.678865955555555e-01,5.822113217441750e-01,6.051773090655241e-01,0.000000000000000e+00,,False,False,False,True,0.14
0.14,0.14,0.14,0.5,2,1.474587647999999e-01,-1.474587647999999e-01,2.575924266666667e-01,3.712037866666666e-01,5.728288884275413e-01,5.936259616706930e-01,0.000000000000000e+00,,False,False,False,True,0.14
0.14,0.14,0.14,0.52,1,1.533571153920000e-01,-1.533571153920000e-01,2.740118812444443e-01,3.629940593777777e-01,6.043910311810411e-01,6.280156555515942e-01,0.000000000000000e+00,,False,False,False,True,0.14
0.14,0.14,0.14,0.52,2,1.533571153919999e-01,-1.533571153919999e-01,2.673774990222217e-01,3.663112504888890e-01,5.950085978644070e-01,6.164710271366640e-01,0.000000000000000e+00,,False,False,False,True,0.14
0.14,0.14,0.14,0.54,1,1.592554659840000e-01,-1.592554659840000e-01,2.837969535999995e-01,3.581015231999999e-01,6.265707406179072e-01,6.508548665207053e-01,0.000000000000000e+00,,False,False,False,True,0.14
0.14,0.14,0.14,0.54,2,1.592554659840000e-01,-1.592554659840000e-01,2.771625713777779e-01,3.614187143111110e-01,6.171883073012744e-01,6.393164925716301e-01,0.000000000000000e+00,,False,False,False,True,0.14
0.14,0.14,0.14,0.56,1,1.651538165760000e-01,-1.651538165760000e-01,2.935820259555555e-01,3.532089870222221e-01,6.487504500547741e-01,6.736948540512612e-01,0.000000000000000e+00,,False,False,False,True,0.14
0.14,0.14,0.14,0.56,2,1.651538165759999e-01,-1.651538165759999e-01,2.869476437333333e-01,3.565261781333334e-01,6.393680167381406e-01,6.621623165772302e-01,0.000000000000000e+00,,False,False,False,True,0.14
0.14,0.14,0.14,0.58,1,1.710521671679999e-01,-1.710521671679999e-01,3.033670983111109e-01,3.483164508444443e-01,6.709301594916403e-01,6.965355417509507e-01,0.000000000000000e+00,,False,False,False,True,0.14
0.14,0.14,0.14,0.58,2,1.710521671679999e-01,-1.710521671679999e-01,2.967327160888888e-01,3.516336419555555e-01,6.615477261750070e-01,6.850084632772314e-01,0.000000000000000e+00,,False,False,False,True,0.14
0.14,0.14,0.14,0.6,1,1.769505177600000e-01,-1.769505177600000e-01,3.131521706666662e-01,3.434239146666666e-01,6.931098689285066e-01,7.193768629272890e-01,0.000000000000000e+00,,False,False,False,True,0.14
0.14,0.14,0.14,0.6,2,1.769505177600000e-01,-1.769505177600000e-01,3.065177884444441e-01,3.467411057777778e-01,6.837274356118732e-01,7.078549014265708e-01,0.000000000000000e+00,,False,False,False,True,0.14
0.14,0.14,0.14,0.62,1,1.828488683519999e-01,-1.828488683519999e-01,3.229372430222220e-01,3.385313784888888e-01,7.152895783653734e-01,7.422187590957283e-01,0.000000000000000e+00,,False,False,False,True,0.14
0.14,0.14,0.14,0.62,2,1.828488683520000e-01,-1.828488683520000e-01,3.163028608000003e-01,3.418485695999997e-01,7.059071450487404e-01,7.307016036875007e-01,0.000000000000000e+00,,False,False,False,True,0.14
0.14,0.14,0.14,0.64,1,1.887472189440000e-01,-1.887472189440000e-01,3.327223153777775e-01,3.336388423111111e-01,7.374692878022397e-01,7.650611787548587e-01,0.000000000000000e+00,,False,False,False,True,0.14
0.14,0.14,0.14,0.64,2,1.887472189440000e-01,-1.887472189440000e-01,3.260879331555552e-01,3.369560334222222e-01,7.280868544856059e-01,7.535485460373633e-01,0.000000000000000e+00,,False,False,False,True,0.14
0.14,0.14,0.14,0.66,1,1.946455695360000e-01,-1.946455695360000e-01,3.425073877333333e-01,3.287463061333333e-01,7.596489972391066e-01,7.879040763745437e-01,0.000000000000000e+00,,False,False,False,True,0.14
0.14,0.14,0.14,0.66,2,1.946455695360000e-01,-1.946455695360000e-01,3.358730055111114e-01,3.320634972444443e-01,7.502665639224736e-01,7.763957072809223e-01,0.000000000000000e+00,,False,False,False,True,0.14
0.14,0.14,0.14,0.68,1,2.005439201280000e-01,-2.005439201280000e-01,3.522924600888887e-01,3.238537699555555e-01,7.818287066759729e-01,8.107474115550092e-01,0.000000000000000e+00,,False,False,False,True,0.14
0.14,0.14,0.14,0.68,2,2.005439201280000e-01,-2.005439201280000e-01,3.456580778666664e-01,3.271709610666665e-01,7.724462733593392e-01,7.992430686462888e-01,0.000000000000000e+00,,False,False,False,True,0.14
0.14,0.14,0.14,0.7,1,2.064422707200000e-01,-2.064422707200000e-01,3.620775324444447e-01,3.189612337777778e-01,8.040084161128400e-01,8.335911483241354e-01,0.000000000000000e+00,,False,False,False,True,0.14
0.14,0.14,0.14,0.7,2,2.064422707200000e-01,-2.064422707200000e-01,3.554431502222218e-01,3.222784248888887e-01,7.946259827962054e-01,8.220906134482420e-01,0.000000000000000e+00,,False,False,False,True,0.14
0.14,0.14,0.14,0.72,1,2.123406213119999e-01,-2.123406213119999e-01,3.718626048000002e-01,3.140686976000000e-01,8.261881255497066e-01,8.564352545471428e-01,0.000000000000000e+00,,False,False,False,True,0.14
0.14,0.14,0.14,0.72,2,2.123406213120000e-01,-2.123406213120000e-01,3.652282225777778e-01,3.173858887111112e-01,8.168056922330725e-01,8.449383268061379e-01,0.000000000000000e+00,,False,False,False,True,0.14
0.14,0.14,0.14,0.74,1,2.182389719040000e-01,-2.182389719040000e-01,3.816476771555556e-01,3.091761614222222e-01,8.483678349865726e-01,8.792797014282681e-01,0.000000000000000e+00,,False,False,False,True,0.14
0.14,0.14,0.14,0.74,2,2.182389719039999e-01,-2.182389719039999e-01,3.750132949333334e-01,3.124933525333334e-01,8.389854016699391e-01,8.677861954063804e-01,0.000000000000000e+00,,False,False,False,True,0.14
0.14,0.14,0.14,0.76,1,2.241373224960000e-01,-2.241373224960000e-01,3.914327495111115e-01,3.042836252444444e-01,8.705475444234396e-01,9.021244630881140e-01,0.000000000000000e+00,,False,False,False,True,0.14
0.14,0.14,0.14,0.76,2,2.241373224959999e-01,-2.241373224959999e-01,3.847983672888889e-01,3.076008163555555e-01,8.611651111068056e-01,8.906342073014500e-01,0.000000000000000e+00,,False,False,False,True,0.14
0.14,0.14,0.14,0.78,1,2.300356730879998e-01,-2.300356730879998e-01,4.012178218666664e-01,2.993910890666666e-01,8.927272538603050e-01,9.249695162036017e-01,0.000000000000000e+00,,False,False,False,True,0.14
0.14,0.14,0.14,0.78,2,2.300356730879999e-01,-2.300356730879999e-01,3.945834396444440e-01,3.027082801777778e-01,8.833448205436711e-01,9.134823517390792e-01,0.000000000000000e+00,,False,False,False,True,0.14
0.14,0.14,0.14,0.8,1,2.359340236799999e-01,-2.359340236799999e-01,4.110028942222217e-01,2.944985528888888e-01,9.149069632971714e-01,9.478148396999859e-01,0.000000000000000e+00,,False,False,False,True,0.14
0.14,0.14,0.14,0.8,2,2.359340236799999e-01,-2.359340236799999e-01,4.043685119999999e-01,2.978157439999998e-01,9.055245299805380e-01,9.363306190164429e-01,0.000000000000000e+00,,False,False,False,True,0.14
0.14,0.14,0.14,0.82,1,2.418323742719999e-01,-2.418323742719999e-01,4.207879665777772e-01,2.896060167111110e-01,9.370866727340379e-01,9.706604144863294e-01,0.000000000000000e+00,,False,False,False,True,0.14
0.14,0.14,0.14,0.82,2,2.418323742719999e-01,-2.418323742719999e-01,4.141535843555554e-01,2.929232078222223e-01,9.277042394174047e-01,9.591790003551720e-01,0.000000000000000e+00,,False,False,False,True,0.14
0.14,0.14,0.14,0.84,1,2.477307248639999e-01,-2.477307248639999e-01,4.305730389333329e-01,2.847134805333332e-01,9.592663821709043e-01,9.935062232274708e-01,0.000000000000000e+00,,False,False,False,True,0.14
0.14,0.14,0.14,0.84,2,2.477307248639999e-01,-2.477307248639999e-01,4.239386567111113e-01,2.880306716444443e-01,9.498839488542714e-01,9.820274877938280e-01,0.000000000000000e+00,,False,False,False,True,0.14
0.14,0.14,0.14,0.86,1,2.536290754559999e-01,-2.536290754559999e-01,4.403581112888887e-01,2.798209443555554e-01,9.814460916077711e-01,1.016352250146734e+00,0.000000000000000e+00,,False,False,False,True,0.14
0.14,0.14,0.14,0.86,2,2.536290754559999e-01,-2.536290754559999e-01,4.337237290666660e-01,2.831381354666667e-01,9.720636582911367e-01,1.004876074095030e+00,0.000000000000000e+00,,False,False,False,True,0.14
0.14,0.14,0.14,0.88,1,2.595274260479999e-01,-2.595274260479999e-01,4.501431836444442e-01,2.749284081777776e-01,1.003625801044638e+00,1.039198480854655e+00,0.000000000000000e+00,,False,False,False,True,0.14
0.14,0.14,0.14,0.88,2,2.595274260479999e-01,-2.595274260479999e-01,4.435088014222224e-01,2.782455992888887e-01,9.942433677280047e-01,1.027724752664986e+00,0.000000000000000e+00,,False,False,False,True,0.14
0.14,0.14,0.14,0.9,1,2.654257766399999e-01,-2.654257766399999e-01,4.599282560000002e-01,2.700358719999999e-01,1.025805510481505e+00,1.062044902199806e+00,0.000000000000000e+00,,False,False,False,True,0.14
0.14,0.14,0.14,0.9,2,2.654257766399999e-01,-2.654257766399999e-01,4.532938737777776e-01,2.733530631111111e-01,1.016423077164871e+00,1.050573517483495e+00,0.000000000000000e+00,,False,False,False,True,0.14
0.14,0.14,0.14,0.92,1,2.713241272319999e-01,-2.713241272319999e-01,4.697133283555558e-01,2.651433358222222e-01,1.047985219918371e+00,1.084891502138459e+00,6.180791409777842e-03,,False,True,False,True,0.14
0.14,0.14,0.14,0.92,2,2.713241272319999e-01,-2.713241272319999e-01,4.630789461333333e-01,2.684605269333332e-01,1.038602786601737e+00,1.073422363042927e+00,2.863600298666613e-03,,False,True,False,True,0.14
0.14,0.14,0.14,0.94,1,2.772224778239999e-01,-2.772224778239999e-01,4.794984007111112e-01,2.602507996444444e-01,1.070164929355238e+00,1.107738269620385e+00,1.697167817955553e-02,,False,True,False,True,0.14
0.14,0.14,0.14,0.94,2,2.772224778239999e-01,-2.772224778239999e-01,4.728640184888887e-01,2.635679907555555e-01,1.060782496038603e+00,1.096271284294792e+00,1.365448706844424e-02,,False,True,False,True,0.14
0.14,0.14,0.14,0.96,1,2.831208284159998e-01,-2.831208284159998e-01,4.892834730666666e-01,2.553582634666666e-01,1.092344638792104e+00,1.130585194488485e+00,2.776256494933316e-02,,False,True,False,True,0.14
0.14,0.14,0.14,0.96,2,2.831208284159999e-01,-2.831208284159999e-01,4.826490908444441e-01,2.586754545777777e-01,1.082962205475470e+00,1.119120276602887e+00,2.444537383822198e-02,,False,True,False,True,0.14
0.14,0.14,0.14,0.98,1,2.890191790079999e-01,-2.890191790079999e-01,4.990685454222225e-01,2.504657272888889e-01,1.114524348228971e+00,1.153432267390351e+00,3.855345171911112e-02,,False,True,False,True,0.14
0.14,0.14,0.14,0.98,2,2.890191790079998e-01,-2.890191790079998e-01,4.924341631999996e-01,2.537829183999999e-01,1.105141914912336e+00,1.141969335702044e+00,3.523626060799961e-02,,False,True,False,True,0.14
0.14,0.14,0.14,1.0,1,2.949175295999998e-01,-2.949175295999998e-01,5.088536177777774e-01,2.455731911111110e-01,1.136704057665836e+00,1.176279479700125e+00,4.934433848888853e-02,,False,True,False,True,0.14
0.14,0.14,0.14,1.0,2,2.949175295999999e-01,-2.949175295999999e-01,5.022192355555559e-01,2.488903822222222e-01,1.127321624349204e+00,1.164818457661749e+00,4.602714737777786e-02,,False,True,False,True,0.14
0.145,0.145,0.145,0.5,1,1.402300339000000e-01,-1.402300339000000e-01,2.588680450000000e-01,3.705659774999999e-01,5.644099158974275e-01,5.888195891093202e-01,0.000000000000000e+00,,False,False,False,True,0.145
0.145,0.145,0.145,0.5,2,1.402300338999999e-01,-1.402300338999999e-01,2.515242461111111e-01,3.742378769444444e-01,5.540242159094203e-01,5.759475975793559e-01,0.000000000000000e+00,,False,False,False,True,0.145
0.145,0.145,0.145,0.52,1,1.458392352560000e-01,-1.458392352560000e-01,2.683817667999999e-01,3.658091165999998e-01,5.857969589273686e-01,6.108939524688207e-01,0.000000000000000e+00,,False,False,False,True,0.145
0.145,0.145,0.145,0.52,2,1.458392352559999e-01,-1.458392352559999e-01,2.610379679111113e-01,3.694810160444443e-01,5.754112589393620e-01,5.980297759517239e-01,0.000000000000000e+00,,False,False,False,True,0.145
0.145,0.145,0.145,0.54,1,1.514484366119999e-01,-1.514484366119999e-01,2.778954885999997e-01,3.610522556999998e-01,6.071840019573097e-01,6.329692932092410e-01,0.000000000000000e+00,,False,False,False,True,0.145
0.145,0.145,0.145,0.54,2,1.514484366120000e-01,-1.514484366120000e-01,2.705516897111109e-01,3.647241551444443e-01,5.967983019693027e-01,6.201123954824842e-01,0.000000000000000e+00,,False,False,False,True,0.145
0.145,0.145,0.145,0.56,1,1.570576379680000e-01,-1.570576379680000e-01,2.874092104000000e-01,3.562953948000001e-01,6.285710449872516e-01,6.550455125160047e-01,0.000000000000000e+00,,False,False,False,True,0.145
0.145,0.145,0.145,0.56,2,1.570576379680000e-01,-1.570576379680000e-01,2.800654115111112e-01,3.599672942444443e-01,6.181853449992445e-01,6.421954106624413e-01,0.000000000000000e+00,,False,False,False,True,0.145
0.145,0.145,0.145,0.58,1,1.626668393239999e-01,-1.626668393239999e-01,2.969229321999995e-01,3.515385339000001e-01,6.499580880171921e-01,6.771225244574443e-01,0.000000000000000e+00,,False,False,False,True,0.145
0.145,0.145,0.145,0.58,2,1.626668393239999e-01,-1.626668393239999e-01,2.895791333111107e-01,3.552104333444445e-01,6.395723880291848e-01,6.642787820331884e-01,0.000000000000000e+00,,False,False,False,True,0.145
0.145,0.145,0.145,0.6,1,1.682760406799999e-01,-1.682760406799999e-01,3.064366539999997e-01,3.467816729999999e-01,6.713451310471334e-01,6.992002539520492e-01,0.000000000000000e+00,,False,False,False,True,0.145
0.145,0.145,0.145,0.6,2,1.682760406799999e-01,-1.682760406799999e-01,2.990928551111109e-01,3.504535724444444e-01,6.609594310591266e-01,6.863624752139439e-01,0.000000000000000e+00,,False,False,False,True,0.145
0.145,0.145,0.145,0.62,1,1.738852420359999e-01,-1.738852420359999e-01,3.159503758000004e-01,3.420248121000000e-01,6.927321740770760e-01,7.212786351087346e-01,0.000000000000000e+00,,False,False,False,True,0.145
0.145,0.145,0.145,0.62,2,1.738852420359999e-01,-1.738852420359999e-01,3.086065769111112e-01,3.456967115444443e-01,6.823464740890682e-01,7.084464601103230e-01,0.000000000000000e+00,,False,False,False,True,0.145
0.145,0.145,0.145,0.64,1,1.794944433920000e-01,-1.794944433920000e-01,3.254640976000003e-01,3.372679511999999e-01,7.141192171070172e-01,7.433576098626727e-01,0.000000000000000e+00,,False,False,False,True,0.145
0.145,0.145,0.145,0.64,2,1.794944433919999e-01,-1.794944433919999e-01,3.181202987111107e-01,3.409398506444444e-01,7.037335171190090e-01,7.305307102665847e-01,0.000000000000000e+00,,False,False,False,True,0.145
0.145,0.145,0.145,0.66,1,1.851036447480000e-01,-1.851036447480000e-01,3.349778193999996e-01,3.325110902999999e-01,7.355062601369575e-01,7.654371268470652e-01,0.000000000000000e+00,,False,False,False,True,0.145
0.145,0.145,0.145,0.66,2,1.851036447479999e-01,-1.851036447479999e-01,3.276340205111109e-01,3.361829897444443e-01,7.251205601489505e-01,7.526152023318923e-01,0.000000000000000e+00,,False,False,False,True,0.145
0.145,0.145,0.145,0.68,1,1.907128461039999e-01,-1.907128461039999e-01,3.444915411999998e-01,3.277542293999999e-01,7.568933031668991e-01,7.875171404545787e-01,0.000000000000000e+00,,False,False,False,True,0.145
0.145,0.145,0.145,0.68,2,1.907128461039999e-01,-1.907128461039999e-01,3.371477423111109e-01,3.314261288444444e-01,7.465076031788919e-01,7.746999156178273e-01,0.000000000000000e+00,,False,False,False,True,0.145
0.145,0.145,0.145,0.7,1,1.963220474599999e-01,-1.963220474599999e-01,3.540052630000000e-01,3.229973685000000e-01,7.782803461968406e-01,8.095976100522669e-01,0.000000000000000e+00,,False,False,False,True,0.145
0.145,0.145,0.145,0.7,2,1.963220474599999e-01,-1.963220474599999e-01,3.466614641111112e-01,3.266692679444445e-01,7.678946462088336e-01,7.967848317294844e-01,0.000000000000000e+00,,False,False,False,True,0.145
0.145,0.145,0.145,0.72,1,2.019312488160000e-01,-2.019312488160000e-01,3.635189847999998e-01,3.182405075999999e-01,7.996673892267818e-01,8.316784993214910e-01,0.000000000000000e+00,,False,False,False,True,0.145
0.145,0.145,0.145,0.72,2,2.019312488160000e-01,-2.019312488160000e-01,3.561751859111114e-01,3.219124070444443e-01,7.892816892387753e-01,8.188699342562384e-01,0.000000000000000e+00,,False,False,False,True,0.145
0.145,0.145,0.145,0.74,1,2.075404501719999e-01,-2.075404501719999e-01,3.730327065999998e-01,3.134836466999999e-01,8.210544322567230e-01,8.537597757002091e-01,0.000000000000000e+00,,False,False,False,True,0.145
0.145,0.145,0.145,0.74,2,2.075404501719999e-01,-2.075404501719999e-01,3.656889077111107e-01,3.171555461444444e-01,8.106687322687156e-01,8.409552085112302e-01,0.000000000000000e+00,,False,False,False,True,0.145
0.145,0.145,0.145,0.76,1,2.131496515279999e-01,-2.131496515279999e-01,3.825464284000000e-01,3.087267857999998e-01,8.424414752866645e-01,8.758414099095888e-01,0.000000000000000e+00,,False,False,False,True,0.145
0.145,0.145,0.145,0.76,2,2.131496515279999e-01,-2.131496515279999e-01,3.752026295111108e-01,3.123986852444443e-01,8.320557752986570e-01,8.630406413108475e-01,0.000000000000000e+00,,False,False,False,True,0.145
0.145,0.145,0.145,0.78,1,2.187588528839999e-01,-2.187588528839999e-01,3.920601501999997e-01,3.039699248999999e-01,8.638285183166055e-01,8.979233755504306e-01,0.000000000000000e+00,,False,False,False,True,0.145
0.145,0.145,0.145,0.78,2,2.187588528840000e-01,-2.187588528840000e-01,3.847163513111107e-01,3.076418243444445e-01,8.534428183285983e-01,8.851262207871994e-01,0.000000000000000e+00,,False,False,False,True,0.145
0.145,0.145,0.145,0.8,1,2.243680542399999e-01,-2.243680542399999e-01,4.015738719999996e-01,2.992130640000000e-01,8.852155613465467e-01,9.200056487576924e-01,0.000000000000000e+00,,False,False,False,True,0.145
0.145,0.145,0.145,0.8,2,2.243680542400000e-01,-2.243680542400000e-01,3.942300731111110e-01,3.028849634444445e-01,8.748298613585401e-01,9.072119362279919e-01,0.000000000000000e+00,,False,False,False,True,0.145
0.145,0.145,0.145,0.82,1,2.299772555959998e-01,-2.299772555959998e-01,4.110875937999997e-01,2.944562030999998e-01,9.066026043764882e-01,9.420882079035728e-01,0.000000000000000e+00,,False,False,False,True,0.145
0.145,0.145,0.145,0.82,2,2.299772555959998e-01,-2.299772555959998e-01,4.037437949111112e-01,2.981281025444443e-01,8.962169043884816e-01,9.292977779392205e-01,0.000000000000000e+00,,False,False,False,True,0.145
0.145,0.145,0.145,0.84,1,2.355864569519998e-01,-2.355864569519998e-01,4.206013156000000e-01,2.896993421999999e-01,9.279896474064298e-01,9.641710333413823e-01,0.000000000000000e+00,,False,False,False,True,0.145
0.145,0.145,0.145,0.84,2,2.355864569520000e-01,-2.355864569520000e-01,4.132575167111110e-01,2.933712416444444e-01,9.176039474184228e-01,9.513837371269928e-01,0.000000000000000e+00,,False,False,False,True,0.145
0.145,0.145,0.145,0.86,1,2.411956583079999e-01,-2.411956583079999e-01,4.301150373999997e-01,2.849424812999999e-01,9.493766904363710e-01,9.862541071838080e-01,0.000000000000000e+00,,False,False,False,True,0.145
0.145,0.145,0.145,0.86,2,2.411956583079999e-01,-2.411956583079999e-01,4.227712385111108e-01,2.886143807444443e-01,9.389909904483635e-01,9.734698057954297e-01,0.000000000000000e+00,,False,False,False,True,0.145
0.145,0.145,0.145,0.88,1,2.468048596639999e-01,-2.468048596639999e-01,4.396287592000001e-01,2.801856203999999e-01,9.707637334663128e-01,1.008337413110311e+00,0.000000000000000e+00,,False,False,False,True,0.145
0.145,0.145,0.145,0.88,2,2.468048596639999e-01,-2.468048596639999e-01,4.322849603111109e-01,2.838575198444444e-01,9.603780334783050e-01,9.955559766581593e-01,0.000000000000000e+00,,False,False,False,True,0.145
0.145,0.145,0.145,0.9,1,2.524140610200000e-01,-2.524140610200000e-01,4.491424810000002e-01,2.754287595000000e-01,9.921507764962543e-01,1.030420936199268e+00,0.000000000000000e+00,,False,False,False,True,0.145
0.145,0.145,0.145,0.9,2,2.524140610199999e-01,-2.524140610199999e-01,4.417986821111110e-01,2.791006589444444e-01,9.817650765082464e-01,1.017642243061328e+00,0.000000000000000e+00,,False,False,False,True,0.145
0.145,0.145,0.145,0.92,1,2.580232623759999e-01,-2.580232623759999e-01,4.586562027999999e-01,2.706718985999999e-01,1.013537819526195e+00,1.052504662781251e+00,0.000000000000000e+00,,False,False,False,True,0.145
0.145,0.145,0.145,0.92,2,2.580232623760000e-01,-2.580232623760000e-01,4.513124039111113e-01,2.743437980444443e-01,1.003152119538188e+00,1.039728598916429e+00,0.000000000000000e+00,,False,False,False,True,0.145
0.145,0.145,0.145,0.94,1,2.636324637319999e-01,-2.636324637319999e-01,4.681699245999997e-01,2.659150377000000e-01,1.034924862556136e+00,1.074588580310388e+00,0.000000000000000e+00,,False,False,False,True,0.145
0.145,0.145,0.145,0.94,2,2.636324637319999e-01,-2.636324637319999e-01,4.608261257111109e-01,2.695869371444444e-01,1.024539162568129e+00,1.061815038641508e+00,0.000000000000000e+00,,False,False,False,True,0.145
0.145,0.145,0.145,0.96,1,2.692416650879998e-01,-2.692416650879998e-01,4.776836463999997e-01,2.611581767999998e-01,1.056311905586077e+00,1.096672677251255e+00,8.083488287999707e-03,,False,True,False,True,0.145
0.145,0.145,0.145,0.96,2,2.692416650879998e-01,-2.692416650879998e-01,4.703398475111112e-01,2.648300762444443e-01,1.045926205598071e+00,1.083901557109563e+00,4.411588843555414e-03,,False,True,False,True,0.145
0.145,0.145,0.145,0.98,1,2.748508664439999e-01,-2.748508664439999e-01,4.871973681999999e-01,2.564013159000000e-01,1.077698948616019e+00,1.118756942979169e+00,1.844955054399983e-02,,False,True,False,True,0.145
0.145,0.145,0.145,0.98,2,2.748508664440000e-01,-2.748508664440000e-01,4.798535693111106e-01,2.600732153444444e-01,1.067313248628011e+00,1.105988149603115e+00,1.477765109955526e-02,,False,True,False,True,0.145
0.145,0.145,0.145,1.0,1,2.804600677999999e-01,-2.804600677999999e-01,4.967110899999997e-01,2.516444549999999e-01,1.099085991645960e+00,1.140841367692053e+00,2.881561279999978e-02,,False,True,False,True,0.145
0.145,0.145,0.145,1.0,2,2.804600677999998e-01,-2.804600677999998e-01,4.893672911111111e-01,2.553163544444443e-01,1.088700291657953e+00,1.128074811774126e+00,2.514371335555532e-02,,False,True,False,True,0.145
0.15,0.15,0.15,0.5,1,1.332800000000000e-01,-1.332800000000000e-01,2.536999999999999e-01,3.731500000000000e-01,5.472723643671402e-01,5.731570409582349e-01,0.000000000000000e+00,,False,False,False,True,0.15
0.15,0.15,0.15,0.5,2,1.332800000000001e-01,-1.332800000000001e-01,2.456000000000000e-01,3.772000000000000e-01,5.358172345119184e-01,5.588664183863620e-01,0.000000000000000e+00,,False,False,False,True,0.15
0.15,0.15,0.15,0.52,1,1.386112000000000e-01,-1.386112000000000e-01,2.629480000000003e-01,3.685260000000002e-01,5.678904667356907e-01,5.944904220235685e-01,0.000000000000000e+00,,False,False,False,True,0.15
0.15,0.15,0.15,0.52,2,1.386112000000000e-01,-1.386112000000000e-01,2.548480000000003e-01,3.725760000000001e-01,5.564353368804684e-01,5.802088171320396e-01,0.000000000000000e+00,,False,False,False,True,0.15
0.15,0.15,0.15,0.54,1,1.439424000000001e-01,-1.439424000000001e-01,2.721960000000000e-01,3.639020000000001e-01,5.885085691042400e-01,6.158249002233022e-01,0.000000000000000e+00,,False,False,False,True,0.15
0.15,0.15,0.15,0.54,2,1.439424000000000e-01,-1.439424000000000e-01,2.640959999999999e-01,3.679520000000001e-01,5.770534392490178e-01,6.015516993035925e-01,0.000000000000000e+00,,False,False,False,True,0.15
0.15,0.15,0.15,0.56,1,1.492736000000001e-01,-1.492736000000001e-01,2.814440000000004e-01,3.592780000000001e-01,6.091266714727904e-01,6.371603653491332e-01,0.000000000000000e+00,,False,False,False,True,0.15
0.15,0.15,0.15,0.56,2,1.492736000000001e-01,-1.492736000000001e-01,2.733439999999999e-01,3.633280000000002e-01,5.976715416175676e-01,6.228950152086946e-01,0.000000000000000e+00,,False,False,False,True,0.15
0.15,0.15,0.15,0.58,1,1.546048000000000e-01,-1.546048000000000e-01,2.906919999999997e-01,3.546540000000001e-01,6.297447738413393e-01,6.584967214710787e-01,0.000000000000000e+00,,False,False,False,True,0.15
0.15,0.15,0.15,0.58,2,1.546048000000001e-01,-1.546048000000001e-01,2.825920000000003e-01,3.587040000000000e-01,6.182896439861181e-01,6.442387217392018e-01,0.000000000000000e+00,,False,False,False,True,0.15
0.15,0.15,0.15,0.6,1,1.599360000000000e-01,-1.599360000000000e-01,2.999399999999999e-01,3.500300000000001e-01,6.503628762098892e-01,6.798338846983134e-01,0.000000000000000e+00,,False,False,False,True,0.15
0.15,0.15,0.15,0.6,2,1.599360000000001e-01,-1.599360000000001e-01,2.918400000000002e-01,3.540800000000001e-01,6.389077463546678e-01,6.655827813157433e-01,0.000000000000000e+00,,False,False,False,True,0.15
0.15,0.15,0.15,0.62,1,1.652672000000000e-01,-1.652672000000000e-01,3.091880000000003e-01,3.454060000000002e-01,6.709809785784395e-01,7.011717813484516e-01,0.000000000000000e+00,,False,False,False,True,0.15
0.15,0.15,0.15,0.62,2,1.652672000000000e-01,-1.652672000000000e-01,3.010879999999999e-01,3.494560000000001e-01,6.595258487232172e-01,6.869271610289986e-01,0.000000000000000e+00,,False,False,False,True,0.15
0.15,0.15,0.15,0.64,1,1.705984000000000e-01,-1.705984000000000e-01,3.184360000000002e-01,3.407820000000001e-01,6.915990809469894e-01,7.225103464409630e-01,0.000000000000000e+00,,False,False,False,True,0.15
0.15,0.15,0.15,0.64,2,1.705984000000000e-01,-1.705984000000000e-01,3.103359999999998e-01,3.448320000000002e-01,6.801439510917666e-01,7.082718319361850e-01,0.000000000000000e+00,,False,False,False,True,0.15
0.15,0.15,0.15,0.66,1,1.759296000000000e-01,-1.759296000000000e-01,3.276840000000002e-01,3.361580000000001e-01,7.122171833155392e-01,7.438495224496958e-01,0.000000000000000e+00,,False,False,False,True,0.15
0.15,0.15,0.15,0.66,2,1.759296000000001e-01,-1.759296000000001e-01,3.195840000000002e-01,3.402080000000000e-01,7.007620534603173e-01,7.296167684809887e-01,0.000000000000000e+00,,False,False,False,True,0.15
0.15,0.15,0.15,0.68,1,1.812608000000001e-01,-1.812608000000001e-01,3.369319999999997e-01,3.315340000000001e-01,7.328352856840885e-01,7.651892582639666e-01,0.000000000000000e+00,,False,False,False,True,0.15
0.15,0.15,0.15,0.68,2,1.812608000000001e-01,-1.812608000000001e-01,3.288320000000001e-01,3.355840000000002e-01,7.213801558288668e-01,7.509619480123879e-01,0.000000000000000e+00,,False,False,False,True,0.15
0.15,0.15,0.15,0.7,1,1.865920000000001e-01,-1.865920000000001e-01,3.461800000000004e-01,3.269100000000001e-01,7.534533880526393e-01,7.865295083186652e-01,0.000000000000000e+00,,False,False,False,True,0.15
0.15,0.15,0.15,0.7,2,1.865920000000001e-01,-1.865920000000001e-01,3.380800000000001e-01,3.309600000000002e-01,7.419982581974166e-01,7.723073503832528e-01,0.000000000000000e+00,,False,False,False,True,0.15
0.15,0.15,0.15,0.72,1,1.919232000000000e-01,-1.919232000000000e-01,3.554280000000000e-01,3.222860000000001e-01,7.740714904211883e-01,8.078702318621229e-01,0.000000000000000e+00,,False,False,False,True,0.15
0.15,0.15,0.15,0.72,2,1.919232000000001e-01,-1.919232000000001e-01,3.473279999999996e-01,3.263360000000003e-01,7.626163605659660e-01,7.936529576136909e-01,0.000000000000000e+00,,False,False,False,True,0.15
0.15,0.15,0.15,0.74,1,1.972544000000001e-01,-1.972544000000001e-01,3.646760000000003e-01,3.176620000000002e-01,7.946895927897387e-01,8.292113923369849e-01,0.000000000000000e+00,,False,False,False,True,0.15
0.15,0.15,0.15,0.74,2,1.972544000000001e-01,-1.972544000000001e-01,3.565760000000003e-01,3.217120000000002e-01,7.832344629345167e-01,8.149987536072929e-01,0.000000000000000e+00,,False,False,False,True,0.15
0.15,0.15,0.15,0.76,1,2.025856000000001e-01,-2.025856000000001e-01,3.739239999999999e-01,3.130380000000000e-01,8.153076951582880e-01,8.505529568542102e-01,0.000000000000000e+00,,False,False,False,True,0.15
0.15,0.15,0.15,0.76,2,2.025856000000001e-01,-2.025856000000001e-01,3.658240000000004e-01,3.170880000000002e-01,8.038525653030666e-01,8.363447239108053e-01,0.000000000000000e+00,,False,False,False,True,0.15
0.15,0.15,0.15,0.78,1,2.079168000000000e-01,-2.079168000000000e-01,3.831720000000004e-01,3.084140000000001e-01,8.359257975268383e-01,8.718948957442986e-01,0.000000000000000e+00,,False,False,False,True,0.15
0.15,0.15,0.15,0.78,2,2.079168000000000e-01,-2.079168000000000e-01,3.750720000000001e-01,3.124640000000001e-01,8.244706676716160e-01,8.576908555096996e-01,0.000000000000000e+00,,False,False,False,True,0.15
0.15,0.15,0.15,0.8,1,2.132480000000000e-01,-2.132480000000000e-01,3.924199999999999e-01,3.037900000000000e-01,8.565438998953876e-01,8.932371821727976e-01,0.000000000000000e+00,,False,False,False,True,0.15
0.15,0.15,0.15,0.8,2,2.132480000000000e-01,-2.132480000000000e-01,3.843199999999999e-01,3.078400000000002e-01,8.450887700401655e-01,8.790371366535089e-01,0.000000000000000e+00,,False,False,False,True,0.15
0.15,0.15,0.15,0.82,1,2.185792000000000e-01,-2.185792000000000e-01,4.016680000000001e-01,2.991660000000001e-01,8.771620022639377e-01,9.145797918096379e-01,0.000000000000000e+00,,False,False,False,True,0.15
0.15,0.15,0.15,0.82,2,2.185792000000000e-01,-2.185792000000000e-01,3.935680000000002e-01,3.032160000000002e-01,8.657068724087156e-01,9.003835567060077e-01,0.000000000000000e+00,,False,False,False,True,0.15
0.15,0.15,0.15,0.84,1,2.239104000000000e-01,-2.239104000000000e-01,4.109159999999998e-01,2.945420000000000e-01,8.977801046324871e-01,9.359227025436659e-01,0.000000000000000e+00,,False,False,False,True,0.15
0.15,0.15,0.15,0.84,2,2.239104000000000e-01,-2.239104000000000e-01,4.028160000000003e-01,2.985920000000002e-01,8.863249747772657e-01,9.217301060162031e-01,0.000000000000000e+00,,False,False,False,True,0.15
0.15,0.15,0.15,0.86,1,2.292416000000001e-01,-2.292416000000001e-01,4.201640000000002e-01,2.899180000000001e-01,9.183982070010375e-01,9.572658942353691e-01,0.000000000000000e+00,,False,False,False,True,0.15
0.15,0.15,0.15,0.86,2,2.292416000000000e-01,-2.292416000000000e-01,4.120640000000000e-01,2.939680000000001e-01,9.069430771458151e-01,9.430767758068480e-01,0.000000000000000e+00,,False,False,False,True,0.15
0.15,0.15,0.15,0.88,1,2.345728000000001e-01,-2.345728000000001e-01,4.294120000000000e-01,2.852940000000001e-01,9.390163093695871e-01,9.786093485019240e-01,0.000000000000000e+00,,False,False,False,True,0.15
0.15,0.15,0.15,0.88,2,2.345728000000001e-01,-2.345728000000001e-01,4.213119999999999e-01,2.893439999999999e-01,9.275611795143650e-01,9.644235580777566e-01,0.000000000000000e+00,,False,False,False,True,0.15
0.15,0.15,0.15,0.9,1,2.399040000000001e-01,-2.399040000000001e-01,4.386600000000004e-01,2.806700000000000e-01,9.596344117381377e-01,9.999530485297806e-01,0.000000000000000e+00,,False,False,False,True,0.15
0.15,0.15,0.15,0.9,2,2.399040000000001e-01,-2.399040000000001e-01,4.305599999999998e-01,2.847200000000001e-01,9.481792818829147e-01,9.857704455216739e-01,0.000000000000000e+00,,False,False,False,True,0.15
0.15,0.15,0.15,0.92,1,2.452352000000000e-01,-2.452352000000000e-01,4.479079999999999e-01,2.760459999999999e-01,9.802525141066863e-01,1.021296978910718e+00,0.000000000000000e+00,,False,False,False,True,0.15
0.15,0.15,0.15,0.92,2,2.452352000000001e-01,-2.452352000000001e-01,4.398080000000002e-01,2.800960000000000e-01,9.687973842514650e-01,1.007117431450852e+00,0.000000000000000e+00,,False,False,False,True,0.15
0.15,0.15,0.15,0.94,1,2.505664000000000e-01,-2.505664000000000e-01,4.571560000000002e-01,2.714220000000001e-01,1.000870616475237e+00,1.042641125498050e+00,0.000000000000000e+00,,False,False,False,True,0.15
0.15,0.15,0.15,0.94,2,2.505664000000001e-01,-2.505664000000001e-01,4.490559999999997e-01,2.754720000000002e-01,9.894154866200140e-01,1.028464509732756e+00,0.000000000000000e+00,,False,False,False,True,0.15
0.15,0.15,0.15,0.96,1,2.558976000000001e-01,-2.558976000000001e-01,4.664039999999999e-01,2.667980000000000e-01,1.021488718843786e+00,1.063985475280109e+00,0.000000000000000e+00,,False,False,False,True,0.15
0.15,0.15,0.15,0.96,2,2.558975999999999e-01,-2.558975999999999e-01,4.583040000000002e-01,2.708480000000000e-01,1.010033588988564e+00,1.049811674733635e+00,0.000000000000000e+00,,False,False,False,True,0.15
0.15,0.15,0.15,0.98,1,2.612288000000000e-01,-2.612288000000000e-01,4.756520000000003e-01,2.621740000000002e-01,1.042106821212337e+00,1.085330016268675e+00,0.000000000000000e+00,,False,False,False,True,0.15
0.15,0.15,0.15,0.98,2,2.612288000000001e-01,-2.612288000000001e-01,4.675520000000001e-01,2.662240000000002e-01,1.030651691357114e+00,1.071158921268810e+00,0.000000000000000e+00,,False,False,False,True,0.15
0.15,0.15,0.15,1.0,1,2.665600000000000e-01,-2.665600000000000e-01,4.848999999999999e-01,2.575500000000000e-01,1.062724923580886e+00,1.106674737400289e+00,9.009999999999962e-03,,False,True,False,True,0.15
0.15,0.15,0.15,1.0,2,2.665600000000002e-01,-2.665600000000002e-01,4.768000000000006e-01,2.616000000000001e-01,1.051269793725665e+00,1.092506244558814e+00,4.960000000000464e-03,,False,True,False,True,0.15
