p,scenario,trial,num_pairs,seed,qber,chsh_s,sifted_length,secure
0.01,single,1,1000,20260818,0.01282051282051282,2.7069933201904197,234,True
0.01,single,2,1000,20260819,0.022123893805309734,2.7069933201904197,226,True
0.01,single,3,1000,20260820,0.013636363636363636,2.7069933201904197,220,True
0.01,single,4,1000,20260821,0.01282051282051282,2.7069933201904197,234,True
0.01,single,5,1000,20260822,0.018691588785046728,2.7069933201904197,214,True
0.01,single,6,1000,20260823,0.01556420233463035,2.7069933201904197,257,True
0.01,single,7,1000,20260824,0.012987012987012988,2.7069933201904197,231,True
0.01,single,8,1000,20260825,0.030837004405286344,2.7069933201904197,227,True
0.01,single,9,1000,20260826,0.02727272727272727,2.7069933201904197,220,True
0.01,single,10,1000,20260827,0.017241379310344827,2.7069933201904197,232,True
0.01,single,11,1000,20260828,0.019230769230769232,2.7069933201904197,260,True
0.01,single,12,1000,20260829,0.0,2.7069933201904197,205,True
0.01,single,13,1000,20260830,0.025974025974025976,2.7069933201904197,231,True
0.01,single,14,1000,20260831,0.009174311926605505,2.7069933201904197,218,True
0.01,single,15,1000,20260832,0.02252252252252252,2.7069933201904197,222,True
0.01,single,16,1000,20260833,0.012987012987012988,2.7069933201904197,231,True
0.01,single,17,1000,20260834,0.01904761904761905,2.7069933201904197,210,True
0.01,single,18,1000,20260835,0.0410958904109589,2.7069933201904197,219,True
0.01,single,19,1000,20260836,0.017937219730941704,2.7069933201904197,223,True
0.01,single,20,1000,20260837,0.03365384615384615,2.7069933201904197,208,True
0.01,single,21,1000,20260838,0.016666666666666666,2.7069933201904197,240,True
0.01,single,22,1000,20260839,0.033816425120772944,2.7069933201904197,207,True
0.01,single,23,1000,20260840,0.026200873362445413,2.7069933201904197,229,True
0.01,single,24,1000,20260841,0.022123893805309734,2.7069933201904197,226,True
0.01,single,25,1000,20260842,0.017167381974248927,2.7069933201904197,233,True
0.01,single,26,1000,20260843,0.01195219123505976,2.7069933201904197,251,True
0.01,single,27,1000,20260844,0.02654867256637168,2.7069933201904197,226,True
0.01,single,28,1000,20260845,0.01834862385321101,2.7069933201904197,218,True
0.01,single,29,1000,20260846,0.036036036036036036,2.7069933201904197,222,True
0.01,single,30,1000,20260847,0.028037383177570093,2.7069933201904197,214,True
0.01,single,31,1000,20260848,0.02032520325203252,2.7069933201904197,246,True
0.01,single,32,1000,20260849,0.03070175438596491,2.7069933201904197,228,True
0.01,single,33,1000,20260850,0.02643171806167401,2.7069933201904197,227,True
0.01,single,34,1000,20260851,0.03361344537815126,2.7069933201904197,238,True
0.01,single,35,1000,20260852,0.013333333333333334,2.7069933201904197,225,True
0.01,single,36,1000,20260853,0.037037037037037035,2.7069933201904197,216,True
0.01,single,37,1000,20260854,0.017316017316017316,2.7069933201904197,231,True
0.01,single,38,1000,20260855,0.008298755186721992,2.7069933201904197,241,True
0.01,single,39,1000,20260856,0.009389671361502348,2.7069933201904197,213,True
0.01,single,40,1000,20260857,0.02510460251046025,2.7069933201904197,239,True
0.01,single,41,1000,20260858,0.03333333333333333,2.7069933201904197,240,True
0.01,single,42,1000,20260859,0.009174311926605505,2.7069933201904197,218,True
0.01,single,43,1000,20260860,0.043859649122807015,2.7069933201904197,228,True
0.01,single,44,1000,20260861,0.03755868544600939,2.7069933201904197,213,True
0.01,single,45,1000,20260862,0.018604651162790697,2.7069933201904197,215,True
0.01,single,46,1000,20260863,0.0136986301369863,2.7069933201904197,219,True
0.01,single,47,1000,20260864,0.03271028037383177,2.7069933201904197,214,True
0.01,single,48,1000,20260865,0.021645021645021644,2.7069933201904197,231,True
0.01,single,49,1000,20260866,0.009216589861751152,2.7069933201904197,217,True
0.01,single,50,1000,20260867,0.03365384615384615,2.7069933201904197,208,True
0.02,single,1,1000,20260868,0.02262443438914027,2.6704123293770357,221,True
0.02,single,2,1000,20260869,0.026785714285714284,2.6704123293770357,224,True
0.02,single,3,1000,20260870,0.03017241379310345,2.6704123293770357,232,True
0.02,single,4,1000,20260871,0.019762845849802372,2.6704123293770357,253,True
0.02,single,5,1000,20260872,0.041666666666666664,2.6704123293770357,216,True
0.02,single,6,1000,20260873,0.04455445544554455,2.6704123293770357,202,True
0.02,single,7,1000,20260874,0.02564102564102564,2.6704123293770357,234,True
0.02,single,8,1000,20260875,0.04424778761061947,2.6704123293770357,226,True
0.02,single,9,1000,20260876,0.019801980198019802,2.6704123293770357,202,True
0.02,single,10,1000,20260877,0.03375527426160337,2.6704123293770357,237,True
0.02,single,11,1000,20260878,0.009708737864077669,2.6704123293770357,206,True
0.02,single,12,1000,20260879,0.022123893805309734,2.6704123293770357,226,True
0.02,single,13,1000,20260880,0.037037037037037035,2.6704123293770357,216,True
0.02,single,14,1000,20260881,0.03524229074889868,2.6704123293770357,227,True
0.02,single,15,1000,20260882,0.013513513513513514,2.6704123293770357,222,True
0.02,single,16,1000,20260883,0.013824884792626729,2.6704123293770357,217,True
0.02,single,17,1000,20260884,0.03571428571428571,2.6704123293770357,224,True
0.02,single,18,1000,20260885,0.03636363636363636,2.6704123293770357,220,True
0.02,single,19,1000,20260886,0.030303030303030304,2.6704123293770357,198,True
0.02,single,20,1000,20260887,0.039301310043668124,2.6704123293770357,229,True
0.02,single,21,1000,20260888,0.04932735426008968,2.6704123293770357,223,True
0.02,single,22,1000,20260889,0.07296137339055794,2.6704123293770357,233,True
0.02,single,23,1000,20260890,0.027649769585253458,2.6704123293770357,217,True
0.02,single,24,1000,20260891,0.0211864406779661,2.6704123293770357,236,True
0.02,single,25,1000,20260892,0.046875,2.6704123293770357,192,True
0.02,single,26,1000,20260893,0.021834061135371178,2.6704123293770357,229,True
0.02,single,27,1000,20260894,0.030973451327433628,2.6704123293770357,226,True
0.02,single,28,1000,20260895,0.013953488372093023,2.6704123293770357,215,True
0.02,single,29,1000,20260896,0.018957345971563982,2.6704123293770357,211,True
0.02,single,30,1000,20260897,0.02066115702479339,2.6704123293770357,242,True
0.02,single,31,1000,20260898,0.009302325581395349,2.6704123293770357,215,True
0.02,single,32,1000,20260899,0.016877637130801686,2.6704123293770357,237,True
0.02,single,33,1000,20260900,0.02358490566037736,2.6704123293770357,212,True
0.02,single,34,1000,20260901,0.044642857142857144,2.6704123293770357,224,True
0.02,single,35,1000,20260902,0.03271028037383177,2.6704123293770357,214,True
0.02,single,36,1000,20260903,0.02459016393442623,2.6704123293770357,244,True
0.02,single,37,1000,20260904,0.018957345971563982,2.6704123293770357,211,True
0.02,single,38,1000,20260905,0.022222222222222223,2.6704123293770357,225,True
0.02,single,39,1000,20260906,0.034482758620689655,2.6704123293770357,203,True
0.02,single,40,1000,20260907,0.0380952380952381,2.6704123293770357,210,True
0.02,single,41,1000,20260908,0.03076923076923077,2.6704123293770357,195,True
0.02,single,42,1000,20260909,0.02304147465437788,2.6704123293770357,217,True
0.02,single,43,1000,20260910,0.027906976744186046,2.6704123293770357,215,True
0.02,single,44,1000,20260911,0.028708133971291867,2.6704123293770357,209,True
0.02,single,45,1000,20260912,0.017316017316017316,2.6704123293770357,231,True
0.02,single,46,1000,20260913,0.03015075376884422,2.6704123293770357,199,True
0.02,single,47,1000,20260914,0.02830188679245283,2.6704123293770357,212,True
0.02,single,48,1000,20260915,0.05394190871369295,2.6704123293770357,241,True
0.02,single,49,1000,20260916,0.02252252252252252,2.6704123293770357,222,True
0.02,single,50,1000,20260917,0.02262443438914027,2.6704123293770357,221,True
0.03,single,1,1000,20260918,0.05045871559633028,2.633831338563651,218,True
0.03,single,2,1000,20260919,0.04020100502512563,2.633831338563651,199,True
0.03,single,3,1000,20260920,0.036036036036036036,2.633831338563651,222,True
0.03,single,4,1000,20260921,0.04245283018867924,2.633831338563651,212,True
0.03,single,5,1000,20260922,0.07075471698113207,2.633831338563651,212,True
0.03,single,6,1000,20260923,0.034482758620689655,2.633831338563651,203,True
0.03,single,7,1000,20260924,0.055299539170506916,2.633831338563651,217,True
0.03,single,8,1000,20260925,0.019704433497536946,2.633831338563651,203,True
0.03,single,9,1000,20260926,0.03896103896103896,2.633831338563651,231,True
0.03,single,10,1000,20260927,0.051643192488262914,2.633831338563651,213,True
0.03,single,11,1000,20260928,0.046610169491525424,2.633831338563651,236,True
0.03,single,12,1000,20260929,0.02857142857142857,2.633831338563651,245,True
0.03,single,13,1000,20260930,0.021551724137931036,2.633831338563651,232,True
0.03,single,14,1000,20260931,0.017316017316017316,2.633831338563651,231,True
0.03,single,15,1000,20260932,0.03829787234042553,2.633831338563651,235,True
0.03,single,16,1000,20260933,0.02510460251046025,2.633831338563651,239,True
0.03,single,17,1000,20260934,0.014634146341463415,2.633831338563651,205,True
0.03,single,18,1000,20260935,0.03524229074889868,2.633831338563651,227,True
0.03,single,19,1000,20260936,0.03278688524590164,2.633831338563651,244,True
0.03,single,20,1000,20260937,0.04040404040404041,2.633831338563651,198,True
0.03,single,21,1000,20260938,0.0326530612244898,2.633831338563651,245,True
0.03,single,22,1000,20260939,0.02564102564102564,2.633831338563651,195,True
0.03,single,23,1000,20260940,0.03211009174311927,2.633831338563651,218,True
0.03,single,24,1000,20260941,0.05069124423963134,2.633831338563651,217,True
0.03,single,25,1000,20260942,0.04225352112676056,2.633831338563651,213,True
0.03,single,26,1000,20260943,0.029166666666666667,2.633831338563651,240,True
0.03,single,27,1000,20260944,0.045454545454545456,2.633831338563651,242,True
0.03,single,28,1000,20260945,0.04824561403508772,2.633831338563651,228,True
0.03,single,29,1000,20260946,0.03375527426160337,2.633831338563651,237,True
0.03,single,30,1000,20260947,0.05106382978723404,2.633831338563651,235,True
0.03,single,31,1000,20260948,0.03211009174311927,2.633831338563651,218,True
0.03,single,32,1000,20260949,0.023923444976076555,2.633831338563651,209,True
0.03,single,33,1000,20260950,0.04741379310344827,2.633831338563651,232,True
0.03,single,34,1000,20260951,0.041666666666666664,2.633831338563651,216,True
0.03,single,35,1000,20260952,0.027522935779816515,2.633831338563651,218,True
0.03,single,36,1000,20260953,0.0319634703196347,2.633831338563651,219,True
0.03,single,37,1000,20260954,0.05726872246696035,2.633831338563651,227,True
0.03,single,38,1000,20260955,0.02702702702702703,2.633831338563651,222,True
0.03,single,39,1000,20260956,0.03167420814479638,2.633831338563651,221,True
0.03,single,40,1000,20260957,0.02510460251046025,2.633831338563651,239,True
0.03,single,41,1000,20260958,0.05701754385964912,2.633831338563651,228,True
0.03,single,42,1000,20260959,0.02403846153846154,2.633831338563651,208,True
0.03,single,43,1000,20260960,0.05092592592592592,2.633831338563651,216,True
0.03,single,44,1000,20260961,0.0273972602739726,2.633831338563651,219,True
0.03,single,45,1000,20260962,0.02727272727272727,2.633831338563651,220,True
0.03,single,46,1000,20260963,0.04326923076923077,2.633831338563651,208,True
0.03,single,47,1000,20260964,0.027522935779816515,2.633831338563651,218,True
0.03,single,48,1000,20260965,0.0375,2.633831338563651,240,True
0.03,single,49,1000,20260966,0.012048192771084338,2.633831338563651,249,True
0.03,single,50,1000,20260967,0.046296296296296294,2.633831338563651,216,True
0.04,single,1,1000,20260968,0.05150214592274678,2.597250347750267,233,True
0.04,single,2,1000,20260969,0.039647577092511016,2.597250347750267,227,True
0.04,single,3,1000,20260970,0.03524229074889868,2.597250347750267,227,True
0.04,single,4,1000,20260971,0.030973451327433628,2.597250347750267,226,True
0.04,single,5,1000,20260972,0.03319502074688797,2.597250347750267,241,True
0.04,single,6,1000,20260973,0.030456852791878174,2.597250347750267,197,True
0.04,single,7,1000,20260974,0.023715415019762844,2.597250347750267,253,True
0.04,single,8,1000,20260975,0.05701754385964912,2.597250347750267,228,True
0.04,single,9,1000,20260976,0.046610169491525424,2.597250347750267,236,True
0.04,single,10,1000,20260977,0.055299539170506916,2.597250347750267,217,True
0.04,single,11,1000,20260978,0.061946902654867256,2.597250347750267,226,True
0.04,single,12,1000,20260979,0.043689320388349516,2.597250347750267,206,True
0.04,single,13,1000,20260980,0.03619909502262444,2.597250347750267,221,True
0.04,single,14,1000,20260981,0.049019607843137254,2.597250347750267,204,True
0.04,single,15,1000,20260982,0.03015075376884422,2.597250347750267,199,True
0.04,single,16,1000,20260983,0.023696682464454975,2.597250347750267,211,True
0.04,single,17,1000,20260984,0.02564102564102564,2.597250347750267,234,True
0.04,single,18,1000,20260985,0.018691588785046728,2.597250347750267,214,True
0.04,single,19,1000,20260986,0.03571428571428571,2.597250347750267,224,True
0.04,single,20,1000,20260987,0.024489795918367346,2.597250347750267,245,True
0.04,single,21,1000,20260988,0.0211864406779661,2.597250347750267,236,True
0.04,single,22,1000,20260989,0.04065040650406504,2.597250347750267,246,True
0.04,single,23,1000,20260990,0.03524229074889868,2.597250347750267,227,True
0.04,single,24,1000,20260991,0.06046511627906977,2.597250347750267,215,True
0.04,single,25,1000,20260992,0.05188679245283019,2.597250347750267,212,True
0.04,single,26,1000,20260993,0.03980099502487562,2.597250347750267,201,True
0.04,single,27,1000,20260994,0.03524229074889868,2.597250347750267,227,True
0.04,single,28,1000,20260995,0.043689320388349516,2.597250347750267,206,True
0.04,single,29,1000,20260996,0.028708133971291867,2.597250347750267,209,True
0.04,single,30,1000,20260997,0.05128205128205128,2.597250347750267,195,True
0.04,single,31,1000,20260998,0.05,2.597250347750267,240,True
0.04,single,32,1000,20260999,0.06779661016949153,2.597250347750267,236,True
0.04,single,33,1000,20261000,0.07083333333333333,2.597250347750267,240,True
0.04,single,34,1000,20261001,0.06763285024154589,2.597250347750267,207,True
0.04,single,35,1000,20261002,0.037209302325581395,2.597250347750267,215,True
0.04,single,36,1000,20261003,0.023696682464454975,2.597250347750267,211,True
0.04,single,37,1000,20261004,0.05454545454545454,2.597250347750267,220,True
0.04,single,38,1000,20261005,0.03398058252427184,2.597250347750267,206,True
0.04,single,39,1000,20261006,0.05803571428571429,2.597250347750267,224,True
0.04,single,40,1000,20261007,0.03389830508474576,2.597250347750267,236,True
0.04,single,41,1000,20261008,0.03211009174311927,2.597250347750267,218,True
0.04,single,42,1000,20261009,0.045662100456621,2.597250347750267,219,True
0.04,single,43,1000,20261010,0.06074766355140187,2.597250347750267,214,True
0.04,single,44,1000,20261011,0.03829787234042553,2.597250347750267,235,True
0.04,single,45,1000,20261012,0.05555555555555555,2.597250347750267,198,True
0.04,single,46,1000,20261013,0.04205607476635514,2.597250347750267,214,True
0.04,single,47,1000,20261014,0.022222222222222223,2.597250347750267,225,True
0.04,single,48,1000,20261015,0.057971014492753624,2.597250347750267,207,True
0.04,single,49,1000,20261016,0.03286384976525822,2.597250347750267,213,True
0.04,single,50,1000,20261017,0.06018518518518518,2.597250347750267,216,True
0.05,single,1,1000,20261018,0.051643192488262914,2.560669356936883,213,True
0.05,single,2,1000,20261019,0.029166666666666667,2.560669356936883,240,True
0.05,single,3,1000,20261020,0.0211864406779661,2.560669356936883,236,True
0.05,single,4,1000,20261021,0.03862660944206009,2.560669356936883,233,True
0.05,single,5,1000,20261022,0.02830188679245283,2.560669356936883,212,True
0.05,single,6,1000,20261023,0.08482142857142858,2.560669356936883,224,True
0.05,single,7,1000,20261024,0.037037037037037035,2.560669356936883,216,True
0.05,single,8,1000,20261025,0.046296296296296294,2.560669356936883,216,True
0.05,single,9,1000,20261026,0.05701754385964912,2.560669356936883,228,True
0.05,single,10,1000,20261027,0.037914691943127965,2.560669356936883,211,True
0.05,single,11,1000,20261028,0.06976744186046512,2.560669356936883,215,True
0.05,single,12,1000,20261029,0.07373271889400922,2.560669356936883,217,True
0.05,single,13,1000,20261030,0.03636363636363636,2.560669356936883,220,True
0.05,single,14,1000,20261031,0.05909090909090909,2.560669356936883,220,True
0.05,single,15,1000,20261032,0.05622489959839357,2.560669356936883,249,True
0.05,single,16,1000,20261033,0.03902439024390244,2.560669356936883,205,True
0.05,single,17,1000,20261034,0.05741626794258373,2.560669356936883,209,True
0.05,single,18,1000,20261035,0.07272727272727272,2.560669356936883,220,True
0.05,single,19,1000,20261036,0.03317535545023697,2.560669356936883,211,True
0.05,single,20,1000,20261037,0.06666666666666667,2.560669356936883,210,True
0.05,single,21,1000,20261038,0.057692307692307696,2.560669356936883,208,True
0.05,single,22,1000,20261039,0.051643192488262914,2.560669356936883,213,True
0.05,single,23,1000,20261040,0.0411522633744856,2.560669356936883,243,True
0.05,single,24,1000,20261041,0.07172995780590717,2.560669356936883,237,True
0.05,single,25,1000,20261042,0.05084745762711865,2.560669356936883,236,True
0.05,single,26,1000,20261043,0.05603448275862069,2.560669356936883,232,True
0.05,single,27,1000,20261044,0.02727272727272727,2.560669356936883,220,True
0.05,single,28,1000,20261045,0.07211538461538461,2.560669356936883,208,True
0.05,single,29,1000,20261046,0.05803571428571429,2.560669356936883,224,True
0.05,single,30,1000,20261047,0.08,2.560669356936883,225,True
0.05,single,31,1000,20261048,0.03587443946188341,2.560669356936883,223,True
0.05,single,32,1000,20261049,0.036036036036036036,2.560669356936883,222,True
0.05,single,33,1000,20261050,0.09009009009009009,2.560669356936883,222,True
0.05,single,34,1000,20261051,0.034653465346534656,2.560669356936883,202,True
0.05,single,35,1000,20261052,0.04608294930875576,2.560669356936883,217,True
0.05,single,36,1000,20261053,0.0625,2.560669356936883,224,True
0.05,single,37,1000,20261054,0.03902439024390244,2.560669356936883,205,True
0.05,single,38,1000,20261055,0.05333333333333334,2.560669356936883,225,True
0.05,single,39,1000,20261056,0.04285714285714286,2.560669356936883,210,True
0.05,single,40,1000,20261057,0.04411764705882353,2.560669356936883,204,True
0.05,single,41,1000,20261058,0.02575107296137339,2.560669356936883,233,True
0.05,single,42,1000,20261059,0.01951219512195122,2.560669356936883,205,True
0.05,single,43,1000,20261060,0.0430622009569378,2.560669356936883,209,True
0.05,single,44,1000,20261061,0.03225806451612903,2.560669356936883,217,True
0.05,single,45,1000,20261062,0.031818181818181815,2.560669356936883,220,True
0.05,single,46,1000,20261063,0.03755868544600939,2.560669356936883,213,True
0.05,single,47,1000,20261064,0.04608294930875576,2.560669356936883,217,True
0.05,single,48,1000,20261065,0.03167420814479638,2.560669356936883,221,True
0.05,single,49,1000,20261066,0.04090909090909091,2.560669356936883,220,True
0.05,single,50,1000,20261067,0.05963302752293578,2.560669356936883,218,True
0.060000000000000005,single,1,1000,20261068,0.013157894736842105,2.524088366123499,228,True
0.060000000000000005,single,2,1000,20261069,0.04932735426008968,2.524088366123499,223,True
0.060000000000000005,single,3,1000,20261070,0.056338028169014086,2.524088366123499,213,True
0.060000000000000005,single,4,1000,20261071,0.07727272727272727,2.524088366123499,220,True
0.060000000000000005,single,5,1000,20261072,0.015789473684210527,2.524088366123499,190,True
0.060000000000000005,single,6,1000,20261073,0.0779816513761468,2.524088366123499,218,True
0.060000000000000005,single,7,1000,20261074,0.0514018691588785,2.524088366123499,214,True
0.060000000000000005,single,8,1000,20261075,0.05025125628140704,2.524088366123499,199,True
0.060000000000000005,single,9,1000,20261076,0.05485232067510549,2.524088366123499,237,True
0.060000000000000005,single,10,1000,20261077,0.05555555555555555,2.524088366123499,234,True
0.060000000000000005,single,11,1000,20261078,0.028985507246376812,2.524088366123499,207,True
0.060000000000000005,single,12,1000,20261079,0.047619047619047616,2.524088366123499,231,True
0.060000000000000005,single,13,1000,20261080,0.043668122270742356,2.524088366123499,229,True
0.060000000000000005,single,14,1000,20261081,0.038461538461538464,2.524088366123499,208,True
0.060000000000000005,single,15,1000,20261082,0.02857142857142857,2.524088366123499,245,True
0.060000000000000005,single,16,1000,20261083,0.04591836734693878,2.524088366123499,196,True
0.060000000000000005,single,17,1000,20261084,0.05339805825242718,2.524088366123499,206,True
0.060000000000000005,single,18,1000,20261085,0.06046511627906977,2.524088366123499,215,True
0.060000000000000005,single,19,1000,20261086,0.053061224489795916,2.524088366123499,245,True
0.060000000000000005,single,20,1000,20261087,0.06796116504854369,2.524088366123499,206,True
0.060000000000000005,single,21,1000,20261088,0.05752212389380531,2.524088366123499,226,True
0.060000000000000005,single,22,1000,20261089,0.05726872246696035,2.524088366123499,227,True
0.060000000000000005,single,23,1000,20261090,0.04424778761061947,2.524088366123499,226,True
0.060000000000000005,single,24,1000,20261091,0.03723404255319149,2.524088366123499,188,True
0.060000000000000005,single,25,1000,20261092,0.05172413793103448,2.524088366123499,232,True
0.060000000000000005,single,26,1000,20261093,0.03535353535353535,2.524088366123499,198,True
0.060000000000000005,single,27,1000,20261094,0.059907834101382486,2.524088366123499,217,True
0.060000000000000005,single,28,1000,20261095,0.04310344827586207,2.524088366123499,232,True
0.060000000000000005,single,29,1000,20261096,0.07727272727272727,2.524088366123499,220,True
0.060000000000000005,single,30,1000,20261097,0.02830188679245283,2.524088366123499,212,True
0.060000000000000005,single,31,1000,20261098,0.045454545454545456,2.524088366123499,220,True
0.060000000000000005,single,32,1000,20261099,0.047619047619047616,2.524088366123499,231,True
0.060000000000000005,single,33,1000,20261100,0.03167420814479638,2.524088366123499,221,True
0.060000000000000005,single,34,1000,20261101,0.04954954954954955,2.524088366123499,222,True
0.060000000000000005,single,35,1000,20261102,0.07476635514018691,2.524088366123499,214,True
0.060000000000000005,single,36,1000,20261103,0.06521739130434782,2.524088366123499,230,True
0.060000000000000005,single,37,1000,20261104,0.05504587155963303,2.524088366123499,218,True
0.060000000000000005,single,38,1000,20261105,0.05660377358490566,2.524088366123499,212,True
0.060000000000000005,single,39,1000,20261106,0.07075471698113207,2.524088366123499,212,True
0.060000000000000005,single,40,1000,20261107,0.07729468599033816,2.524088366123499,207,True
0.060000000000000005,single,41,1000,20261108,0.04739336492890995,2.524088366123499,211,True
0.060000000000000005,single,42,1000,20261109,0.08294930875576037,2.524088366123499,217,True
0.060000000000000005,single,43,1000,20261110,0.0653061224489796,2.524088366123499,245,True
0.060000000000000005,single,44,1000,20261111,0.08490566037735849,2.524088366123499,212,True
0.060000000000000005,single,45,1000,20261112,0.07339449541284404,2.524088366123499,218,True
0.060000000000000005,single,46,1000,20261113,0.05286343612334802,2.524088366123499,227,True
0.060000000000000005,single,47,1000,20261114,0.09292035398230089,2.524088366123499,226,True
0.060000000000000005,single,48,1000,20261115,0.06103286384976526,2.524088366123499,213,True
0.060000000000000005,single,49,1000,20261116,0.045662100456621,2.524088366123499,219,True
0.060000000000000005,single,50,1000,20261117,0.046296296296296294,2.524088366123499,216,True
0.06999999999999999,single,1,1000,20261118,0.04054054054054054,2.4875073753101153,222,True
0.06999999999999999,single,2,1000,20261119,0.08835341365461848,2.4875073753101153,249,True
0.06999999999999999,single,3,1000,20261120,0.05357142857142857,2.4875073753101153,224,True
0.06999999999999999,single,4,1000,20261121,0.06639004149377593,2.4875073753101153,241,True
0.06999999999999999,single,5,1000,20261122,0.0430622009569378,2.4875073753101153,209,True
0.06999999999999999,single,6,1000,20261123,0.07389162561576355,2.4875073753101153,203,True
0.06999999999999999,single,7,1000,20261124,0.06403940886699508,2.4875073753101153,203,True
0.06999999999999999,single,8,1000,20261125,0.07758620689655173,2.4875073753101153,232,True
0.06999999999999999,single,9,1000,20261126,0.07894736842105263,2.4875073753101153,228,True
0.06999999999999999,single,10,1000,20261127,0.07339449541284404,2.4875073753101153,218,True
0.06999999999999999,single,11,1000,20261128,0.07692307692307693,2.4875073753101153,221,True
0.06999999999999999,single,12,1000,20261129,0.06637168141592921,2.4875073753101153,226,True
0.06999999999999999,single,13,1000,20261130,0.08264462809917356,2.4875073753101153,242,True
0.06999999999999999,single,14,1000,20261131,0.03349282296650718,2.4875073753101153,209,True
0.06999999999999999,single,15,1000,20261132,0.04072398190045249,2.4875073753101153,221,True
0.06999999999999999,single,16,1000,20261133,0.052,2.4875073753101153,250,True
0.06999999999999999,single,17,1000,20261134,0.05627705627705628,2.4875073753101153,231,True
0.06999999999999999,single,18,1000,20261135,0.048034934497816595,2.4875073753101153,229,True
0.06999999999999999,single,19,1000,20261136,0.07563025210084033,2.4875073753101153,238,True
0.06999999999999999,single,20,1000,20261137,0.05660377358490566,2.4875073753101153,212,True
0.06999999999999999,single,21,1000,20261138,0.07142857142857142,2.4875073753101153,224,True
0.06999999999999999,single,22,1000,20261139,0.06363636363636363,2.4875073753101153,220,True
0.06999999999999999,single,23,1000,20261140,0.07456140350877193,2.4875073753101153,228,True
0.06999999999999999,single,24,1000,20261141,0.03669724770642202,2.4875073753101153,218,True
0.06999999999999999,single,25,1000,20261142,0.044444444444444446,2.4875073753101153,225,True
0.06999999999999999,single,26,1000,20261143,0.04326923076923077,2.4875073753101153,208,True
0.06999999999999999,single,27,1000,20261144,0.07582938388625593,2.4875073753101153,211,True
0.06999999999999999,single,28,1000,20261145,0.045662100456621,2.4875073753101153,219,True
0.06999999999999999,single,29,1000,20261146,0.07142857142857142,2.4875073753101153,238,True
0.06999999999999999,single,30,1000,20261147,0.058823529411764705,2.4875073753101153,221,True
0.06999999999999999,single,31,1000,20261148,0.0593607305936073,2.4875073753101153,219,True
0.06999999999999999,single,32,1000,20261149,0.056768558951965066,2.4875073753101153,229,True
0.06999999999999999,single,33,1000,20261150,0.0967741935483871,2.4875073753101153,217,True
0.06999999999999999,single,34,1000,20261151,0.034482758620689655,2.4875073753101153,232,True
0.06999999999999999,single,35,1000,20261152,0.04807692307692308,2.4875073753101153,208,True
0.06999999999999999,single,36,1000,20261153,0.038135593220338986,2.4875073753101153,236,True
0.06999999999999999,single,37,1000,20261154,0.05027932960893855,2.4875073753101153,179,True
0.06999999999999999,single,38,1000,20261155,0.04219409282700422,2.4875073753101153,237,True
0.06999999999999999,single,39,1000,20261156,0.048,2.4875073753101153,250,True
0.06999999999999999,single,40,1000,20261157,0.057777777777777775,2.4875073753101153,225,True
0.06999999999999999,single,41,1000,20261158,0.07048458149779736,2.4875073753101153,227,True
0.06999999999999999,single,42,1000,20261159,0.08095238095238096,2.4875073753101153,210,True
0.06999999999999999,single,43,1000,20261160,0.051643192488262914,2.4875073753101153,213,True
0.06999999999999999,single,44,1000,20261161,0.06334841628959276,2.4875073753101153,221,True
0.06999999999999999,single,45,1000,20261162,0.052884615384615384,2.4875073753101153,208,True
0.06999999999999999,single,46,1000,20261163,0.08181818181818182,2.4875073753101153,220,True
0.06999999999999999,single,47,1000,20261164,0.07981220657276995,2.4875073753101153,213,True
0.06999999999999999,single,48,1000,20261165,0.06956521739130435,2.4875073753101153,230,True
0.06999999999999999,single,49,1000,20261166,0.08173076923076923,2.4875073753101153,208,True
0.06999999999999999,single,50,1000,20261167,0.043478260869565216,2.4875073753101153,207,True
0.08,single,1,1000,20261168,0.06140350877192982,2.4509263844967313,228,True
0.08,single,2,1000,20261169,0.05555555555555555,2.4509263844967313,198,True
0.08,single,3,1000,20261170,0.0684931506849315,2.4509263844967313,219,True
0.08,single,4,1000,20261171,0.04081632653061224,2.4509263844967313,245,True
0.08,single,5,1000,20261172,0.07488986784140969,2.4509263844967313,227,True
0.08,single,6,1000,20261173,0.07017543859649122,2.4509263844967313,228,True
0.08,single,7,1000,20261174,0.08737864077669903,2.4509263844967313,206,True
0.08,single,8,1000,20261175,0.06190476190476191,2.4509263844967313,210,True
0.08,single,9,1000,20261176,0.04054054054054054,2.4509263844967313,222,True
0.08,single,10,1000,20261177,0.09210526315789473,2.4509263844967313,228,True
0.08,single,11,1000,20261178,0.07407407407407407,2.4509263844967313,216,True
0.08,single,12,1000,20261179,0.06808510638297872,2.4509263844967313,235,True
0.08,single,13,1000,20261180,0.07174887892376682,2.4509263844967313,223,True
0.08,single,14,1000,20261181,0.06735751295336788,2.4509263844967313,193,True
0.08,single,15,1000,20261182,0.07042253521126761,2.4509263844967313,213,True
0.08,single,16,1000,20261183,0.07317073170731707,2.4509263844967313,205,True
0.08,single,17,1000,20261184,0.05084745762711865,2.4509263844967313,236,True
0.08,single,18,1000,20261185,0.06306306306306306,2.4509263844967313,222,True
0.08,single,19,1000,20261186,0.04700854700854701,2.4509263844967313,234,True
0.08,single,20,1000,20261187,0.045454545454545456,2.4509263844967313,220,True
0.08,single,21,1000,20261188,0.08658008658008658,2.4509263844967313,231,True
0.08,single,22,1000,20261189,0.06310679611650485,2.4509263844967313,206,True
0.08,single,23,1000,20261190,0.04477611940298507,2.4509263844967313,201,True
0.08,single,24,1000,20261191,0.06696428571428571,2.4509263844967313,224,True
0.08,single,25,1000,20261192,0.059113300492610835,2.4509263844967313,203,True
0.08,single,26,1000,20261193,0.06787330316742081,2.4509263844967313,221,True
0.08,single,27,1000,20261194,0.09268292682926829,2.4509263844967313,205,True
0.08,single,28,1000,20261195,0.07906976744186046,2.4509263844967313,215,True
0.08,single,29,1000,20261196,0.06167400881057269,2.4509263844967313,227,True
0.08,single,30,1000,20261197,0.05454545454545454,2.4509263844967313,220,True
0.08,single,31,1000,20261198,0.05429864253393665,2.4509263844967313,221,True
0.08,single,32,1000,20261199,0.06698564593301436,2.4509263844967313,209,True
0.08,single,33,1000,20261200,0.04405286343612335,2.4509263844967313,227,True
0.08,single,34,1000,20261201,0.0752212389380531,2.4509263844967313,226,True
0.08,single,35,1000,20261202,0.046218487394957986,2.4509263844967313,238,True
0.08,single,36,1000,20261203,0.0743801652892562,2.4509263844967313,242,True
0.08,single,37,1000,20261204,0.06074766355140187,2.4509263844967313,214,True
0.08,single,38,1000,20261205,0.04784688995215311,2.4509263844967313,209,True
0.08,single,39,1000,20261206,0.07042253521126761,2.4509263844967313,213,True
0.08,single,40,1000,20261207,0.05726872246696035,2.4509263844967313,227,True
0.08,single,41,1000,20261208,0.05627705627705628,2.4509263844967313,231,True
0.08,single,42,1000,20261209,0.07142857142857142,2.4509263844967313,238,True
0.08,single,43,1000,20261210,0.08520179372197309,2.4509263844967313,223,True
0.08,single,44,1000,20261211,0.06403940886699508,2.4509263844967313,203,True
0.08,single,45,1000,20261212,0.046511627906976744,2.4509263844967313,215,True
0.08,single,46,1000,20261213,0.06074766355140187,2.4509263844967313,214,True
0.08,single,47,1000,20261214,0.09547738693467336,2.4509263844967313,199,True
0.08,single,48,1000,20261215,0.06550218340611354,2.4509263844967313,229,True
0.08,single,49,1000,20261216,0.09615384615384616,2.4509263844967313,208,True
0.08,single,50,1000,20261217,0.04186046511627907,2.4509263844967313,215,True
0.09,single,1,1000,20261218,0.09615384615384616,2.414345393683347,260,True
0.09,single,2,1000,20261219,0.07792207792207792,2.414345393683347,231,True
0.09,single,3,1000,20261220,0.09090909090909091,2.414345393683347,209,True
0.09,single,4,1000,20261221,0.06866952789699571,2.414345393683347,233,True
0.09,single,5,1000,20261222,0.061946902654867256,2.414345393683347,226,True
0.09,single,6,1000,20261223,0.09606986899563319,2.414345393683347,229,True
0.09,single,7,1000,20261224,0.09734513274336283,2.414345393683347,226,True
0.09,single,8,1000,20261225,0.061946902654867256,2.414345393683347,226,True
0.09,single,9,1000,20261226,0.0635593220338983,2.414345393683347,236,True
0.09,single,10,1000,20261227,0.045871559633027525,2.414345393683347,218,True
0.09,single,11,1000,20261228,0.0990990990990991,2.414345393683347,222,True
0.09,single,12,1000,20261229,0.0782608695652174,2.414345393683347,230,True
0.09,single,13,1000,20261230,0.05555555555555555,2.414345393683347,234,True
0.09,single,14,1000,20261231,0.1016260162601626,2.414345393683347,246,True
0.09,single,15,1000,20261232,0.08108108108108109,2.414345393683347,222,True
0.09,single,16,1000,20261233,0.09053497942386832,2.414345393683347,243,True
0.09,single,17,1000,20261234,0.08490566037735849,2.414345393683347,212,True
0.09,single,18,1000,20261235,0.10396039603960396,2.414345393683347,202,True
0.09,single,19,1000,20261236,0.11261261261261261,2.414345393683347,222,True
0.09,single,20,1000,20261237,0.11682242990654206,2.414345393683347,214,True
0.09,single,21,1000,20261238,0.12608695652173912,2.414345393683347,230,True
0.09,single,22,1000,20261239,0.07894736842105263,2.414345393683347,228,True
0.09,single,23,1000,20261240,0.06224066390041494,2.414345393683347,241,True
0.09,single,24,1000,20261241,0.04932735426008968,2.414345393683347,223,True
0.09,single,25,1000,20261242,0.0625,2.414345393683347,224,True
0.09,single,26,1000,20261243,0.06611570247933884,2.414345393683347,242,True
0.09,single,27,1000,20261244,0.08928571428571429,2.414345393683347,224,True
0.09,single,28,1000,20261245,0.06224066390041494,2.414345393683347,241,True
0.09,single,29,1000,20261246,0.09134615384615384,2.414345393683347,208,True
0.09,single,30,1000,20261247,0.07075471698113207,2.414345393683347,212,True
0.09,single,31,1000,20261248,0.06956521739130435,2.414345393683347,230,True
0.09,single,32,1000,20261249,0.031578947368421054,2.414345393683347,190,True
0.09,single,33,1000,20261250,0.08866995073891626,2.414345393683347,203,True
0.09,single,34,1000,20261251,0.05813953488372093,2.414345393683347,258,True
0.09,single,35,1000,20261252,0.06896551724137931,2.414345393683347,232,True
0.09,single,36,1000,20261253,0.05405405405405406,2.414345393683347,222,True
0.09,single,37,1000,20261254,0.07009345794392523,2.414345393683347,214,True
0.09,single,38,1000,20261255,0.06422018348623854,2.414345393683347,218,True
0.09,single,39,1000,20261256,0.06278026905829596,2.414345393683347,223,True
0.09,single,40,1000,20261257,0.1271186440677966,2.414345393683347,236,True
0.09,single,41,1000,20261258,0.07555555555555556,2.414345393683347,225,True
0.09,single,42,1000,20261259,0.06403940886699508,2.414345393683347,203,True
0.09,single,43,1000,20261260,0.05508474576271186,2.414345393683347,236,True
0.09,single,44,1000,20261261,0.06882591093117409,2.414345393683347,247,True
0.09,single,45,1000,20261262,0.06912442396313365,2.414345393683347,217,True
0.09,single,46,1000,20261263,0.07692307692307693,2.414345393683347,234,True
0.09,single,47,1000,20261264,0.07109004739336493,2.414345393683347,211,True
0.09,single,48,1000,20261265,0.08558558558558559,2.414345393683347,222,True
0.09,single,49,1000,20261266,0.08796296296296297,2.414345393683347,216,True
0.09,single,50,1000,20261267,0.07818930041152264,2.414345393683347,243,True
0.09999999999999999,single,1,1000,20261268,0.05714285714285714,2.3777644028699627,210,True
0.09999999999999999,single,2,1000,20261269,0.046296296296296294,2.3777644028699627,216,True
0.09999999999999999,single,3,1000,20261270,0.07964601769911504,2.3777644028699627,226,True
0.09999999999999999,single,4,1000,20261271,0.0967741935483871,2.3777644028699627,217,True
0.09999999999999999,single,5,1000,20261272,0.0861244019138756,2.3777644028699627,209,True
0.09999999999999999,single,6,1000,20261273,0.10697674418604651,2.3777644028699627,215,True
0.09999999999999999,single,7,1000,20261274,0.060085836909871244,2.3777644028699627,233,True
0.09999999999999999,single,8,1000,20261275,0.06140350877192982,2.3777644028699627,228,True
0.09999999999999999,single,9,1000,20261276,0.07531380753138076,2.3777644028699627,239,True
0.09999999999999999,single,10,1000,20261277,0.09333333333333334,2.3777644028699627,225,True
0.09999999999999999,single,11,1000,20261278,0.06103286384976526,2.3777644028699627,213,True
0.09999999999999999,single,12,1000,20261279,0.09170305676855896,2.3777644028699627,229,True
0.09999999999999999,single,13,1000,20261280,0.04184100418410042,2.3777644028699627,239,True
0.09999999999999999,single,14,1000,20261281,0.10714285714285714,2.3777644028699627,224,True
0.09999999999999999,single,15,1000,20261282,0.09691629955947137,2.3777644028699627,227,True
0.09999999999999999,single,16,1000,20261283,0.08333333333333333,2.3777644028699627,192,True
0.09999999999999999,single,17,1000,20261284,0.06550218340611354,2.3777644028699627,229,True
0.09999999999999999,single,18,1000,20261285,0.09302325581395349,2.3777644028699627,215,True
0.09999999999999999,single,19,1000,20261286,0.08260869565217391,2.3777644028699627,230,True
0.09999999999999999,single,20,1000,20261287,0.06048387096774194,2.3777644028699627,248,True
0.09999999999999999,single,21,1000,20261288,0.07692307692307693,2.3777644028699627,234,True
0.09999999999999999,single,22,1000,20261289,0.07916666666666666,2.3777644028699627,240,True
0.09999999999999999,single,23,1000,20261290,0.05726872246696035,2.3777644028699627,227,True
0.09999999999999999,single,24,1000,20261291,0.05803571428571429,2.3777644028699627,224,True
0.09999999999999999,single,25,1000,20261292,0.07272727272727272,2.3777644028699627,220,True
0.09999999999999999,single,26,1000,20261293,0.09049773755656108,2.3777644028699627,221,True
0.09999999999999999,single,27,1000,20261294,0.049773755656108594,2.3777644028699627,221,True
0.09999999999999999,single,28,1000,20261295,0.05508474576271186,2.3777644028699627,236,True
0.09999999999999999,single,29,1000,20261296,0.07017543859649122,2.3777644028699627,228,True
0.09999999999999999,single,30,1000,20261297,0.07894736842105263,2.3777644028699627,266,True
0.09999999999999999,single,31,1000,20261298,0.058823529411764705,2.3777644028699627,204,True
0.09999999999999999,single,32,1000,20261299,0.0759493670886076,2.3777644028699627,237,True
0.09999999999999999,single,33,1000,20261300,0.06829268292682927,2.3777644028699627,205,True
0.09999999999999999,single,34,1000,20261301,0.051643192488262914,2.3777644028699627,213,True
0.09999999999999999,single,35,1000,20261302,0.08144796380090498,2.3777644028699627,221,True
0.09999999999999999,single,36,1000,20261303,0.102803738317757,2.3777644028699627,214,True
0.09999999999999999,single,37,1000,20261304,0.05286343612334802,2.3777644028699627,227,True
0.09999999999999999,single,38,1000,20261305,0.06493506493506493,2.3777644028699627,231,True
0.09999999999999999,single,39,1000,20261306,0.0743801652892562,2.3777644028699627,242,True
0.09999999999999999,single,40,1000,20261307,0.08444444444444445,2.3777644028699627,225,True
0.09999999999999999,single,41,1000,20261308,0.10619469026548672,2.3777644028699627,226,True
0.09999999999999999,single,42,1000,20261309,0.06467661691542288,2.3777644028699627,201,True
0.09999999999999999,single,43,1000,20261310,0.08108108108108109,2.3777644028699627,222,True
0.09999999999999999,single,44,1000,20261311,0.06172839506172839,2.3777644028699627,243,True
0.09999999999999999,single,45,1000,20261312,0.09734513274336283,2.3777644028699627,226,True
0.09999999999999999,single,46,1000,20261313,0.0958904109589041,2.3777644028699627,219,True
0.09999999999999999,single,47,1000,20261314,0.08695652173913043,2.3777644028699627,230,True
0.09999999999999999,single,48,1000,20261315,0.059907834101382486,2.3777644028699627,217,True
0.09999999999999999,single,49,1000,20261316,0.06,2.3777644028699627,200,True
0.09999999999999999,single,50,1000,20261317,0.0851063829787234,2.3777644028699627,235,True
0.01,dual,1,1000,20261318,0.0136986301369863,2.6799233869885155,219,True
0.01,dual,2,1000,20261319,0.046511627906976744,2.6799233869885155,215,True
0.01,dual,3,1000,20261320,0.02843601895734597,2.6799233869885155,211,True
0.01,dual,4,1000,20261321,0.02926829268292683,2.6799233869885155,205,True
0.01,dual,5,1000,20261322,0.024390243902439025,2.6799233869885155,205,True
0.01,dual,6,1000,20261323,0.016597510373443983,2.6799233869885155,241,True
0.01,dual,7,1000,20261324,0.03524229074889868,2.6799233869885155,227,True
0.01,dual,8,1000,20261325,0.009569377990430622,2.6799233869885155,209,True
0.01,dual,9,1000,20261326,0.034782608695652174,2.6799233869885155,230,True
0.01,dual,10,1000,20261327,0.02262443438914027,2.6799233869885155,221,True
0.01,dual,11,1000,20261328,0.009615384615384616,2.6799233869885155,208,True
0.01,dual,12,1000,20261329,0.037209302325581395,2.6799233869885155,215,True
0.01,dual,13,1000,20261330,0.0228310502283105,2.6799233869885155,219,True
0.01,dual,14,1000,20261331,0.018018018018018018,2.6799233869885155,222,True
0.01,dual,15,1000,20261332,0.03463203463203463,2.6799233869885155,231,True
0.01,dual,16,1000,20261333,0.017543859649122806,2.6799233869885155,228,True
0.01,dual,17,1000,20261334,0.039603960396039604,2.6799233869885155,202,True
0.01,dual,18,1000,20261335,0.0410958904109589,2.6799233869885155,219,True
0.01,dual,19,1000,20261336,0.01762114537444934,2.6799233869885155,227,True
0.01,dual,20,1000,20261337,0.024154589371980676,2.6799233869885155,207,True
0.01,dual,21,1000,20261338,0.01327433628318584,2.6799233869885155,226,True
0.01,dual,22,1000,20261339,0.0326530612244898,2.6799233869885155,245,True
0.01,dual,23,1000,20261340,0.023255813953488372,2.6799233869885155,215,True
0.01,dual,24,1000,20261341,0.04477611940298507,2.6799233869885155,201,True
0.01,dual,25,1000,20261342,0.03361344537815126,2.6799233869885155,238,True
0.01,dual,26,1000,20261343,0.013392857142857142,2.6799233869885155,224,True
0.01,dual,27,1000,20261344,0.02643171806167401,2.6799233869885155,227,True
0.01,dual,28,1000,20261345,0.0319634703196347,2.6799233869885155,219,True
0.01,dual,29,1000,20261346,0.011278195488721804,2.6799233869885155,266,True
0.01,dual,30,1000,20261347,0.018018018018018018,2.6799233869885155,222,True
0.01,dual,31,1000,20261348,0.004545454545454545,2.6799233869885155,220,True
0.01,dual,32,1000,20261349,0.017699115044247787,2.6799233869885155,226,True
0.01,dual,33,1000,20261350,0.036290322580645164,2.6799233869885155,248,True
0.01,dual,34,1000,20261351,0.03524229074889868,2.6799233869885155,227,True
0.01,dual,35,1000,20261352,0.030303030303030304,2.6799233869885155,198,True
0.01,dual,36,1000,20261353,0.034934497816593885,2.6799233869885155,229,True
0.01,dual,37,1000,20261354,0.029661016949152543,2.6799233869885155,236,True
0.01,dual,38,1000,20261355,0.022123893805309734,2.6799233869885155,226,True
0.01,dual,39,1000,20261356,0.0391304347826087,2.6799233869885155,230,True
0.01,dual,40,1000,20261357,0.024154589371980676,2.6799233869885155,207,True
0.01,dual,41,1000,20261358,0.02631578947368421,2.6799233869885155,228,True
0.01,dual,42,1000,20261359,0.020833333333333332,2.6799233869885155,240,True
0.01,dual,43,1000,20261360,0.039647577092511016,2.6799233869885155,227,True
0.01,dual,44,1000,20261361,0.009569377990430622,2.6799233869885155,209,True
0.01,dual,45,1000,20261362,0.0196078431372549,2.6799233869885155,204,True
0.01,dual,46,1000,20261363,0.014634146341463415,2.6799233869885155,205,True
0.01,dual,47,1000,20261364,0.022935779816513763,2.6799233869885155,218,True
0.01,dual,48,1000,20261365,0.029787234042553193,2.6799233869885155,235,True
0.01,dual,49,1000,20261366,0.03508771929824561,2.6799233869885155,228,True
0.01,dual,50,1000,20261367,0.02066115702479339,2.6799233869885155,242,True
0.02,dual,1,1000,20261368,0.022321428571428572,2.617004082789495,224,True
0.02,dual,2,1000,20261369,0.04,2.617004082789495,225,True
0.02,dual,3,1000,20261370,0.043478260869565216,2.617004082789495,253,True
0.02,dual,4,1000,20261371,0.039301310043668124,2.617004082789495,229,True
0.02,dual,5,1000,20261372,0.027149321266968326,2.617004082789495,221,True
0.02,dual,6,1000,20261373,0.03773584905660377,2.617004082789495,212,True
0.02,dual,7,1000,20261374,0.018604651162790697,2.617004082789495,215,True
0.02,dual,8,1000,20261375,0.03571428571428571,2.617004082789495,224,True
0.02,dual,9,1000,20261376,0.04888888888888889,2.617004082789495,225,True
0.02,dual,10,1000,20261377,0.027906976744186046,2.617004082789495,215,True
0.02,dual,11,1000,20261378,0.0392156862745098,2.617004082789495,204,True
0.02,dual,12,1000,20261379,0.03153153153153153,2.617004082789495,222,True
0.02,dual,13,1000,20261380,0.02553191489361702,2.617004082789495,235,True
0.02,dual,14,1000,20261381,0.034334763948497854,2.617004082789495,233,True
0.02,dual,15,1000,20261382,0.05,2.617004082789495,240,True
0.02,dual,16,1000,20261383,0.043668122270742356,2.617004082789495,229,True
0.02,dual,17,1000,20261384,0.047619047619047616,2.617004082789495,231,True
0.02,dual,18,1000,20261385,0.035555555555555556,2.617004082789495,225,True
0.02,dual,19,1000,20261386,0.009478672985781991,2.617004082789495,211,True
0.02,dual,20,1000,20261387,0.03636363636363636,2.617004082789495,220,True
0.02,dual,21,1000,20261388,0.045662100456621,2.617004082789495,219,True
0.02,dual,22,1000,20261389,0.024096385542168676,2.617004082789495,249,True
0.02,dual,23,1000,20261390,0.018867924528301886,2.617004082789495,212,True
0.02,dual,24,1000,20261391,0.027522935779816515,2.617004082789495,218,True
0.02,dual,25,1000,20261392,0.06060606060606061,2.617004082789495,231,True
0.02,dual,26,1000,20261393,0.037383177570093455,2.617004082789495,214,True
0.02,dual,27,1000,20261394,0.0273972602739726,2.617004082789495,219,True
0.02,dual,28,1000,20261395,0.05084745762711865,2.617004082789495,236,True
0.02,dual,29,1000,20261396,0.04219409282700422,2.617004082789495,237,True
0.02,dual,30,1000,20261397,0.0182648401826484,2.617004082789495,219,True
0.02,dual,31,1000,20261398,0.04390243902439024,2.617004082789495,205,True
0.02,dual,32,1000,20261399,0.03365384615384615,2.617004082789495,208,True
0.02,dual,33,1000,20261400,0.039473684210526314,2.617004082789495,228,True
0.02,dual,34,1000,20261401,0.03111111111111111,2.617004082789495,225,True
0.02,dual,35,1000,20261402,0.028846153846153848,2.617004082789495,208,True
0.02,dual,36,1000,20261403,0.03879310344827586,2.617004082789495,232,True
0.02,dual,37,1000,20261404,0.03418803418803419,2.617004082789495,234,True
0.02,dual,38,1000,20261405,0.04950495049504951,2.617004082789495,202,True
0.02,dual,39,1000,20261406,0.035398230088495575,2.617004082789495,226,True
0.02,dual,40,1000,20261407,0.02358490566037736,2.617004082789495,212,True
0.02,dual,41,1000,20261408,0.05429864253393665,2.617004082789495,221,True
0.02,dual,42,1000,20261409,0.035398230088495575,2.617004082789495,226,True
0.02,dual,43,1000,20261410,0.04291845493562232,2.617004082789495,233,True
0.02,dual,44,1000,20261411,0.02109704641350211,2.617004082789495,237,True
0.02,dual,45,1000,20261412,0.03982300884955752,2.617004082789495,226,True
0.02,dual,46,1000,20261413,0.04265402843601896,2.617004082789495,211,True
0.02,dual,47,1000,20261414,0.04583333333333333,2.617004082789495,240,True
0.02,dual,48,1000,20261415,0.030973451327433628,2.617004082789495,226,True
0.02,dual,49,1000,20261416,0.017937219730941704,2.617004082789495,223,True
0.02,dual,50,1000,20261417,0.029045643153526972,2.617004082789495,241,True
0.03,dual,1,1000,20261418,0.043859649122807015,2.554816398406742,228,True
0.03,dual,2,1000,20261419,0.05339805825242718,2.554816398406742,206,True
0.03,dual,3,1000,20261420,0.03896103896103896,2.554816398406742,231,True
0.03,dual,4,1000,20261421,0.04568527918781726,2.554816398406742,197,True
0.03,dual,5,1000,20261422,0.046948356807511735,2.554816398406742,213,True
0.03,dual,6,1000,20261423,0.08056872037914692,2.554816398406742,211,True
0.03,dual,7,1000,20261424,0.07575757575757576,2.554816398406742,198,True
0.03,dual,8,1000,20261425,0.056338028169014086,2.554816398406742,213,True
0.03,dual,9,1000,20261426,0.045871559633027525,2.554816398406742,218,True
0.03,dual,10,1000,20261427,0.022935779816513763,2.554816398406742,218,True
0.03,dual,11,1000,20261428,0.03333333333333333,2.554816398406742,210,True
0.03,dual,12,1000,20261429,0.03827751196172249,2.554816398406742,209,True
0.03,dual,13,1000,20261430,0.03125,2.554816398406742,224,True
0.03,dual,14,1000,20261431,0.04700854700854701,2.554816398406742,234,True
0.03,dual,15,1000,20261432,0.046948356807511735,2.554816398406742,213,True
0.03,dual,16,1000,20261433,0.06763285024154589,2.554816398406742,207,True
0.03,dual,17,1000,20261434,0.05531914893617021,2.554816398406742,235,True
0.03,dual,18,1000,20261435,0.04938271604938271,2.554816398406742,243,True
0.03,dual,19,1000,20261436,0.049107142857142856,2.554816398406742,224,True
0.03,dual,20,1000,20261437,0.03225806451612903,2.554816398406742,217,True
0.03,dual,21,1000,20261438,0.04680851063829787,2.554816398406742,235,True
0.03,dual,22,1000,20261439,0.05092592592592592,2.554816398406742,216,True
0.03,dual,23,1000,20261440,0.07692307692307693,2.554816398406742,208,True
0.03,dual,24,1000,20261441,0.05220883534136546,2.554816398406742,249,True
0.03,dual,25,1000,20261442,0.043478260869565216,2.554816398406742,207,True
0.03,dual,26,1000,20261443,0.027777777777777776,2.554816398406742,252,True
0.03,dual,27,1000,20261444,0.05701754385964912,2.554816398406742,228,True
0.03,dual,28,1000,20261445,0.04782608695652174,2.554816398406742,230,True
0.03,dual,29,1000,20261446,0.0851063829787234,2.554816398406742,235,True
0.03,dual,30,1000,20261447,0.04878048780487805,2.554816398406742,205,True
0.03,dual,31,1000,20261448,0.0410958904109589,2.554816398406742,219,True
0.03,dual,32,1000,20261449,0.05405405405405406,2.554816398406742,222,True
0.03,dual,33,1000,20261450,0.05829596412556054,2.554816398406742,223,True
0.03,dual,34,1000,20261451,0.06074766355140187,2.554816398406742,214,True
0.03,dual,35,1000,20261452,0.018433179723502304,2.554816398406742,217,True
0.03,dual,36,1000,20261453,0.03070175438596491,2.554816398406742,228,True
0.03,dual,37,1000,20261454,0.05116279069767442,2.554816398406742,215,True
0.03,dual,38,1000,20261455,0.04184100418410042,2.554816398406742,239,True
0.03,dual,39,1000,20261456,0.028708133971291867,2.554816398406742,209,True
0.03,dual,40,1000,20261457,0.05855855855855856,2.554816398406742,222,True
0.03,dual,41,1000,20261458,0.07234042553191489,2.554816398406742,235,True
0.03,dual,42,1000,20261459,0.039301310043668124,2.554816398406742,229,True
0.03,dual,43,1000,20261460,0.04072398190045249,2.554816398406742,221,True
0.03,dual,44,1000,20261461,0.0735930735930736,2.554816398406742,231,True
0.03,dual,45,1000,20261462,0.0319634703196347,2.554816398406742,219,True
0.03,dual,46,1000,20261463,0.018018018018018018,2.554816398406742,222,True
0.03,dual,47,1000,20261464,0.05069124423963134,2.554816398406742,217,True
0.03,dual,48,1000,20261465,0.07296137339055794,2.554816398406742,233,True
0.03,dual,49,1000,20261466,0.04608294930875576,2.554816398406742,217,True
0.03,dual,50,1000,20261467,0.015544041450777202,2.554816398406742,193,True
0.04,dual,1,1000,20261468,0.04424778761061947,2.4933603338402563,226,True
0.04,dual,2,1000,20261469,0.05084745762711865,2.4933603338402563,236,True
0.04,dual,3,1000,20261470,0.07894736842105263,2.4933603338402563,228,True
0.04,dual,4,1000,20261471,0.0673076923076923,2.4933603338402563,208,True
0.04,dual,5,1000,20261472,0.058823529411764705,2.4933603338402563,221,True
0.04,dual,6,1000,20261473,0.060085836909871244,2.4933603338402563,233,True
0.04,dual,7,1000,20261474,0.06787330316742081,2.4933603338402563,221,True
0.04,dual,8,1000,20261475,0.05263157894736842,2.4933603338402563,228,True
0.04,dual,9,1000,20261476,0.03347280334728033,2.4933603338402563,239,True
0.04,dual,10,1000,20261477,0.058333333333333334,2.4933603338402563,240,True
0.04,dual,11,1000,20261478,0.04721030042918455,2.4933603338402563,233,True
0.04,dual,12,1000,20261479,0.04065040650406504,2.4933603338402563,246,True
0.04,dual,13,1000,20261480,0.045454545454545456,2.4933603338402563,220,True
0.04,dual,14,1000,20261481,0.037914691943127965,2.4933603338402563,211,True
0.04,dual,15,1000,20261482,0.04048582995951417,2.4933603338402563,247,True
0.04,dual,16,1000,20261483,0.039647577092511016,2.4933603338402563,227,True
0.04,dual,17,1000,20261484,0.06837606837606838,2.4933603338402563,234,True
0.04,dual,18,1000,20261485,0.07174887892376682,2.4933603338402563,223,True
0.04,dual,19,1000,20261486,0.04054054054054054,2.4933603338402563,222,True
0.04,dual,20,1000,20261487,0.059574468085106386,2.4933603338402563,235,True
0.04,dual,21,1000,20261488,0.09302325581395349,2.4933603338402563,215,True
0.04,dual,22,1000,20261489,0.0593607305936073,2.4933603338402563,219,True
0.04,dual,23,1000,20261490,0.07172995780590717,2.4933603338402563,237,True
0.04,dual,24,1000,20261491,0.05508474576271186,2.4933603338402563,236,True
0.04,dual,25,1000,20261492,0.04888888888888889,2.4933603338402563,225,True
0.04,dual,26,1000,20261493,0.05726872246696035,2.4933603338402563,227,True
0.04,dual,27,1000,20261494,0.08641975308641975,2.4933603338402563,243,True
0.04,dual,28,1000,20261495,0.044642857142857144,2.4933603338402563,224,True
0.04,dual,29,1000,20261496,0.06572769953051644,2.4933603338402563,213,True
0.04,dual,30,1000,20261497,0.059907834101382486,2.4933603338402563,217,True
0.04,dual,31,1000,20261498,0.07657657657657657,2.4933603338402563,222,True
0.04,dual,32,1000,20261499,0.05581395348837209,2.4933603338402563,215,True
0.04,dual,33,1000,20261500,0.08071748878923767,2.4933603338402563,223,True
0.04,dual,34,1000,20261501,0.06220095693779904,2.4933603338402563,209,True
0.04,dual,35,1000,20261502,0.03940886699507389,2.4933603338402563,203,True
0.04,dual,36,1000,20261503,0.0625,2.4933603338402563,240,True
0.04,dual,37,1000,20261504,0.09053497942386832,2.4933603338402563,243,True
0.04,dual,38,1000,20261505,0.06282722513089005,2.4933603338402563,191,True
0.04,dual,39,1000,20261506,0.04477611940298507,2.4933603338402563,201,True
0.04,dual,40,1000,20261507,0.05752212389380531,2.4933603338402563,226,True
0.04,dual,41,1000,20261508,0.07555555555555556,2.4933603338402563,225,True
0.04,dual,42,1000,20261509,0.05025125628140704,2.4933603338402563,199,True
0.04,dual,43,1000,20261510,0.09523809523809523,2.4933603338402563,210,True
0.04,dual,44,1000,20261511,0.027906976744186046,2.4933603338402563,215,True
0.04,dual,45,1000,20261512,0.05333333333333334,2.4933603338402563,225,True
0.04,dual,46,1000,20261513,0.08558558558558559,2.4933603338402563,222,True
0.04,dual,47,1000,20261514,0.0684931506849315,2.4933603338402563,219,True
0.04,dual,48,1000,20261515,0.07042253521126761,2.4933603338402563,213,True
0.04,dual,49,1000,20261516,0.056768558951965066,2.4933603338402563,229,True
0.04,dual,50,1000,20261517,0.06511627906976744,2.4933603338402563,215,True
0.05,dual,1,1000,20261518,0.0881057268722467,2.4326358890900384,227,True
0.05,dual,2,1000,20261519,0.05263157894736842,2.4326358890900384,209,True
0.05,dual,3,1000,20261520,0.05982905982905983,2.4326358890900384,234,True
0.05,dual,4,1000,20261521,0.09615384615384616,2.4326358890900384,208,True
0.05,dual,5,1000,20261522,0.06341463414634146,2.4326358890900384,205,True
0.05,dual,6,1000,20261523,0.07692307692307693,2.4326358890900384,221,True
0.05,dual,7,1000,20261524,0.0635593220338983,2.4326358890900384,236,True
0.05,dual,8,1000,20261525,0.06779661016949153,2.4326358890900384,236,True
0.05,dual,9,1000,20261526,0.07883817427385892,2.4326358890900384,241,True
0.05,dual,10,1000,20261527,0.12612612612612611,2.4326358890900384,222,True
0.05,dual,11,1000,20261528,0.0815450643776824,2.4326358890900384,233,True
0.05,dual,12,1000,20261529,0.05314009661835749,2.4326358890900384,207,True
0.05,dual,13,1000,20261530,0.08482142857142858,2.4326358890900384,224,True
0.05,dual,14,1000,20261531,0.04132231404958678,2.4326358890900384,242,True
0.05,dual,15,1000,20261532,0.09047619047619047,2.4326358890900384,210,True
0.05,dual,16,1000,20261533,0.08189655172413793,2.4326358890900384,232,True
0.05,dual,17,1000,20261534,0.04054054054054054,2.4326358890900384,222,True
0.05,dual,18,1000,20261535,0.09777777777777778,2.4326358890900384,225,True
0.05,dual,19,1000,20261536,0.08796296296296297,2.4326358890900384,216,True
0.05,dual,20,1000,20261537,0.07272727272727272,2.4326358890900384,220,True
0.05,dual,21,1000,20261538,0.0611353711790393,2.4326358890900384,229,True
0.05,dual,22,1000,20261539,0.07246376811594203,2.4326358890900384,207,True
0.05,dual,23,1000,20261540,0.04700854700854701,2.4326358890900384,234,True
0.05,dual,24,1000,20261541,0.05627705627705628,2.4326358890900384,231,True
0.05,dual,25,1000,20261542,0.06772908366533864,2.4326358890900384,251,True
0.05,dual,26,1000,20261543,0.056768558951965066,2.4326358890900384,229,True
0.05,dual,27,1000,20261544,0.07339449541284404,2.4326358890900384,218,True
0.05,dual,28,1000,20261545,0.04128440366972477,2.4326358890900384,218,True
0.05,dual,29,1000,20261546,0.06578947368421052,2.4326358890900384,228,True
0.05,dual,30,1000,20261547,0.052884615384615384,2.4326358890900384,208,True
0.05,dual,31,1000,20261548,0.0639269406392694,2.4326358890900384,219,True
0.05,dual,32,1000,20261549,0.06666666666666667,2.4326358890900384,210,True
0.05,dual,33,1000,20261550,0.08962264150943396,2.4326358890900384,212,True
0.05,dual,34,1000,20261551,0.05701754385964912,2.4326358890900384,228,True
0.05,dual,35,1000,20261552,0.07582938388625593,2.4326358890900384,211,True
0.05,dual,36,1000,20261553,0.08189655172413793,2.4326358890900384,232,True
0.05,dual,37,1000,20261554,0.08636363636363636,2.4326358890900384,220,True
0.05,dual,38,1000,20261555,0.0639269406392694,2.4326358890900384,219,True
0.05,dual,39,1000,20261556,0.07627118644067797,2.4326358890900384,236,True
0.05,dual,40,1000,20261557,0.04424778761061947,2.4326358890900384,226,True
0.05,dual,41,1000,20261558,0.09345794392523364,2.4326358890900384,214,True
0.05,dual,42,1000,20261559,0.05238095238095238,2.4326358890900384,210,True
0.05,dual,43,1000,20261560,0.08403361344537816,2.4326358890900384,238,True
0.05,dual,44,1000,20261561,0.03398058252427184,2.4326358890900384,206,True
0.05,dual,45,1000,20261562,0.09885931558935361,2.4326358890900384,263,True
0.05,dual,46,1000,20261563,0.06086956521739131,2.4326358890900384,230,True
0.05,dual,47,1000,20261564,0.084070796460177,2.4326358890900384,226,True
0.05,dual,48,1000,20261565,0.06018518518518518,2.4326358890900384,216,True
0.05,dual,49,1000,20261566,0.049586776859504134,2.4326358890900384,242,True
0.05,dual,50,1000,20261567,0.06926406926406926,2.4326358890900384,231,True
0.060000000000000005,dual,1,1000,20261568,0.09502262443438914,2.372643064156089,221,True
0.060000000000000005,dual,2,1000,20261569,0.08558558558558559,2.372643064156089,222,True
0.060000000000000005,dual,3,1000,20261570,0.09090909090909091,2.372643064156089,209,True
0.060000000000000005,dual,4,1000,20261571,0.07881773399014778,2.372643064156089,203,True
0.060000000000000005,dual,5,1000,20261572,0.06382978723404255,2.372643064156089,235,True
0.060000000000000005,dual,6,1000,20261573,0.11848341232227488,2.372643064156089,211,True
0.060000000000000005,dual,7,1000,20261574,0.0954356846473029,2.372643064156089,241,True
0.060000000000000005,dual,8,1000,20261575,0.08,2.372643064156089,225,True
0.060000000000000005,dual,9,1000,20261576,0.0611353711790393,2.372643064156089,229,True
0.060000000000000005,dual,10,1000,20261577,0.08189655172413793,2.372643064156089,232,True
0.060000000000000005,dual,11,1000,20261578,0.07725321888412018,2.372643064156089,233,True
0.060000000000000005,dual,12,1000,20261579,0.09170305676855896,2.372643064156089,229,True
0.060000000000000005,dual,13,1000,20261580,0.05581395348837209,2.372643064156089,215,True
0.060000000000000005,dual,14,1000,20261581,0.07042253521126761,2.372643064156089,213,True
0.060000000000000005,dual,15,1000,20261582,0.05853658536585366,2.372643064156089,205,True
0.060000000000000005,dual,16,1000,20261583,0.07916666666666666,2.372643064156089,240,True
0.060000000000000005,dual,17,1000,20261584,0.12334801762114538,2.372643064156089,227,True
0.060000000000000005,dual,18,1000,20261585,0.07035175879396985,2.372643064156089,199,True
0.060000000000000005,dual,19,1000,20261586,0.07112970711297072,2.372643064156089,239,True
0.060000000000000005,dual,20,1000,20261587,0.06103286384976526,2.372643064156089,213,True
0.060000000000000005,dual,21,1000,20261588,0.1031390134529148,2.372643064156089,223,True
0.060000000000000005,dual,22,1000,20261589,0.061224489795918366,2.372643064156089,245,True
0.060000000000000005,dual,23,1000,20261590,0.04591836734693878,2.372643064156089,196,True
0.060000000000000005,dual,24,1000,20261591,0.08294930875576037,2.372643064156089,217,True
0.060000000000000005,dual,25,1000,20261592,0.11848341232227488,2.372643064156089,211,True
0.060000000000000005,dual,26,1000,20261593,0.0603448275862069,2.372643064156089,232,True
0.060000000000000005,dual,27,1000,20261594,0.07042253521126761,2.372643064156089,213,True
0.060000000000000005,dual,28,1000,20261595,0.09401709401709402,2.372643064156089,234,True
0.060000000000000005,dual,29,1000,20261596,0.08035714285714286,2.372643064156089,224,True
0.060000000000000005,dual,30,1000,20261597,0.09433962264150944,2.372643064156089,212,True
0.060000000000000005,dual,31,1000,20261598,0.07659574468085106,2.372643064156089,235,True
0.060000000000000005,dual,32,1000,20261599,0.0958904109589041,2.372643064156089,219,True
0.060000000000000005,dual,33,1000,20261600,0.08866995073891626,2.372643064156089,203,True
0.060000000000000005,dual,34,1000,20261601,0.08095238095238096,2.372643064156089,210,True
0.060000000000000005,dual,35,1000,20261602,0.07462686567164178,2.372643064156089,201,True
0.060000000000000005,dual,36,1000,20261603,0.07207207207207207,2.372643064156089,222,True
0.060000000000000005,dual,37,1000,20261604,0.0743801652892562,2.372643064156089,242,True
0.060000000000000005,dual,38,1000,20261605,0.07142857142857142,2.372643064156089,224,True
0.060000000000000005,dual,39,1000,20261606,0.03896103896103896,2.372643064156089,231,True
0.060000000000000005,dual,40,1000,20261607,0.10040160642570281,2.372643064156089,249,True
0.060000000000000005,dual,41,1000,20261608,0.05217391304347826,2.372643064156089,230,True
0.060000000000000005,dual,42,1000,20261609,0.09090909090909091,2.372643064156089,198,True
0.060000000000000005,dual,43,1000,20261610,0.06666666666666667,2.372643064156089,225,True
0.060000000000000005,dual,44,1000,20261611,0.07883817427385892,2.372643064156089,241,True
0.060000000000000005,dual,45,1000,20261612,0.1031390134529148,2.372643064156089,223,True
0.060000000000000005,dual,46,1000,20261613,0.04888888888888889,2.372643064156089,225,True
0.060000000000000005,dual,47,1000,20261614,0.10232558139534884,2.372643064156089,215,True
0.060000000000000005,dual,48,1000,20261615,0.08035714285714286,2.372643064156089,224,True
0.060000000000000005,dual,49,1000,20261616,0.10697674418604651,2.372643064156089,215,True
0.060000000000000005,dual,50,1000,20261617,0.09401709401709402,2.372643064156089,234,True
0.06999999999999999,dual,1,1000,20261618,0.11206896551724138,2.3133818590384077,232,True
0.06999999999999999,dual,2,1000,20261619,0.1,2.3133818590384077,240,True
0.06999999999999999,dual,3,1000,20261620,0.07723577235772358,2.3133818590384077,246,True
0.06999999999999999,dual,4,1000,20261621,0.07042253521126761,2.3133818590384077,213,True
0.06999999999999999,dual,5,1000,20261622,0.07272727272727272,2.3133818590384077,220,True
0.06999999999999999,dual,6,1000,20261623,0.10087719298245613,2.3133818590384077,228,True
0.06999999999999999,dual,7,1000,20261624,0.08641975308641975,2.3133818590384077,243,True
0.06999999999999999,dual,8,1000,20261625,0.05752212389380531,2.3133818590384077,226,True
0.06999999999999999,dual,9,1000,20261626,0.07727272727272727,2.3133818590384077,220,True
0.06999999999999999,dual,10,1000,20261627,0.08695652173913043,2.3133818590384077,207,True
0.06999999999999999,dual,11,1000,20261628,0.09502262443438914,2.3133818590384077,221,True
0.06999999999999999,dual,12,1000,20261629,0.08444444444444445,2.3133818590384077,225,True
0.06999999999999999,dual,13,1000,20261630,0.07929515418502203,2.3133818590384077,227,True
0.06999999999999999,dual,14,1000,20261631,0.084070796460177,2.3133818590384077,226,True
0.06999999999999999,dual,15,1000,20261632,0.09565217391304348,2.3133818590384077,230,True
0.06999999999999999,dual,16,1000,20261633,0.0752212389380531,2.3133818590384077,226,True
0.06999999999999999,dual,17,1000,20261634,0.11061946902654868,2.3133818590384077,226,True
0.06999999999999999,dual,18,1000,20261635,0.09251101321585903,2.3133818590384077,227,True
0.06999999999999999,dual,19,1000,20261636,0.06086956521739131,2.3133818590384077,230,True
0.06999999999999999,dual,20,1000,20261637,0.0881057268722467,2.3133818590384077,227,True
0.06999999999999999,dual,21,1000,20261638,0.11764705882352941,2.3133818590384077,221,True
0.06999999999999999,dual,22,1000,20261639,0.07792207792207792,2.3133818590384077,231,True
0.06999999999999999,dual,23,1000,20261640,0.08898305084745763,2.3133818590384077,236,True
0.06999999999999999,dual,24,1000,20261641,0.12554112554112554,2.3133818590384077,231,True
0.06999999999999999,dual,25,1000,20261642,0.10909090909090909,2.3133818590384077,220,True
0.06999999999999999,dual,26,1000,20261643,0.05627705627705628,2.3133818590384077,231,True
0.06999999999999999,dual,27,1000,20261644,0.1116751269035533,2.3133818590384077,197,True
0.06999999999999999,dual,28,1000,20261645,0.08648648648648649,2.3133818590384077,185,True
0.06999999999999999,dual,29,1000,20261646,0.10666666666666667,2.3133818590384077,225,True
0.06999999999999999,dual,30,1000,20261647,0.0410958904109589,2.3133818590384077,219,True
0.06999999999999999,dual,31,1000,20261648,0.07881773399014778,2.3133818590384077,203,True
0.06999999999999999,dual,32,1000,20261649,0.08085106382978724,2.3133818590384077,235,True
0.06999999999999999,dual,33,1000,20261650,0.07623318385650224,2.3133818590384077,223,True
0.06999999999999999,dual,34,1000,20261651,0.09623430962343096,2.3133818590384077,239,True
0.06999999999999999,dual,35,1000,20261652,0.09502262443438914,2.3133818590384077,221,True
0.06999999999999999,dual,36,1000,20261653,0.06572769953051644,2.3133818590384077,213,True
0.06999999999999999,dual,37,1000,20261654,0.07692307692307693,2.3133818590384077,208,True
0.06999999999999999,dual,38,1000,20261655,0.06808510638297872,2.3133818590384077,235,True
0.06999999999999999,dual,39,1000,20261656,0.0821256038647343,2.3133818590384077,207,True
0.06999999999999999,dual,40,1000,20261657,0.11210762331838565,2.3133818590384077,223,True
0.06999999999999999,dual,41,1000,20261658,0.0990990990990991,2.3133818590384077,222,True
0.06999999999999999,dual,42,1000,20261659,0.11059907834101383,2.3133818590384077,217,True
0.06999999999999999,dual,43,1000,20261660,0.057971014492753624,2.3133818590384077,207,True
0.06999999999999999,dual,44,1000,20261661,0.05314009661835749,2.3133818590384077,207,True
0.06999999999999999,dual,45,1000,20261662,0.12280701754385964,2.3133818590384077,228,True
0.06999999999999999,dual,46,1000,20261663,0.07906976744186046,2.3133818590384077,215,True
0.06999999999999999,dual,47,1000,20261664,0.0778688524590164,2.3133818590384077,244,True
0.06999999999999999,dual,48,1000,20261665,0.09009009009009009,2.3133818590384077,222,True
0.06999999999999999,dual,49,1000,20261666,0.08898305084745763,2.3133818590384077,236,True
0.06999999999999999,dual,50,1000,20261667,0.08968609865470852,2.3133818590384077,223,True
0.08,dual,1,1000,20261668,0.12272727272727273,2.2548522737369927,220,True
0.08,dual,2,1000,20261669,0.10869565217391304,2.2548522737369927,230,True
0.08,dual,3,1000,20261670,0.11210762331838565,2.2548522737369927,223,True
0.08,dual,4,1000,20261671,0.08056872037914692,2.2548522737369927,211,True
0.08,dual,5,1000,20261672,0.06926406926406926,2.2548522737369927,231,True
0.08,dual,6,1000,20261673,0.06796116504854369,2.2548522737369927,206,True
0.08,dual,7,1000,20261674,0.09565217391304348,2.2548522737369927,230,True
0.08,dual,8,1000,20261675,0.11940298507462686,2.2548522737369927,201,True
0.08,dual,9,1000,20261676,0.11063829787234042,2.2548522737369927,235,True
0.08,dual,10,1000,20261677,0.1,2.2548522737369927,220,True
0.08,dual,11,1000,20261678,0.09787234042553192,2.2548522737369927,235,True
0.08,dual,12,1000,20261679,0.1267605633802817,2.2548522737369927,213,True
0.08,dual,13,1000,20261680,0.1261682242990654,2.2548522737369927,214,True
0.08,dual,14,1000,20261681,0.13168724279835392,2.2548522737369927,243,True
0.08,dual,15,1000,20261682,0.1145374449339207,2.2548522737369927,227,True
0.08,dual,16,1000,20261683,0.125,2.2548522737369927,224,True
0.08,dual,17,1000,20261684,0.0779816513761468,2.2548522737369927,218,True
0.08,dual,18,1000,20261685,0.0794979079497908,2.2548522737369927,239,True
0.08,dual,19,1000,20261686,0.08733624454148471,2.2548522737369927,229,True
0.08,dual,20,1000,20261687,0.11961722488038277,2.2548522737369927,209,True
0.08,dual,21,1000,20261688,0.14864864864864866,2.2548522737369927,222,False
0.08,dual,22,1000,20261689,0.10101010101010101,2.2548522737369927,198,True
0.08,dual,23,1000,20261690,0.11666666666666667,2.2548522737369927,240,True
0.08,dual,24,1000,20261691,0.10550458715596331,2.2548522737369927,218,True
0.08,dual,25,1000,20261692,0.08796296296296297,2.2548522737369927,216,True
0.08,dual,26,1000,20261693,0.14035087719298245,2.2548522737369927,228,True
0.08,dual,27,1000,20261694,0.08444444444444445,2.2548522737369927,225,True
0.08,dual,28,1000,20261695,0.17672413793103448,2.2548522737369927,232,False
0.08,dual,29,1000,20261696,0.09251101321585903,2.2548522737369927,227,True
0.08,dual,30,1000,20261697,0.085,2.2548522737369927,200,True
0.08,dual,31,1000,20261698,0.09565217391304348,2.2548522737369927,230,True
0.08,dual,32,1000,20261699,0.11707317073170732,2.2548522737369927,205,True
0.08,dual,33,1000,20261700,0.11504424778761062,2.2548522737369927,226,True
0.08,dual,34,1000,20261701,0.12796208530805686,2.2548522737369927,211,True
0.08,dual,35,1000,20261702,0.08247422680412371,2.2548522737369927,194,True
0.08,dual,36,1000,20261703,0.08333333333333333,2.2548522737369927,216,True
0.08,dual,37,1000,20261704,0.08620689655172414,2.2548522737369927,232,True
0.08,dual,38,1000,20261705,0.10212765957446808,2.2548522737369927,235,True
0.08,dual,39,1000,20261706,0.09322033898305085,2.2548522737369927,236,True
0.08,dual,40,1000,20261707,0.08597285067873303,2.2548522737369927,221,True
0.08,dual,41,1000,20261708,0.09292035398230089,2.2548522737369927,226,True
0.08,dual,42,1000,20261709,0.0787037037037037,2.2548522737369927,216,True
0.08,dual,43,1000,20261710,0.085,2.2548522737369927,200,True
0.08,dual,44,1000,20261711,0.07758620689655173,2.2548522737369927,232,True
0.08,dual,45,1000,20261712,0.11764705882352941,2.2548522737369927,221,True
0.08,dual,46,1000,20261713,0.0847457627118644,2.2548522737369927,236,True
0.08,dual,47,1000,20261714,0.09417040358744394,2.2548522737369927,223,True
0.08,dual,48,1000,20261715,0.10599078341013825,2.2548522737369927,217,True
0.08,dual,49,1000,20261716,0.11926605504587157,2.2548522737369927,218,True
0.08,dual,50,1000,20261717,0.0970464135021097,2.2548522737369927,237,True
0.09,dual,1,1000,20261718,0.17209302325581396,2.1970543082518454,215,False
0.09,dual,2,1000,20261719,0.11206896551724138,2.1970543082518454,232,True
0.09,dual,3,1000,20261720,0.11267605633802817,2.1970543082518454,213,True
0.09,dual,4,1000,20261721,0.07804878048780488,2.1970543082518454,205,True
0.09,dual,5,1000,20261722,0.12244897959183673,2.1970543082518454,196,True
0.09,dual,6,1000,20261723,0.11650485436893204,2.1970543082518454,206,True
0.09,dual,7,1000,20261724,0.11320754716981132,2.1970543082518454,212,True
0.09,dual,8,1000,20261725,0.11224489795918367,2.1970543082518454,196,True
0.09,dual,9,1000,20261726,0.11363636363636363,2.1970543082518454,220,True
0.09,dual,10,1000,20261727,0.1179245283018868,2.1970543082518454,212,True
0.09,dual,11,1000,20261728,0.0892018779342723,2.1970543082518454,213,True
0.09,dual,12,1000,20261729,0.12745098039215685,2.1970543082518454,204,True
0.09,dual,13,1000,20261730,0.16363636363636364,2.1970543082518454,220,False
0.09,dual,14,1000,20261731,0.1095890410958904,2.1970543082518454,219,True
0.09,dual,15,1000,20261732,0.112,2.1970543082518454,250,True
0.09,dual,16,1000,20261733,0.09913793103448276,2.1970543082518454,232,True
0.09,dual,17,1000,20261734,0.100418410041841,2.1970543082518454,239,True
0.09,dual,18,1000,20261735,0.10232558139534884,2.1970543082518454,215,True
0.09,dual,19,1000,20261736,0.1111111111111111,2.1970543082518454,225,True
0.09,dual,20,1000,20261737,0.11818181818181818,2.1970543082518454,220,True
0.09,dual,21,1000,20261738,0.09333333333333334,2.1970543082518454,225,True
0.09,dual,22,1000,20261739,0.09691629955947137,2.1970543082518454,227,True
0.09,dual,23,1000,20261740,0.10714285714285714,2.1970543082518454,224,True
0.09,dual,24,1000,20261741,0.14018691588785046,2.1970543082518454,214,True
0.09,dual,25,1000,20261742,0.10344827586206896,2.1970543082518454,203,True
0.09,dual,26,1000,20261743,0.10648148148148148,2.1970543082518454,216,True
0.09,dual,27,1000,20261744,0.10526315789473684,2.1970543082518454,209,True
0.09,dual,28,1000,20261745,0.10697674418604651,2.1970543082518454,215,True
0.09,dual,29,1000,20261746,0.11607142857142858,2.1970543082518454,224,True
0.09,dual,30,1000,20261747,0.07725321888412018,2.1970543082518454,233,True
0.09,dual,31,1000,20261748,0.11961722488038277,2.1970543082518454,209,True
0.09,dual,32,1000,20261749,0.1336405529953917,2.1970543082518454,217,True
0.09,dual,33,1000,20261750,0.0970464135021097,2.1970543082518454,237,True
0.09,dual,34,1000,20261751,0.11004784688995216,2.1970543082518454,209,True
0.09,dual,35,1000,20261752,0.11607142857142858,2.1970543082518454,224,True
0.09,dual,36,1000,20261753,0.12,2.1970543082518454,225,True
0.09,dual,37,1000,20261754,0.07692307692307693,2.1970543082518454,208,True
0.09,dual,38,1000,20261755,0.07692307692307693,2.1970543082518454,234,True
0.09,dual,39,1000,20261756,0.10837438423645321,2.1970543082518454,203,True
0.09,dual,40,1000,20261757,0.12608695652173912,2.1970543082518454,230,True
0.09,dual,41,1000,20261758,0.1232876712328767,2.1970543082518454,219,True
0.09,dual,42,1000,20261759,0.12280701754385964,2.1970543082518454,228,True
0.09,dual,43,1000,20261760,0.12875536480686695,2.1970543082518454,233,True
0.09,dual,44,1000,20261761,0.11214953271028037,2.1970543082518454,214,True
0.09,dual,45,1000,20261762,0.1111111111111111,2.1970543082518454,225,True
0.09,dual,46,1000,20261763,0.07109004739336493,2.1970543082518454,211,True
0.09,dual,47,1000,20261764,0.0881057268722467,2.1970543082518454,227,True
0.09,dual,48,1000,20261765,0.12162162162162163,2.1970543082518454,222,True
0.09,dual,49,1000,20261766,0.09047619047619047,2.1970543082518454,210,True
0.09,dual,50,1000,20261767,0.12871287128712872,2.1970543082518454,202,True
0.09999999999999999,dual,1,1000,20261768,0.12735849056603774,2.1399879625829663,212,True
0.09999999999999999,dual,2,1000,20261769,0.136986301369863,2.1399879625829663,219,True
0.09999999999999999,dual,3,1000,20261770,0.10483870967741936,2.1399879625829663,248,True
0.09999999999999999,dual,4,1000,20261771,0.11894273127753303,2.1399879625829663,227,True
0.09999999999999999,dual,5,1000,20261772,0.1179245283018868,2.1399879625829663,212,True
0.09999999999999999,dual,6,1000,20261773,0.14903846153846154,2.1399879625829663,208,False
0.09999999999999999,dual,7,1000,20261774,0.13656387665198239,2.1399879625829663,227,True
0.09999999999999999,dual,8,1000,20261775,0.11682242990654206,2.1399879625829663,214,True
0.09999999999999999,dual,9,1000,20261776,0.16182572614107885,2.1399879625829663,241,False
0.09999999999999999,dual,10,1000,20261777,0.09,2.1399879625829663,200,True
0.09999999999999999,dual,11,1000,20261778,0.08771929824561403,2.1399879625829663,228,True
0.09999999999999999,dual,12,1000,20261779,0.10909090909090909,2.1399879625829663,220,True
0.09999999999999999,dual,13,1000,20261780,0.10526315789473684,2.1399879625829663,209,True
0.09999999999999999,dual,14,1000,20261781,0.1261682242990654,2.1399879625829663,214,True
0.09999999999999999,dual,15,1000,20261782,0.07981220657276995,2.1399879625829663,213,True
0.09999999999999999,dual,16,1000,20261783,0.14102564102564102,2.1399879625829663,234,True
0.09999999999999999,dual,17,1000,20261784,0.10909090909090909,2.1399879625829663,220,True
0.09999999999999999,dual,18,1000,20261785,0.128,2.1399879625829663,250,True
0.09999999999999999,dual,19,1000,20261786,0.15086206896551724,2.1399879625829663,232,False
0.09999999999999999,dual,20,1000,20261787,0.1318181818181818,2.1399879625829663,220,True
0.09999999999999999,dual,21,1000,20261788,0.12149532710280374,2.1399879625829663,214,True
0.09999999999999999,dual,22,1000,20261789,0.11764705882352941,2.1399879625829663,238,True
0.09999999999999999,dual,23,1000,20261790,0.1493212669683258,2.1399879625829663,221,False
0.09999999999999999,dual,24,1000,20261791,0.1036036036036036,2.1399879625829663,222,True
0.09999999999999999,dual,25,1000,20261792,0.07692307692307693,2.1399879625829663,195,True
0.09999999999999999,dual,26,1000,20261793,0.13537117903930132,2.1399879625829663,229,True
0.09999999999999999,dual,27,1000,20261794,0.12322274881516587,2.1399879625829663,211,True
0.09999999999999999,dual,28,1000,20261795,0.14903846153846154,2.1399879625829663,208,False
0.09999999999999999,dual,29,1000,20261796,0.125,2.1399879625829663,224,True
0.09999999999999999,dual,30,1000,20261797,0.1115702479338843,2.1399879625829663,242,True
0.09999999999999999,dual,31,1000,20261798,0.125,2.1399879625829663,232,True
0.09999999999999999,dual,32,1000,20261799,0.1518987341772152,2.1399879625829663,237,False
0.09999999999999999,dual,33,1000,20261800,0.15584415584415584,2.1399879625829663,231,False
0.09999999999999999,dual,34,1000,20261801,0.08835341365461848,2.1399879625829663,249,True
0.09999999999999999,dual,35,1000,20261802,0.1031390134529148,2.1399879625829663,223,True
0.09999999999999999,dual,36,1000,20261803,0.1288888888888889,2.1399879625829663,225,True
0.09999999999999999,dual,37,1000,20261804,0.13215859030837004,2.1399879625829663,227,True
0.09999999999999999,dual,38,1000,20261805,0.11981566820276497,2.1399879625829663,217,True
0.09999999999999999,dual,39,1000,20261806,0.08636363636363636,2.1399879625829663,220,True
0.09999999999999999,dual,40,1000,20261807,0.15492957746478872,2.1399879625829663,213,False
0.09999999999999999,dual,41,1000,20261808,0.16371681415929204,2.1399879625829663,226,False
0.09999999999999999,dual,42,1000,20261809,0.0958904109589041,2.1399879625829663,219,True
0.09999999999999999,dual,43,1000,20261810,0.16203703703703703,2.1399879625829663,216,False
0.09999999999999999,dual,44,1000,20261811,0.1336206896551724,2.1399879625829663,232,True
0.09999999999999999,dual,45,1000,20261812,0.12442396313364056,2.1399879625829663,217,True
0.09999999999999999,dual,46,1000,20261813,0.1210762331838565,2.1399879625829663,223,True
0.09999999999999999,dual,47,1000,20261814,0.12345679012345678,2.1399879625829663,243,True
0.09999999999999999,dual,48,1000,20261815,0.11160714285714286,2.1399879625829663,224,True
0.09999999999999999,dual,49,1000,20261816,0.08629441624365482,2.1399879625829663,197,True
0.09999999999999999,dual,50,1000,20261817,0.10628019323671498,2.1399879625829663,207,True
0.01,triple,1,1000,20261818,0.041666666666666664,2.6597396229955503,240,True
0.01,triple,2,1000,20261819,0.03571428571428571,2.6597396229955503,196,True
0.01,triple,3,1000,20261820,0.022123893805309734,2.6597396229955503,226,True
0.01,triple,4,1000,20261821,0.027906976744186046,2.6597396229955503,215,True
0.01,triple,5,1000,20261822,0.029556650246305417,2.6597396229955503,203,True
0.01,triple,6,1000,20261823,0.031578947368421054,2.6597396229955503,190,True
0.01,triple,7,1000,20261824,0.04784688995215311,2.6597396229955503,209,True
0.01,triple,8,1000,20261825,0.037914691943127965,2.6597396229955503,211,True
0.01,triple,9,1000,20261826,0.0273972602739726,2.6597396229955503,219,True
0.01,triple,10,1000,20261827,0.02531645569620253,2.6597396229955503,237,True
0.01,triple,11,1000,20261828,0.049773755656108594,2.6597396229955503,221,True
0.01,triple,12,1000,20261829,0.026200873362445413,2.6597396229955503,229,True
0.01,triple,13,1000,20261830,0.023622047244094488,2.6597396229955503,254,True
0.01,triple,14,1000,20261831,0.01646090534979424,2.6597396229955503,243,True
0.01,triple,15,1000,20261832,0.03225806451612903,2.6597396229955503,248,True
0.01,triple,16,1000,20261833,0.027149321266968326,2.6597396229955503,221,True
0.01,triple,17,1000,20261834,0.017167381974248927,2.6597396229955503,233,True
0.01,triple,18,1000,20261835,0.05188679245283019,2.6597396229955503,212,True
0.01,triple,19,1000,20261836,0.0398406374501992,2.6597396229955503,251,True
0.01,triple,20,1000,20261837,0.0379746835443038,2.6597396229955503,237,True
0.01,triple,21,1000,20261838,0.024271844660194174,2.6597396229955503,206,True
0.01,triple,22,1000,20261839,0.045454545454545456,2.6597396229955503,220,True
0.01,triple,23,1000,20261840,0.0136986301369863,2.6597396229955503,219,True
0.01,triple,24,1000,20261841,0.043859649122807015,2.6597396229955503,228,True
0.01,triple,25,1000,20261842,0.043668122270742356,2.6597396229955503,229,True
0.01,triple,26,1000,20261843,0.023696682464454975,2.6597396229955503,211,True
0.01,triple,27,1000,20261844,0.017937219730941704,2.6597396229955503,223,True
0.01,triple,28,1000,20261845,0.024271844660194174,2.6597396229955503,206,True
0.01,triple,29,1000,20261846,0.027888446215139442,2.6597396229955503,251,True
0.01,triple,30,1000,20261847,0.013636363636363636,2.6597396229955503,220,True
0.01,triple,31,1000,20261848,0.017391304347826087,2.6597396229955503,230,True
0.01,triple,32,1000,20261849,0.013215859030837005,2.6597396229955503,227,True
0.01,triple,33,1000,20261850,0.0182648401826484,2.6597396229955503,219,True
0.01,triple,34,1000,20261851,0.034482758620689655,2.6597396229955503,232,True
0.01,triple,35,1000,20261852,0.04680851063829787,2.6597396229955503,235,True
0.01,triple,36,1000,20261853,0.02631578947368421,2.6597396229955503,228,True
0.01,triple,37,1000,20261854,0.021834061135371178,2.6597396229955503,229,True
0.01,triple,38,1000,20261855,0.03902439024390244,2.6597396229955503,205,True
0.01,triple,39,1000,20261856,0.044897959183673466,2.6597396229955503,245,True
0.01,triple,40,1000,20261857,0.03139013452914798,2.6597396229955503,223,True
0.01,triple,41,1000,20261858,0.024875621890547265,2.6597396229955503,201,True
0.01,triple,42,1000,20261859,0.027649769585253458,2.6597396229955503,217,True
0.01,triple,43,1000,20261860,0.026905829596412557,2.6597396229955503,223,True
0.01,triple,44,1000,20261861,0.03375527426160337,2.6597396229955503,237,True
0.01,triple,45,1000,20261862,0.03125,2.6597396229955503,224,True
0.01,triple,46,1000,20261863,0.013574660633484163,2.6597396229955503,221,True
0.01,triple,47,1000,20261864,0.029535864978902954,2.6597396229955503,237,True
0.01,triple,48,1000,20261865,0.027649769585253458,2.6597396229955503,217,True
0.01,triple,49,1000,20261866,0.029850746268656716,2.6597396229955503,201,True
0.01,triple,50,1000,20261867,0.03286384976525822,2.6597396229955503,213,True
0.02,triple,1,1000,20261868,0.02403846153846154,2.5774172413947474,208,True
0.02,triple,2,1000,20261869,0.031818181818181815,2.5774172413947474,220,True
0.02,triple,3,1000,20261870,0.03636363636363636,2.5774172413947474,220,True
0.02,triple,4,1000,20261871,0.04932735426008968,2.5774172413947474,223,True
0.02,triple,5,1000,20261872,0.04054054054054054,2.5774172413947474,222,True
0.02,triple,6,1000,20261873,0.05172413793103448,2.5774172413947474,232,True
0.02,triple,7,1000,20261874,0.04405286343612335,2.5774172413947474,227,True
0.02,triple,8,1000,20261875,0.04329004329004329,2.5774172413947474,231,True
0.02,triple,9,1000,20261876,0.05309734513274336,2.5774172413947474,226,True
0.02,triple,10,1000,20261877,0.022026431718061675,2.5774172413947474,227,True
0.02,triple,11,1000,20261878,0.050761421319796954,2.5774172413947474,197,True
0.02,triple,12,1000,20261879,0.04504504504504504,2.5774172413947474,222,True
0.02,triple,13,1000,20261880,0.04424778761061947,2.5774172413947474,226,True
0.02,triple,14,1000,20261881,0.06550218340611354,2.5774172413947474,229,True
0.02,triple,15,1000,20261882,0.04782608695652174,2.5774172413947474,230,True
0.02,triple,16,1000,20261883,0.052132701421800945,2.5774172413947474,211,True
0.02,triple,17,1000,20261884,0.025,2.5774172413947474,200,True
0.02,triple,18,1000,20261885,0.037815126050420166,2.5774172413947474,238,True
0.02,triple,19,1000,20261886,0.034653465346534656,2.5774172413947474,202,True
0.02,triple,20,1000,20261887,0.046218487394957986,2.5774172413947474,238,True
0.02,triple,21,1000,20261888,0.034334763948497854,2.5774172413947474,233,True
0.02,triple,22,1000,20261889,0.04926108374384237,2.5774172413947474,203,True
0.02,triple,23,1000,20261890,0.046948356807511735,2.5774172413947474,213,True
0.02,triple,24,1000,20261891,0.06726457399103139,2.5774172413947474,223,True
0.02,triple,25,1000,20261892,0.045662100456621,2.5774172413947474,219,True
0.02,triple,26,1000,20261893,0.030837004405286344,2.5774172413947474,227,True
0.02,triple,27,1000,20261894,0.044444444444444446,2.5774172413947474,225,True
0.02,triple,28,1000,20261895,0.05555555555555555,2.5774172413947474,252,True
0.02,triple,29,1000,20261896,0.05472636815920398,2.5774172413947474,201,True
0.02,triple,30,1000,20261897,0.03508771929824561,2.5774172413947474,228,True
0.02,triple,31,1000,20261898,0.055793991416309016,2.5774172413947474,233,True
0.02,triple,32,1000,20261899,0.042735042735042736,2.5774172413947474,234,True
0.02,triple,33,1000,20261900,0.049773755656108594,2.5774172413947474,221,True
0.02,triple,34,1000,20261901,0.02834008097165992,2.5774172413947474,247,True
0.02,triple,35,1000,20261902,0.05963302752293578,2.5774172413947474,218,True
0.02,triple,36,1000,20261903,0.05314009661835749,2.5774172413947474,207,True
0.02,triple,37,1000,20261904,0.049107142857142856,2.5774172413947474,224,True
0.02,triple,38,1000,20261905,0.036036036036036036,2.5774172413947474,222,True
0.02,triple,39,1000,20261906,0.058577405857740586,2.5774172413947474,239,True
0.02,triple,40,1000,20261907,0.041474654377880185,2.5774172413947474,217,True
0.02,triple,41,1000,20261908,0.035555555555555556,2.5774172413947474,225,True
0.02,triple,42,1000,20261909,0.05829596412556054,2.5774172413947474,223,True
0.02,triple,43,1000,20261910,0.04680851063829787,2.5774172413947474,235,True
0.02,triple,44,1000,20261911,0.037914691943127965,2.5774172413947474,211,True
0.02,triple,45,1000,20261912,0.03404255319148936,2.5774172413947474,235,True
0.02,triple,46,1000,20261913,0.03734439834024896,2.5774172413947474,241,True
0.02,triple,47,1000,20261914,0.042735042735042736,2.5774172413947474,234,True
0.02,triple,48,1000,20261915,0.05263157894736842,2.5774172413947474,209,True
0.02,triple,49,1000,20261916,0.03017241379310345,2.5774172413947474,232,True
0.02,triple,50,1000,20261917,0.04680851063829787,2.5774172413947474,235,True
0.03,triple,1,1000,20261918,0.049107142857142856,2.4965990245924727,224,True
0.03,triple,2,1000,20261919,0.04926108374384237,2.4965990245924727,203,True
0.03,triple,3,1000,20261920,0.04878048780487805,2.4965990245924727,246,True
0.03,triple,4,1000,20261921,0.02577319587628866,2.4965990245924727,194,True
0.03,triple,5,1000,20261922,0.06422018348623854,2.4965990245924727,218,True
0.03,triple,6,1000,20261923,0.07079646017699115,2.4965990245924727,226,True
0.03,triple,7,1000,20261924,0.061224489795918366,2.4965990245924727,245,True
0.03,triple,8,1000,20261925,0.09389671361502347,2.4965990245924727,213,True
0.03,triple,9,1000,20261926,0.028037383177570093,2.4965990245924727,214,True
0.03,triple,10,1000,20261927,0.07456140350877193,2.4965990245924727,228,True
0.03,triple,11,1000,20261928,0.08653846153846154,2.4965990245924727,208,True
0.03,triple,12,1000,20261929,0.047619047619047616,2.4965990245924727,210,True
0.03,triple,13,1000,20261930,0.043668122270742356,2.4965990245924727,229,True
0.03,triple,14,1000,20261931,0.06504065040650407,2.4965990245924727,246,True
0.03,triple,15,1000,20261932,0.05485232067510549,2.4965990245924727,237,True
0.03,triple,16,1000,20261933,0.05555555555555555,2.4965990245924727,234,True
0.03,triple,17,1000,20261934,0.06956521739130435,2.4965990245924727,230,True
0.03,triple,18,1000,20261935,0.07456140350877193,2.4965990245924727,228,True
0.03,triple,19,1000,20261936,0.061946902654867256,2.4965990245924727,226,True
0.03,triple,20,1000,20261937,0.037037037037037035,2.4965990245924727,216,True
0.03,triple,21,1000,20261938,0.05263157894736842,2.4965990245924727,209,True
0.03,triple,22,1000,20261939,0.05045871559633028,2.4965990245924727,218,True
0.03,triple,23,1000,20261940,0.05555555555555555,2.4965990245924727,216,True
0.03,triple,24,1000,20261941,0.04700854700854701,2.4965990245924727,234,True
0.03,triple,25,1000,20261942,0.05504587155963303,2.4965990245924727,218,True
0.03,triple,26,1000,20261943,0.05106382978723404,2.4965990245924727,235,True
0.03,triple,27,1000,20261944,0.08878504672897196,2.4965990245924727,214,True
0.03,triple,28,1000,20261945,0.04225352112676056,2.4965990245924727,213,True
0.03,triple,29,1000,20261946,0.03153153153153153,2.4965990245924727,222,True
0.03,triple,30,1000,20261947,0.07391304347826087,2.4965990245924727,230,True
0.03,triple,31,1000,20261948,0.0845771144278607,2.4965990245924727,201,True
0.03,triple,32,1000,20261949,0.07657657657657657,2.4965990245924727,222,True
0.03,triple,33,1000,20261950,0.06048387096774194,2.4965990245924727,248,True
0.03,triple,34,1000,20261951,0.035398230088495575,2.4965990245924727,226,True
0.03,triple,35,1000,20261952,0.037914691943127965,2.4965990245924727,211,True
0.03,triple,36,1000,20261953,0.05263157894736842,2.4965990245924727,209,True
0.03,triple,37,1000,20261954,0.06306306306306306,2.4965990245924727,222,True
0.03,triple,38,1000,20261955,0.03292181069958848,2.4965990245924727,243,True
0.03,triple,39,1000,20261956,0.08256880733944955,2.4965990245924727,218,True
0.03,triple,40,1000,20261957,0.04524886877828054,2.4965990245924727,221,True
0.03,triple,41,1000,20261958,0.06198347107438017,2.4965990245924727,242,True
0.03,triple,42,1000,20261959,0.04225352112676056,2.4965990245924727,213,True
0.03,triple,43,1000,20261960,0.05982905982905983,2.4965990245924727,234,True
0.03,triple,44,1000,20261961,0.051643192488262914,2.4965990245924727,213,True
0.03,triple,45,1000,20261962,0.047619047619047616,2.4965990245924727,210,True
0.03,triple,46,1000,20261963,0.07614213197969544,2.4965990245924727,197,True
0.03,triple,47,1000,20261964,0.05333333333333334,2.4965990245924727,225,True
0.03,triple,48,1000,20261965,0.08,2.4965990245924727,250,True
0.03,triple,49,1000,20261966,0.03286384976525822,2.4965990245924727,213,True
0.03,triple,50,1000,20261967,0.05627705627705628,2.4965990245924727,231,True
0.04,triple,1,1000,20261968,0.06493506493506493,2.417276774790923,231,True
0.04,triple,2,1000,20261969,0.07317073170731707,2.417276774790923,205,True
0.04,triple,3,1000,20261970,0.05172413793103448,2.417276774790923,232,True
0.04,triple,4,1000,20261971,0.08520179372197309,2.417276774790923,223,True
0.04,triple,5,1000,20261972,0.10638297872340426,2.417276774790923,235,True
0.04,triple,6,1000,20261973,0.07755102040816327,2.417276774790923,245,True
0.04,triple,7,1000,20261974,0.10328638497652583,2.417276774790923,213,True
0.04,triple,8,1000,20261975,0.09216589861751152,2.417276774790923,217,True
0.04,triple,9,1000,20261976,0.06363636363636363,2.417276774790923,220,True
0.04,triple,10,1000,20261977,0.06666666666666667,2.417276774790923,210,True
0.04,triple,11,1000,20261978,0.08733624454148471,2.417276774790923,229,True
0.04,triple,12,1000,20261979,0.0815450643776824,2.417276774790923,233,True
0.04,triple,13,1000,20261980,0.0787037037037037,2.417276774790923,216,True
0.04,triple,14,1000,20261981,0.09090909090909091,2.417276774790923,220,True
0.04,triple,15,1000,20261982,0.07894736842105263,2.417276774790923,228,True
0.04,triple,16,1000,20261983,0.06751054852320675,2.417276774790923,237,True
0.04,triple,17,1000,20261984,0.07373271889400922,2.417276774790923,217,True
0.04,triple,18,1000,20261985,0.061611374407582936,2.417276774790923,211,True
0.04,triple,19,1000,20261986,0.07042253521126761,2.417276774790923,213,True
0.04,triple,20,1000,20261987,0.037383177570093455,2.417276774790923,214,True
0.04,triple,21,1000,20261988,0.06341463414634146,2.417276774790923,205,True
0.04,triple,22,1000,20261989,0.056338028169014086,2.417276774790923,213,True
0.04,triple,23,1000,20261990,0.047619047619047616,2.417276774790923,231,True
0.04,triple,24,1000,20261991,0.08482142857142858,2.417276774790923,224,True
0.04,triple,25,1000,20261992,0.06829268292682927,2.417276774790923,205,True
0.04,triple,26,1000,20261993,0.04782608695652174,2.417276774790923,230,True
0.04,triple,27,1000,20261994,0.0782608695652174,2.417276774790923,230,True
0.04,triple,28,1000,20261995,0.05803571428571429,2.417276774790923,224,True
0.04,triple,29,1000,20261996,0.03286384976525822,2.417276774790923,213,True
0.04,triple,30,1000,20261997,0.09251101321585903,2.417276774790923,227,True
0.04,triple,31,1000,20261998,0.055793991416309016,2.417276774790923,233,True
0.04,triple,32,1000,20261999,0.0735930735930736,2.417276774790923,231,True
0.04,triple,33,1000,20262000,0.08906882591093117,2.417276774790923,247,True
0.04,triple,34,1000,20262001,0.0752212389380531,2.417276774790923,226,True
0.04,triple,35,1000,20262002,0.06306306306306306,2.417276774790923,222,True
0.04,triple,36,1000,20262003,0.08050847457627118,2.417276774790923,236,True
0.04,triple,37,1000,20262004,0.09274193548387097,2.417276774790923,248,True
0.04,triple,38,1000,20262005,0.06896551724137931,2.417276774790923,232,True
0.04,triple,39,1000,20262006,0.059322033898305086,2.417276774790923,236,True
0.04,triple,40,1000,20262007,0.06493506493506493,2.417276774790923,231,True
0.04,triple,41,1000,20262008,0.08256880733944955,2.417276774790923,218,True
0.04,triple,42,1000,20262009,0.091324200913242,2.417276774790923,219,True
0.04,triple,43,1000,20262010,0.09716599190283401,2.417276774790923,247,True
0.04,triple,44,1000,20262011,0.0593607305936073,2.417276774790923,219,True
0.04,triple,45,1000,20262012,0.06578947368421052,2.417276774790923,228,True
0.04,triple,46,1000,20262013,0.07207207207207207,2.417276774790923,222,True
0.04,triple,47,1000,20262014,0.09745762711864407,2.417276774790923,236,True
0.04,triple,48,1000,20262015,0.043478260869565216,2.417276774790923,230,True
0.04,triple,49,1000,20262016,0.07048458149779736,2.417276774790923,227,True
0.04,triple,50,1000,20262017,0.10232558139534884,2.417276774790923,215,True
0.05,triple,1,1000,20262018,0.05238095238095238,2.3394422368653296,210,True
0.05,triple,2,1000,20262019,0.06896551724137931,2.3394422368653296,232,True
0.05,triple,3,1000,20262020,0.08181818181818182,2.3394422368653296,220,True
0.05,triple,4,1000,20262021,0.09210526315789473,2.3394422368653296,228,True
0.05,triple,5,1000,20262022,0.0782608695652174,2.3394422368653296,230,True
0.05,triple,6,1000,20262023,0.08888888888888889,2.3394422368653296,225,True
0.05,triple,7,1000,20262024,0.09361702127659574,2.3394422368653296,235,True
0.05,triple,8,1000,20262025,0.10480349344978165,2.3394422368653296,229,True
0.05,triple,9,1000,20262026,0.09950248756218906,2.3394422368653296,201,True
0.05,triple,10,1000,20262027,0.0782608695652174,2.3394422368653296,230,True
0.05,triple,11,1000,20262028,0.1065989847715736,2.3394422368653296,197,True
0.05,triple,12,1000,20262029,0.09722222222222222,2.3394422368653296,216,True
0.05,triple,13,1000,20262030,0.06787330316742081,2.3394422368653296,221,True
0.05,triple,14,1000,20262031,0.057971014492753624,2.3394422368653296,207,True
0.05,triple,15,1000,20262032,0.0995260663507109,2.3394422368653296,211,True
0.05,triple,16,1000,20262033,0.11160714285714286,2.3394422368653296,224,True
0.05,triple,17,1000,20262034,0.10526315789473684,2.3394422368653296,228,True
0.05,triple,18,1000,20262035,0.06422018348623854,2.3394422368653296,218,True
0.05,triple,19,1000,20262036,0.06756756756756757,2.3394422368653296,222,True
0.05,triple,20,1000,20262037,0.0761904761904762,2.3394422368653296,210,True
0.05,triple,21,1000,20262038,0.10747663551401869,2.3394422368653296,214,True
0.05,triple,22,1000,20262039,0.05333333333333334,2.3394422368653296,225,True
0.05,triple,23,1000,20262040,0.08482142857142858,2.3394422368653296,224,True
0.05,triple,24,1000,20262041,0.07692307692307693,2.3394422368653296,234,True
0.05,triple,25,1000,20262042,0.116751269035533,2.3394422368653296,197,True
0.05,triple,26,1000,20262043,0.09178743961352658,2.3394422368653296,207,True
0.05,triple,27,1000,20262044,0.11061946902654868,2.3394422368653296,226,True
0.05,triple,28,1000,20262045,0.07964601769911504,2.3394422368653296,226,True
0.05,triple,29,1000,20262046,0.1004566210045662,2.3394422368653296,219,True
0.05,triple,30,1000,20262047,0.07079646017699115,2.3394422368653296,226,True
0.05,triple,31,1000,20262048,0.1087866108786611,2.3394422368653296,239,True
0.05,triple,32,1000,20262049,0.04411764705882353,2.3394422368653296,204,True
0.05,triple,33,1000,20262050,0.1085972850678733,2.3394422368653296,221,True
0.05,triple,34,1000,20262051,0.09251101321585903,2.3394422368653296,227,True
0.05,triple,35,1000,20262052,0.10762331838565023,2.3394422368653296,223,True
0.05,triple,36,1000,20262053,0.06467661691542288,2.3394422368653296,201,True
0.05,triple,37,1000,20262054,0.10849056603773585,2.3394422368653296,212,True
0.05,triple,38,1000,20262055,0.06557377049180328,2.3394422368653296,244,True
0.05,triple,39,1000,20262056,0.0635593220338983,2.3394422368653296,236,True
0.05,triple,40,1000,20262057,0.10697674418604651,2.3394422368653296,215,True
0.05,triple,41,1000,20262058,0.07692307692307693,2.3394422368653296,208,True
0.05,triple,42,1000,20262059,0.07441860465116279,2.3394422368653296,215,True
0.05,triple,43,1000,20262060,0.08866995073891626,2.3394422368653296,203,True
0.05,triple,44,1000,20262061,0.08547008547008547,2.3394422368653296,234,True
0.05,triple,45,1000,20262062,0.10550458715596331,2.3394422368653296,218,True
0.05,triple,46,1000,20262063,0.05472636815920398,2.3394422368653296,201,True
0.05,triple,47,1000,20262064,0.07488986784140969,2.3394422368653296,227,True
0.05,triple,48,1000,20262065,0.0779816513761468,2.3394422368653296,218,True
0.05,triple,49,1000,20262066,0.06912442396313365,2.3394422368653296,217,True
0.05,triple,50,1000,20262067,0.08968609865470852,2.3394422368653296,223,True
0.060000000000000005,triple,1,1000,20262068,0.08974358974358974,2.2630870971880728,234,True
0.060000000000000005,triple,2,1000,20262069,0.09691629955947137,2.2630870971880728,227,True
0.060000000000000005,triple,3,1000,20262070,0.08173076923076923,2.2630870971880728,208,True
0.060000000000000005,triple,4,1000,20262071,0.09829059829059829,2.2630870971880728,234,True
0.060000000000000005,triple,5,1000,20262072,0.0787037037037037,2.2630870971880728,216,True
0.060000000000000005,triple,6,1000,20262073,0.09137055837563451,2.2630870971880728,197,True
0.060000000000000005,triple,7,1000,20262074,0.10267857142857142,2.2630870971880728,224,True
0.060000000000000005,triple,8,1000,20262075,0.1276595744680851,2.2630870971880728,235,True
0.060000000000000005,triple,9,1000,20262076,0.10714285714285714,2.2630870971880728,224,True
0.060000000000000005,triple,10,1000,20262077,0.1267605633802817,2.2630870971880728,213,True
0.060000000000000005,triple,11,1000,20262078,0.1278538812785388,2.2630870971880728,219,True
0.060000000000000005,triple,12,1000,20262079,0.08653846153846154,2.2630870971880728,208,True
0.060000000000000005,triple,13,1000,20262080,0.10434782608695652,2.2630870971880728,230,True
0.060000000000000005,triple,14,1000,20262081,0.09170305676855896,2.2630870971880728,229,True
0.060000000000000005,triple,15,1000,20262082,0.1111111111111111,2.2630870971880728,198,True
0.060000000000000005,triple,16,1000,20262083,0.12442396313364056,2.2630870971880728,217,True
0.060000000000000005,triple,17,1000,20262084,0.10964912280701754,2.2630870971880728,228,True
0.060000000000000005,triple,18,1000,20262085,0.0794392523364486,2.2630870971880728,214,True
0.060000000000000005,triple,19,1000,20262086,0.1087866108786611,2.2630870971880728,239,True
0.060000000000000005,triple,20,1000,20262087,0.12017167381974249,2.2630870971880728,233,True
0.060000000000000005,triple,21,1000,20262088,0.10775862068965517,2.2630870971880728,232,True
0.060000000000000005,triple,22,1000,20262089,0.1037344398340249,2.2630870971880728,241,True
0.060000000000000005,triple,23,1000,20262090,0.11267605633802817,2.2630870971880728,213,True
0.060000000000000005,triple,24,1000,20262091,0.0730593607305936,2.2630870971880728,219,True
0.060000000000000005,triple,25,1000,20262092,0.1036036036036036,2.2630870971880728,222,True
0.060000000000000005,triple,26,1000,20262093,0.08368200836820083,2.2630870971880728,239,True
0.060000000000000005,triple,27,1000,20262094,0.11946902654867257,2.2630870971880728,226,True
0.060000000000000005,triple,28,1000,20262095,0.09956709956709957,2.2630870971880728,231,True
0.060000000000000005,triple,29,1000,20262096,0.09090909090909091,2.2630870971880728,209,True
0.060000000000000005,triple,30,1000,20262097,0.0779816513761468,2.2630870971880728,218,True
0.060000000000000005,triple,31,1000,20262098,0.12037037037037036,2.2630870971880728,216,True
0.060000000000000005,triple,32,1000,20262099,0.07317073170731707,2.2630870971880728,205,True
0.060000000000000005,triple,33,1000,20262100,0.0891089108910891,2.2630870971880728,202,True
0.060000000000000005,triple,34,1000,20262101,0.09259259259259259,2.2630870971880728,216,True
0.060000000000000005,triple,35,1000,20262102,0.11570247933884298,2.2630870971880728,242,True
0.060000000000000005,triple,36,1000,20262103,0.08376963350785341,2.2630870971880728,191,True
0.060000000000000005,triple,37,1000,20262104,0.12669683257918551,2.2630870971880728,221,True
0.060000000000000005,triple,38,1000,20262105,0.08333333333333333,2.2630870971880728,216,True
0.060000000000000005,triple,39,1000,20262106,0.09871244635193133,2.2630870971880728,233,True
0.060000000000000005,triple,40,1000,20262107,0.11442786069651742,2.2630870971880728,201,True
0.060000000000000005,triple,41,1000,20262108,0.09333333333333334,2.2630870971880728,225,True
0.060000000000000005,triple,42,1000,20262109,0.09545454545454546,2.2630870971880728,220,True
0.060000000000000005,triple,43,1000,20262110,0.12340425531914893,2.2630870971880728,235,True
0.060000000000000005,triple,44,1000,20262111,0.11848341232227488,2.2630870971880728,211,True
0.060000000000000005,triple,45,1000,20262112,0.09004739336492891,2.2630870971880728,211,True
0.060000000000000005,triple,46,1000,20262113,0.1036036036036036,2.2630870971880728,222,True
0.060000000000000005,triple,47,1000,20262114,0.1013215859030837,2.2630870971880728,227,True
0.060000000000000005,triple,48,1000,20262115,0.10900473933649289,2.2630870971880728,211,True
0.060000000000000005,triple,49,1000,20262116,0.09905660377358491,2.2630870971880728,212,True
0.060000000000000005,triple,50,1000,20262117,0.07894736842105263,2.2630870971880728,228,True
0.06999999999999999,triple,1,1000,20262118,0.10970464135021098,2.1882029824132587,237,True
0.06999999999999999,triple,2,1000,20262119,0.11737089201877934,2.1882029824132587,213,True
0.06999999999999999,triple,3,1000,20262120,0.08968609865470852,2.1882029824132587,223,True
0.06999999999999999,triple,4,1000,20262121,0.16738197424892703,2.1882029824132587,233,False
0.06999999999999999,triple,5,1000,20262122,0.10047846889952153,2.1882029824132587,209,True
0.06999999999999999,triple,6,1000,20262123,0.11764705882352941,2.1882029824132587,221,True
0.06999999999999999,triple,7,1000,20262124,0.11961722488038277,2.1882029824132587,209,True
0.06999999999999999,triple,8,1000,20262125,0.13761467889908258,2.1882029824132587,218,True
0.06999999999999999,triple,9,1000,20262126,0.10638297872340426,2.1882029824132587,235,True
0.06999999999999999,triple,10,1000,20262127,0.11467889908256881,2.1882029824132587,218,True
0.06999999999999999,triple,11,1000,20262128,0.09954751131221719,2.1882029824132587,221,True
0.06999999999999999,triple,12,1000,20262129,0.1308411214953271,2.1882029824132587,214,True
0.06999999999999999,triple,13,1000,20262130,0.0811965811965812,2.1882029824132587,234,True
0.06999999999999999,triple,14,1000,20262131,0.1391304347826087,2.1882029824132587,230,True
0.06999999999999999,triple,15,1000,20262132,0.13574660633484162,2.1882029824132587,221,True
0.06999999999999999,triple,16,1000,20262133,0.11818181818181818,2.1882029824132587,220,True
0.06999999999999999,triple,17,1000,20262134,0.08870967741935484,2.1882029824132587,248,True
0.06999999999999999,triple,18,1000,20262135,0.1206896551724138,2.1882029824132587,232,True
0.06999999999999999,triple,19,1000,20262136,0.10569105691056911,2.1882029824132587,246,True
0.06999999999999999,triple,20,1000,20262137,0.09009009009009009,2.1882029824132587,222,True
0.06999999999999999,triple,21,1000,20262138,0.1152073732718894,2.1882029824132587,217,True
0.06999999999999999,triple,22,1000,20262139,0.1111111111111111,2.1882029824132587,207,True
0.06999999999999999,triple,23,1000,20262140,0.1044776119402985,2.1882029824132587,201,True
0.06999999999999999,triple,24,1000,20262141,0.08823529411764706,2.1882029824132587,204,True
0.06999999999999999,triple,25,1000,20262142,0.08372093023255814,2.1882029824132587,215,True
0.06999999999999999,triple,26,1000,20262143,0.12334801762114538,2.1882029824132587,227,True
0.06999999999999999,triple,27,1000,20262144,0.08374384236453201,2.1882029824132587,203,True
0.06999999999999999,triple,28,1000,20262145,0.11711711711711711,2.1882029824132587,222,True
0.06999999999999999,triple,29,1000,20262146,0.11946902654867257,2.1882029824132587,226,True
0.06999999999999999,triple,30,1000,20262147,0.09813084112149532,2.1882029824132587,214,True
0.06999999999999999,triple,31,1000,20262148,0.06756756756756757,2.1882029824132587,222,True
0.06999999999999999,triple,32,1000,20262149,0.11914893617021277,2.1882029824132587,235,True
0.06999999999999999,triple,33,1000,20262150,0.11666666666666667,2.1882029824132587,240,True
0.06999999999999999,triple,34,1000,20262151,0.13559322033898305,2.1882029824132587,236,True
0.06999999999999999,triple,35,1000,20262152,0.07476635514018691,2.1882029824132587,214,True
0.06999999999999999,triple,36,1000,20262153,0.100418410041841,2.1882029824132587,239,True
0.06999999999999999,triple,37,1000,20262154,0.08450704225352113,2.1882029824132587,213,True
0.06999999999999999,triple,38,1000,20262155,0.1092436974789916,2.1882029824132587,238,True
0.06999999999999999,triple,39,1000,20262156,0.06866952789699571,2.1882029824132587,233,True
0.06999999999999999,triple,40,1000,20262157,0.09615384615384616,2.1882029824132587,208,True
0.06999999999999999,triple,41,1000,20262158,0.09090909090909091,2.1882029824132587,220,True
0.06999999999999999,triple,42,1000,20262159,0.1111111111111111,2.1882029824132587,216,True
0.06999999999999999,triple,43,1000,20262160,0.14035087719298245,2.1882029824132587,228,True
0.06999999999999999,triple,44,1000,20262161,0.12556053811659193,2.1882029824132587,223,True
0.06999999999999999,triple,45,1000,20262162,0.13636363636363635,2.1882029824132587,198,True
0.06999999999999999,triple,46,1000,20262163,0.09777777777777778,2.1882029824132587,225,True
0.06999999999999999,triple,47,1000,20262164,0.10176991150442478,2.1882029824132587,226,True
0.06999999999999999,triple,48,1000,20262165,0.11981566820276497,2.1882029824132587,217,True
0.06999999999999999,triple,49,1000,20262166,0.11637931034482758,2.1882029824132587,232,True
0.06999999999999999,triple,50,1000,20262167,0.09871244635193133,2.1882029824132587,233,True
0.08,triple,1,1000,20262168,0.13574660633484162,2.1147814582199134,221,True
0.08,triple,2,1000,20262169,0.13839285714285715,2.1147814582199134,224,True
0.08,triple,3,1000,20262170,0.11607142857142858,2.1147814582199134,224,True
0.08,triple,4,1000,20262171,0.11538461538461539,2.1147814582199134,234,True
0.08,triple,5,1000,20262172,0.125,2.1147814582199134,224,True
0.08,triple,6,1000,20262173,0.1574074074074074,2.1147814582199134,216,False
0.08,triple,7,1000,20262174,0.107981220657277,2.1147814582199134,213,True
0.08,triple,8,1000,20262175,0.11818181818181818,2.1147814582199134,220,True
0.08,triple,9,1000,20262176,0.1350210970464135,2.1147814582199134,237,True
0.08,triple,10,1000,20262177,0.17727272727272728,2.1147814582199134,220,False
0.08,triple,11,1000,20262178,0.0975609756097561,2.1147814582199134,205,True
0.08,triple,12,1000,20262179,0.10666666666666667,2.1147814582199134,225,True
0.08,triple,13,1000,20262180,0.0945945945945946,2.1147814582199134,222,True
0.08,triple,14,1000,20262181,0.13004484304932734,2.1147814582199134,223,True
0.08,triple,15,1000,20262182,0.17672413793103448,2.1147814582199134,232,False
0.08,triple,16,1000,20262183,0.13744075829383887,2.1147814582199134,211,True
0.08,triple,17,1000,20262184,0.08823529411764706,2.1147814582199134,204,True
0.08,triple,18,1000,20262185,0.11475409836065574,2.1147814582199134,244,True
0.08,triple,19,1000,20262186,0.10344827586206896,2.1147814582199134,203,True
0.08,triple,20,1000,20262187,0.07177033492822966,2.1147814582199134,209,True
0.08,triple,21,1000,20262188,0.1116751269035533,2.1147814582199134,197,True
0.08,triple,22,1000,20262189,0.14746543778801843,2.1147814582199134,217,False
0.08,triple,23,1000,20262190,0.15165876777251186,2.1147814582199134,211,False
0.08,triple,24,1000,20262191,0.14864864864864866,2.1147814582199134,222,False
0.08,triple,25,1000,20262192,0.11961722488038277,2.1147814582199134,209,True
0.08,triple,26,1000,20262193,0.14423076923076922,2.1147814582199134,208,True
0.08,triple,27,1000,20262194,0.1506849315068493,2.1147814582199134,219,False
0.08,triple,28,1000,20262195,0.14563106796116504,2.1147814582199134,206,True
0.08,triple,29,1000,20262196,0.08823529411764706,2.1147814582199134,238,True
0.08,triple,30,1000,20262197,0.11055276381909548,2.1147814582199134,199,True
0.08,triple,31,1000,20262198,0.15217391304347827,2.1147814582199134,230,False
0.08,triple,32,1000,20262199,0.1278538812785388,2.1147814582199134,219,True
0.08,triple,33,1000,20262200,0.1643192488262911,2.1147814582199134,213,False
0.08,triple,34,1000,20262201,0.14761904761904762,2.1147814582199134,210,False
0.08,triple,35,1000,20262202,0.1461187214611872,2.1147814582199134,219,False
0.08,triple,36,1000,20262203,0.12280701754385964,2.1147814582199134,228,True
0.08,triple,37,1000,20262204,0.16033755274261605,2.1147814582199134,237,False
0.08,triple,38,1000,20262205,0.15789473684210525,2.1147814582199134,228,False
0.08,triple,39,1000,20262206,0.1050228310502283,2.1147814582199134,219,True
0.08,triple,40,1000,20262207,0.15,2.1147814582199134,240,False
0.08,triple,41,1000,20262208,0.09359605911330049,2.1147814582199134,203,True
0.08,triple,42,1000,20262209,0.0963302752293578,2.1147814582199134,218,True
0.08,triple,43,1000,20262210,0.12987012987012986,2.1147814582199134,231,True
0.08,triple,44,1000,20262211,0.12903225806451613,2.1147814582199134,217,True
0.08,triple,45,1000,20262212,0.15306122448979592,2.1147814582199134,196,False
0.08,triple,46,1000,20262213,0.11158798283261803,2.1147814582199134,233,True
0.08,triple,47,1000,20262214,0.09652509652509653,2.1147814582199134,259,True
0.08,triple,48,1000,20262215,0.07881773399014778,2.1147814582199134,203,True
0.08,triple,49,1000,20262216,0.1095890410958904,2.1147814582199134,219,True
0.08,triple,50,1000,20262217,0.14163090128755365,2.1147814582199134,233,True
0.09,triple,1,1000,20262218,0.15137614678899083,2.042814028011862,218,False
0.09,triple,2,1000,20262219,0.14285714285714285,2.042814028011862,217,True
0.09,triple,3,1000,20262220,0.12857142857142856,2.042814028011862,210,True
0.09,triple,4,1000,20262221,0.14285714285714285,2.042814028011862,238,True
0.09,triple,5,1000,20262222,0.11983471074380166,2.042814028011862,242,True
0.09,triple,6,1000,20262223,0.14285714285714285,2.042814028011862,210,True
0.09,triple,7,1000,20262224,0.1288888888888889,2.042814028011862,225,True
0.09,triple,8,1000,20262225,0.14903846153846154,2.042814028011862,208,False
0.09,triple,9,1000,20262226,0.1703056768558952,2.042814028011862,229,False
0.09,triple,10,1000,20262227,0.16176470588235295,2.042814028011862,204,False
0.09,triple,11,1000,20262228,0.16170212765957448,2.042814028011862,235,False
0.09,triple,12,1000,20262229,0.1487603305785124,2.042814028011862,242,False
0.09,triple,13,1000,20262230,0.14347826086956522,2.042814028011862,230,True
0.09,triple,14,1000,20262231,0.125,2.042814028011862,208,True
0.09,triple,15,1000,20262232,0.15384615384615385,2.042814028011862,234,False
0.09,triple,16,1000,20262233,0.14345991561181434,2.042814028011862,237,True
0.09,triple,17,1000,20262234,0.1324200913242009,2.042814028011862,219,True
0.09,triple,18,1000,20262235,0.10945273631840796,2.042814028011862,201,True
0.09,triple,19,1000,20262236,0.13478260869565217,2.042814028011862,230,True
0.09,triple,20,1000,20262237,0.16455696202531644,2.042814028011862,237,False
0.09,triple,21,1000,20262238,0.15348837209302327,2.042814028011862,215,False
0.09,triple,22,1000,20262239,0.1179245283018868,2.042814028011862,212,True
0.09,triple,23,1000,20262240,0.13942307692307693,2.042814028011862,208,True
0.09,triple,24,1000,20262241,0.1623931623931624,2.042814028011862,234,False
0.09,triple,25,1000,20262242,0.12037037037037036,2.042814028011862,216,True
0.09,triple,26,1000,20262243,0.16161616161616163,2.042814028011862,198,False
0.09,triple,27,1000,20262244,0.11618257261410789,2.042814028011862,241,True
0.09,triple,28,1000,20262245,0.13122171945701358,2.042814028011862,221,True
0.09,triple,29,1000,20262246,0.12350597609561753,2.042814028011862,251,True
0.09,triple,30,1000,20262247,0.13,2.042814028011862,200,True
0.09,triple,31,1000,20262248,0.15609756097560976,2.042814028011862,205,False
0.09,triple,32,1000,20262249,0.09583333333333334,2.042814028011862,240,True
0.09,triple,33,1000,20262250,0.1024390243902439,2.042814028011862,205,True
0.09,triple,34,1000,20262251,0.15,2.042814028011862,220,False
0.09,triple,35,1000,20262252,0.14027149321266968,2.042814028011862,221,True
0.09,triple,36,1000,20262253,0.13278008298755187,2.042814028011862,241,True
0.09,triple,37,1000,20262254,0.11320754716981132,2.042814028011862,212,True
0.09,triple,38,1000,20262255,0.14832535885167464,2.042814028011862,209,False
0.09,triple,39,1000,20262256,0.17180616740088106,2.042814028011862,227,False
0.09,triple,40,1000,20262257,0.15196078431372548,2.042814028011862,204,False
0.09,triple,41,1000,20262258,0.15350877192982457,2.042814028011862,228,False
0.09,triple,42,1000,20262259,0.15865384615384615,2.042814028011862,208,False
0.09,triple,43,1000,20262260,0.125,2.042814028011862,224,True
0.09,triple,44,1000,20262261,0.1461187214611872,2.042814028011862,219,False
0.09,triple,45,1000,20262262,0.14410480349344978,2.042814028011862,229,True
0.09,triple,46,1000,20262263,0.15566037735849056,2.042814028011862,212,False
0.09,triple,47,1000,20262264,0.1382488479262673,2.042814028011862,217,True
0.09,triple,48,1000,20262265,0.12,2.042814028011862,225,True
0.09,triple,49,1000,20262266,0.11894273127753303,2.042814028011862,227,True
0.09,triple,50,1000,20262267,0.13983050847457626,2.042814028011862,236,True
0.09999999999999999,triple,1,1000,20262268,0.14798206278026907,1.9722921315721977,223,False
0.09999999999999999,triple,2,1000,20262269,0.19090909090909092,1.9722921315721977,220,False
0.09999999999999999,triple,3,1000,20262270,0.1417004048582996,1.9722921315721977,247,True
0.09999999999999999,triple,4,1000,20262271,0.17674418604651163,1.9722921315721977,215,False
0.09999999999999999,triple,5,1000,20262272,0.16230366492146597,1.9722921315721977,191,False
0.09999999999999999,triple,6,1000,20262273,0.16334661354581673,1.9722921315721977,251,False
0.09999999999999999,triple,7,1000,20262274,0.14601769911504425,1.9722921315721977,226,False
0.09999999999999999,triple,8,1000,20262275,0.17326732673267325,1.9722921315721977,202,False
0.09999999999999999,triple,9,1000,20262276,0.19457013574660634,1.9722921315721977,221,False
0.09999999999999999,triple,10,1000,20262277,0.11320754716981132,1.9722921315721977,212,True
0.09999999999999999,triple,11,1000,20262278,0.09130434782608696,1.9722921315721977,230,True
0.09999999999999999,triple,12,1000,20262279,0.1276595744680851,1.9722921315721977,235,True
0.09999999999999999,triple,13,1000,20262280,0.18025751072961374,1.9722921315721977,233,False
0.09999999999999999,triple,14,1000,20262281,0.19047619047619047,1.9722921315721977,210,False
0.09999999999999999,triple,15,1000,20262282,0.13852813852813853,1.9722921315721977,231,True
0.09999999999999999,triple,16,1000,20262283,0.15384615384615385,1.9722921315721977,195,False
0.09999999999999999,triple,17,1000,20262284,0.13392857142857142,1.9722921315721977,224,True
0.09999999999999999,triple,18,1000,20262285,0.16666666666666666,1.9722921315721977,222,False
0.09999999999999999,triple,19,1000,20262286,0.13191489361702127,1.9722921315721977,235,True
0.09999999999999999,triple,20,1000,20262287,0.167420814479638,1.9722921315721977,221,False
0.09999999999999999,triple,21,1000,20262288,0.13478260869565217,1.9722921315721977,230,True
0.09999999999999999,triple,22,1000,20262289,0.12946428571428573,1.9722921315721977,224,True
0.09999999999999999,triple,23,1000,20262290,0.11210762331838565,1.9722921315721977,223,True
0.09999999999999999,triple,24,1000,20262291,0.14056224899598393,1.9722921315721977,249,True
0.09999999999999999,triple,25,1000,20262292,0.14871794871794872,1.9722921315721977,195,False
0.09999999999999999,triple,26,1000,20262293,0.18181818181818182,1.9722921315721977,209,False
0.09999999999999999,triple,27,1000,20262294,0.11894273127753303,1.9722921315721977,227,True
0.09999999999999999,triple,28,1000,20262295,0.12658227848101267,1.9722921315721977,237,True
0.09999999999999999,triple,29,1000,20262296,0.17916666666666667,1.9722921315721977,240,False
0.09999999999999999,triple,30,1000,20262297,0.10837438423645321,1.9722921315721977,203,True
0.09999999999999999,triple,31,1000,20262298,0.11885245901639344,1.9722921315721977,244,True
0.09999999999999999,triple,32,1000,20262299,0.18143459915611815,1.9722921315721977,237,False
0.09999999999999999,triple,33,1000,20262300,0.1407766990291262,1.9722921315721977,206,True
0.09999999999999999,triple,34,1000,20262301,0.1782178217821782,1.9722921315721977,202,False
0.09999999999999999,triple,35,1000,20262302,0.14150943396226415,1.9722921315721977,212,True
0.09999999999999999,triple,36,1000,20262303,0.16972477064220184,1.9722921315721977,218,False
0.09999999999999999,triple,37,1000,20262304,0.13679245283018868,1.9722921315721977,212,True
0.09999999999999999,triple,38,1000,20262305,0.15813953488372093,1.9722921315721977,215,False
0.09999999999999999,triple,39,1000,20262306,0.12663755458515283,1.9722921315721977,229,True
0.09999999999999999,triple,40,1000,20262307,0.15418502202643172,1.9722921315721977,227,False
0.09999999999999999,triple,41,1000,20262308,0.13025210084033614,1.9722921315721977,238,True
0.09999999999999999,triple,42,1000,20262309,0.15948275862068967,1.9722921315721977,232,False
0.09999999999999999,triple,43,1000,20262310,0.14354066985645933,1.9722921315721977,209,True
0.09999999999999999,triple,44,1000,20262311,0.1493212669683258,1.9722921315721977,221,False
0.09999999999999999,triple,45,1000,20262312,0.18095238095238095,1.9722921315721977,210,False
0.09999999999999999,triple,46,1000,20262313,0.13559322033898305,1.9722921315721977,236,True
0.09999999999999999,triple,47,1000,20262314,0.16317991631799164,1.9722921315721977,239,False
0.09999999999999999,triple,48,1000,20262315,0.125,1.9722921315721977,248,True
0.09999999999999999,triple,49,1000,20262316,0.1375,1.9722921315721977,240,True
0.09999999999999999,triple,50,1000,20262317,0.1542056074766355,1.9722921315721977,214,False
