d,q,gamma,ordering_class,T_xx,T_yy,T_zz,Q,fixed_chsh,s_max,diqkd_rate_raw,chsh_valid,chsh_sensitive,regime,shared_p,p
0.0001,0.0001,0.0001,1,9.992335644102244e-01,-9.992335644102244e-01,9.995334244382224e-01,2.332877808888000e-04,2.826683383653106e+00,2.826683415462836e+00,9.893833667042278e-01,True,True,unmasked,True,0.0001
0.0001,0.0001,0.0001,2,9.992335644102245e-01,-9.992335644102245e-01,9.995334244355558e-01,2.332877822220445e-04,2.826683383649335e+00,2.826683415459065e+00,9.893833666739179e-01,True,True,unmasked,True,0.0001
0.0002,0.0002,0.0002,1,9.984675908373735e-01,-9.984675908373735e-01,9.990670310613367e-01,4.664844693319113e-04,2.824940553598968e+00,2.824940680797600e+00,9.804677662406091e-01,True,True,unmasked,True,0.0002
0.0002,0.0002,0.0002,2,9.984675908373735e-01,-9.984675908373735e-01,9.990670310400058e-01,4.664844799971557e-04,2.824940553568802e+00,2.824940680767425e+00,9.804677660194269e-01,True,True,unmasked,True,0.0002
0.0003,0.0003,0.0003,1,9.977020790762018e-01,-9.977020790762018e-01,9.986008198320147e-01,6.995900839928001e-04,2.823198634240725e+00,2.823198920347022e+00,9.721948087885061e-01,True,True,unmasked,True,0.0003
0.0003,0.0003,0.0003,2,9.977020790762013e-01,-9.977020790762013e-01,9.986008197600285e-01,6.995901199855999e-04,2.823198634138921e+00,2.823198920245172e+00,9.721948080840349e-01,True,True,unmasked,True,0.0003
0.0004,0.0004,0.0004,1,9.969370289215261e-01,-9.969370289215261e-01,9.981347907129345e-01,9.326046435328004e-04,2.821457625235423e+00,2.821458133707770e+00,9.643395052587614e-01,True,True,unmasked,True,0.0004
0.0004,0.0004,0.0004,2,9.969370289215262e-01,-9.969370289215262e-01,9.981347905423132e-01,9.326047288433779e-04,2.821457624994129e+00,2.821458133466331e+00,9.643395036595321e-01,True,True,unmasked,True,0.0004
0.0005,0.0005,0.0005,1,9.961724401682227e-01,-9.961724401682227e-01,9.976689436667784e-01,1.165528166611112e-03,2.819717526240198e+00,2.819718320476637e+00,9.567949936954160e-01,True,True,unmasked,True,0.0005
0.0005,0.0005,0.0005,2,9.961724401682227e-01,-9.961724401682227e-01,9.976689433335564e-01,1.165528333222223e-03,2.819717525768951e+00,2.819718320005036e+00,9.567949906788372e-01,True,True,unmasked,True,0.0005
0.0006,0.0006,0.0006,1,9.954083126112245e-01,-9.954083126112245e-01,9.972032786562300e-01,1.398360671884799e-03,2.817978336912268e+00,2.817979480250529e+00,9.494983292940589e-01,True,True,unmasked,True,0.0006
0.0006,0.0006,0.0006,2,9.954083126112245e-01,-9.954083126112245e-01,9.972032780804601e-01,1.398360959769598e-03,2.817978336098007e+00,2.817979479435534e+00,9.494983242322729e-01,True,True,unmasked,True,0.0006
0.0007,0.0007,0.0007,1,9.946446460455297e-01,-9.946446460455297e-01,9.967377956439819e-01,1.631102178008799e-03,2.816240056908956e+00,2.816241612626488e+00,9.424079170675620e-01,True,True,unmasked,True,0.0007
0.0007,0.0007,0.0007,2,9.946446460455298e-01,-9.946446460455298e-01,9.967377947297421e-01,1.631102635128712e-03,2.816240055616026e+00,2.816241611332200e+00,9.424079092320804e-01,True,True,unmasked,True,0.0007
0.0008,0.0008,0.0008,1,9.938814402661924e-01,-9.938814402661924e-01,9.962724945927284e-01,1.863752703635911e-03,2.814502685887667e+00,2.814504717201674e+00,9.354941913699253e-01,True,True,unmasked,True,0.0008
0.0008,0.0008,0.0008,2,9.938814402661922e-01,-9.938814402661922e-01,9.962724932281233e-01,1.863753385938490e-03,2.814502683957823e+00,2.814504715269514e+00,9.354941799354517e-01,True,True,unmasked,True,0.0008
0.0009,0.0009,0.0009,1,9.931186950683244e-01,-9.931186950683244e-01,9.958073754651657e-01,2.096312267416798e-03,2.812766223505889e+00,2.812768793573360e+00,9.287350440972658e-01,True,True,unmasked,True,0.0009
0.0009,0.0009,0.0009,2,9.931186950683244e-01,-9.931186950683244e-01,9.958073735223323e-01,2.096313238833599e-03,2.812766220758307e+00,2.812768790822066e+00,9.287350281449811e-01,True,True,unmasked,True,0.0009
0.001,0.001,0.001,1,9.923564102471044e-01,-9.923564102471044e-01,9.953424382240003e-01,2.328780888000000e-03,2.811030669421220e+00,2.811033841338960e+00,9.221133134309875e-01,True,True,unmasked,True,0.001
0.001,0.001,0.001,2,9.923564102471042e-01,-9.923564102471042e-01,9.953424355591112e-01,2.328782220444445e-03,2.811030665652497e+00,2.811033837564580e+00,9.221132919514007e-01,True,True,unmasked,True,0.001
0.0011,0.0011,0.0011,1,9.915945855977608e-01,-9.915945855977608e-01,9.948776828319355e-01,2.561158584031910e-03,2.809296023291323e+00,2.809299860095989e+00,9.156152880474526e-01,True,True,unmasked,True,0.0011
0.0011,0.0011,0.0011,2,9.915945855977609e-01,-9.915945855977609e-01,9.948776792852048e-01,2.561160357397154e-03,2.809296018275489e+00,2.809299855071872e+00,9.156152599429446e-01,True,True,unmasked,True,0.0011
0.0012,0.0012,0.0012,1,9.908332209155920e-01,-9.908332209155920e-01,9.944131092516864e-01,2.793445374156799e-03,2.807562284773980e+00,2.807566849442109e+00,9.092297599936983e-01,True,True,unmasked,True,0.0012
0.0012,0.0012,0.0012,2,9.908332209155919e-01,-9.908332209155919e-01,9.944131046473730e-01,2.793447676313600e-03,2.807562278262498e+00,2.807566842918895e+00,9.092297240807885e-01,True,True,unmasked,True,0.0012
0.0013,0.0013,0.0013,1,9.900723159959477e-01,-9.900723159959477e-01,9.939487174459662e-01,3.025641277016799e-03,2.805829453527038e+00,2.805834808975084e+00,9.029473955218830e-01,True,True,unmasked,True,0.0013
0.0013,0.0013,0.0013,2,9.900723159959478e-01,-9.900723159959478e-01,9.939487115923773e-01,3.025644203811378e-03,2.805829445248814e+00,2.805834800680700e+00,9.029473505333051e-01,True,True,unmasked,True,0.0013
0.0014,0.0014,0.0014,1,9.893118706342412e-01,-9.893118706342412e-01,9.934845073774959e-01,3.257746311251909e-03,2.804097529208448e+00,2.804103738292810e+00,8.967603006632379e-01,True,True,unmasked,True,0.0014
0.0014,0.0014,0.0014,2,9.893118706342412e-01,-9.893118706342412e-01,9.934845000669914e-01,3.257749966503820e-03,2.804097518869834e+00,2.804103727932461e+00,8.967602452498283e-01,True,True,unmasked,True,0.0014
0.0015,0.0015,0.0015,1,9.885518846259462e-01,-9.885518846259462e-01,9.930204790089999e-01,3.489760495500001e-03,2.802366511476251e+00,2.802373636993307e+00,8.906617115473034e-01,True,True,unmasked,True,0.0015
0.0015,0.0015,0.0015,2,9.885518846259460e-01,-9.885518846259460e-01,9.930204700180000e-01,3.489764991000001e-03,2.802366498761057e+00,2.802373624249471e+00,8.906616442797534e-01,True,True,unmasked,True,0.0015
0.0016,0.0016,0.0016,1,9.877923577665926e-01,-9.877923577665926e-01,9.925566323032059e-01,3.721683848396798e-03,2.800636399988571e+00,2.800644504674712e+00,8.846457676581138e-01,True,True,unmasked,True,0.0016
0.0016,0.0016,0.0016,2,9.877923577665925e-01,-9.877923577665925e-01,9.925566213921904e-01,3.721689303904711e-03,2.800636384558064e+00,2.800644489207128e+00,8.846456870285820e-01,True,True,unmasked,True,0.0016
0.0017,0.0017,0.0017,1,9.870332898517734e-01,-9.870332898517734e-01,9.920929672228479e-01,3.953516388575909e-03,2.798907194403630e+00,2.798916340935291e+00,8.787073419875725e-01,True,True,unmasked,True,0.0017
0.0017,0.0017,0.0017,2,9.870332898517732e-01,-9.870332898517732e-01,9.920929541363619e-01,3.953522931818484e-03,2.798907175896544e+00,2.798916322380952e+00,8.787072464111935e-01,True,True,unmasked,True,0.0017
0.0018,0.0018,0.0018,1,9.862746806771396e-01,-9.862746806771396e-01,9.916294837306626e-01,4.185258134668801e-03,2.797178894379738e+00,2.797189145373430e+00,8.728419112827097e-01,True,True,unmasked,True,0.0018
0.0018,0.0018,0.0018,2,9.862746806771395e-01,-9.862746806771395e-01,9.916294681973247e-01,4.185265901337601e-03,2.797178872412280e+00,2.797189123346580e+00,8.728417990990135e-01,True,True,unmasked,True,0.0018
0.0019,0.0019,0.0019,1,9.855165300384005e-01,-9.855165300384005e-01,9.911661817893901e-01,4.416909105304796e-03,2.795451499575289e+00,2.795462917587631e+00,8.670454552094697e-01,True,True,unmasked,True,0.0019
0.0019,0.0019,0.0019,2,9.855165300384005e-01,-9.855165300384005e-01,9.911661635218918e-01,4.416918239054043e-03,2.795451473741146e+00,2.795462891679755e+00,8.670453246837128e-01,True,True,unmasked,True,0.0019
0.002,0.002,0.002,1,9.847588377313286e-01,-9.847588377313286e-01,9.907030613617782e-01,4.648469319111111e-03,2.793725009648782e+00,2.793737657176533e+00,8.613143767990825e-01,True,True,unmasked,True,0.002
0.002,0.002,0.002,2,9.847588377313282e-01,-9.847588377313282e-01,9.907030400568896e-01,4.648479971555556e-03,2.793724979519119e+00,2.793737626956347e+00,8.613142261234908e-01,True,True,unmasked,True,0.002
0.0021,0.0021,0.0021,1,9.840016035517515e-01,-9.840016035517515e-01,9.902401224105748e-01,4.879938794712801e-03,2.791999424258789e+00,2.792013363738883e+00,8.556454388410256e-01,True,True,unmasked,True,0.0021
0.0021,0.0021,0.0021,2,9.840016035517516e-01,-9.840016035517516e-01,9.902400977491486e-01,4.879951125425599e-03,2.791999389382265e+00,2.792013328752327e+00,8.556452661359920e-01,True,True,unmasked,True,0.0021
0.0022,0.0022,0.0022,1,9.832448272955595e-01,-9.832448272955595e-01,9.897773648985340e-01,5.111317550732799e-03,2.790274743063982e+00,2.790290036873558e+00,8.500357124162231e-01,True,True,unmasked,True,0.0022
0.0022,0.0022,0.0022,2,9.832448272955595e-01,-9.832448272955595e-01,9.897773365455134e-01,5.111331727243377e-03,2.790274702966756e+00,2.790289996643793e+00,8.500355157314425e-01,True,True,unmasked,True,0.0022
0.0023,0.0023,0.0023,1,9.824885087587021e-01,-9.824885087587021e-01,9.893147887884162e-01,5.342605605791910e-03,2.788550965723126e+00,2.788567676179559e+00,8.444825348048304e-01,True,True,unmasked,True,0.0023
0.0023,0.0023,0.0023,2,9.824885087587021e-01,-9.824885087587021e-01,9.893147563928322e-01,5.342621803583822e-03,2.788550919908852e+00,2.788567630206954e+00,8.444823121203544e-01,True,True,unmasked,True,0.0023
0.0024,0.0024,0.0024,1,9.817326477371867e-01,-9.817326477371867e-01,9.888523940429820e-01,5.573802978508798e-03,2.786828091895067e+00,2.786846281256004e+00,8.389834747264019e-01,True,True,unmasked,True,0.0024
0.0024,0.0024,0.0024,2,9.817326477371867e-01,-9.817326477371867e-01,9.888523572379642e-01,5.573821381017594e-03,2.786828039844911e+00,2.786846229018132e+00,8.389832239536814e-01,True,True,unmasked,True,0.0024
0.0025,0.0025,0.0025,1,9.809772440270834e-01,-9.809772440270834e-01,9.883901806249997e-01,5.804909687500000e-03,2.785106121238750e+00,2.785125851702139e+00,8.335363033820395e-01,True,True,unmasked,True,0.0025
0.0025,0.0025,0.0025,2,9.809772440270834e-01,-9.809772440270834e-01,9.883901390277776e-01,5.804930486111115e-03,2.785106062411394e+00,2.785125792653769e+00,8.335360223648971e-01,True,True,unmasked,True,0.0025
0.0026,0.0026,0.0026,1,9.802222974245172e-01,-9.802222974245172e-01,9.879281484972394e-01,6.035925751379906e-03,2.783385053413203e+00,2.783406387117326e+00,8.281389701359754e-01,True,True,unmasked,True,0.0026
0.0026,0.0026,0.0026,2,9.802222974245171e-01,-9.802222974245171e-01,9.879281017091464e-01,6.035949145426485e-03,2.783384987244847e+00,2.783406320690413e+00,8.281386566515359e-01,True,True,unmasked,True,0.0026
0.0027,0.0027,0.0027,1,9.794678077256769e-01,-9.794678077256769e-01,9.874662976224780e-01,6.266851188760799e-03,2.781664888077550e+00,2.781687887101058e+00,8.227895819431017e-01,True,True,unmasked,True,0.0027
0.0027,0.0027,0.0027,2,9.794678077256769e-01,-9.794678077256769e-01,9.874662452289562e-01,6.266877385521599e-03,2.781664813981922e+00,2.781687812704738e+00,8.227892337027066e-01,True,True,unmasked,True,0.0027
0.0028,0.0028,0.0028,1,9.787137747268091e-01,-9.787137747268091e-01,9.870046279634948e-01,6.497686018252801e-03,2.779945624891005e+00,2.779970351252945e+00,8.174863858276451e-01,True,True,unmasked,True,0.0028
0.0028,0.0028,0.0028,2,9.787137747268091e-01,-9.787137747268091e-01,9.870045695341002e-01,6.497715232950044e-03,2.779945542259362e+00,2.779970268273525e+00,8.174860004777031e-01,True,True,unmasked,True,0.0028
0.0029,0.0029,0.0029,1,9.779601982242188e-01,-9.779601982242188e-01,9.865431394830728e-01,6.728430258463912e-03,2.778227263512864e+00,2.778253779172717e+00,8.122277538674404e-01,True,True,unmasked,True,0.0029
0.0029,0.0029,0.0029,2,9.779601982242188e-01,-9.779601982242188e-01,9.865430745714782e-01,6.728462714261155e-03,2.778227171714006e+00,2.778253686973670e+00,8.122273289902745e-01,True,True,unmasked,True,0.0029
0.003,0.003,0.003,1,9.772070780142720e-01,-9.772070780142720e-01,9.860818321440000e-01,6.959083927999999e-03,2.776509803602521e+00,2.776538170460229e+00,8.070121702513082e-01,True,True,unmasked,True,0.003
0.003,0.003,0.003,2,9.772070780142719e-01,-9.772070780142719e-01,9.860817602879999e-01,6.959119855999997e-03,2.776509701982791e+00,2.776538068382187e+00,8.070117033659463e-01,True,True,unmasked,True,0.003
0.0031,0.0031,0.0031,1,9.764544138933936e-01,-9.764544138933936e-01,9.856207059090695e-01,7.189647045464792e-03,2.774793244819458e+00,2.774823524715461e+00,8.018382200635417e-01,True,True,unmasked,True,0.0031
0.0031,0.0031,0.0031,2,9.764544138933934e-01,-9.764544138933934e-01,9.856206266305847e-01,7.189686684707371e-03,2.774793132702749e+00,2.774823412076204e+00,8.018377086264965e-01,True,True,unmasked,True,0.0031
0.0032,0.0032,0.0032,1,9.757022056580695e-01,-9.757022056580695e-01,9.851597607410800e-01,7.420119629459912e-03,2.773077586823253e+00,2.773109841538516e+00,7.967045795167146e-01,True,True,unmasked,True,0.0032
0.0032,0.0032,0.0032,2,9.757022056580695e-01,-9.757022056580695e-01,9.851596735461601e-01,7.420163226919825e-03,2.773077463511015e+00,2.773109717632967e+00,7.967040209227313e-01,True,True,unmasked,True,0.0032
0.0033,0.0033,0.0033,1,9.749504531048426e-01,-9.749504531048426e-01,9.846989966028300e-01,7.650501698584799e-03,2.771362829273563e+00,2.771397120529613e+00,7.916100074062136e-01,True,True,unmasked,True,0.0033
0.0033,0.0033,0.0033,2,9.749504531048424e-01,-9.749504531048424e-01,9.846989009816608e-01,7.650549509169603e-03,2.771362694044808e+00,2.771396984629830e+00,7.916093989889951e-01,True,True,unmasked,True,0.0033
0.0034,0.0034,0.0034,1,9.741991560303165e-01,-9.741991560303165e-01,9.842384134571266e-01,7.880793271436799e-03,2.769648971830143e+00,2.769685361289099e+00,7.865533376013262e-01,True,True,unmasked,True,0.0034
0.0034,0.0034,0.0034,2,9.741991560303166e-01,-9.741991560303166e-01,9.842383088840301e-01,7.880845557984710e-03,2.769648823941451e+00,2.769685212644265e+00,7.865526766342256e-01,True,True,unmasked,True,0.0034
0.0035,0.0035,0.0035,1,9.734483142311543e-01,-9.734483142311543e-01,9.837780112667779e-01,8.110994366611111e-03,2.767936014152833e+00,2.767974563417441e+00,7.815334724201817e-01,True,True,unmasked,True,0.0035
0.0035,0.0035,0.0035,2,9.734483142311541e-01,-9.734483142311541e-01,9.837778972002222e-01,8.111051399888887e-03,2.767935852838363e+00,2.767974401253861e+00,7.815327561169000e-01,True,True,unmasked,True,0.0035
0.0036,0.0036,0.0036,1,9.726979275040779e-01,-9.726979275040779e-01,9.833177899945984e-01,8.341105002700799e-03,2.766223955901568e+00,2.766264726515226e+00,7.765493767623125e-01,True,True,unmasked,True,0.0036
0.0036,0.0036,0.0036,2,9.726979275040778e-01,-9.726979275040778e-01,9.833176658771972e-01,8.341167061401601e-03,2.766223780373056e+00,2.766264550036317e+00,7.765486022775430e-01,True,True,unmasked,True,0.0036
0.0037,0.0037,0.0037,1,9.719479956458692e-01,-9.719479956458692e-01,9.828577496034058e-01,8.571125198296796e-03,2.764512796736370e+00,2.764555850183168e+00,7.716000728934291e-01,True,True,unmasked,True,0.0037
0.0037,0.0037,0.0037,2,9.719479956458690e-01,-9.719479956458690e-01,9.828576148619235e-01,8.571192569038041e-03,2.764512606183138e+00,2.764555658569450e+00,7.715992373234986e-01,True,True,unmasked,True,0.0037
0.0038,0.0038,0.0038,1,9.711985184533697e-01,-9.711985184533697e-01,9.823978900560231e-01,8.801054971987901e-03,2.762802536317352e+00,2.762847934022100e+00,7.666846357942816e-01,True,True,unmasked,True,0.0038
0.0038,0.0038,0.0038,2,9.711985184533697e-01,-9.711985184533697e-01,9.823977441013813e-01,8.801127949309141e-03,2.762802329906318e+00,2.762847726431193e+00,7.666837361777786e-01,True,True,unmasked,True,0.0038
0.0039,0.0039,0.0039,1,9.704494957234814e-01,-9.704494957234814e-01,9.819382113152785e-01,9.030894342360801e-03,2.761093174304723e+00,2.761140977632984e+00,7.618021889993044e-01,True,True,unmasked,True,0.0039
0.0039,0.0039,0.0039,2,9.704494957234815e-01,-9.704494957234815e-01,9.819380535425564e-01,9.030973228721595e-03,2.761092951180400e+00,2.761140753199593e+00,7.618012223176798e-01,True,True,unmasked,True,0.0039
0.004,0.004,0.004,1,9.697009272531631e-01,-9.697009272531631e-01,9.814787133440004e-01,9.260643328000001e-03,2.759384710358770e+00,2.759434980616894e+00,7.569519008621923e-01,True,True,unmasked,True,0.004
0.004,0.004,0.004,2,9.697009272531628e-01,-9.697009272531628e-01,9.814785431324445e-01,9.260728433777782e-03,2.759384469643278e+00,2.759434738452808e+00,7.569508640403536e-01,True,True,unmasked,True,0.004
0.0041,0.0041,0.0041,1,9.689528128394324e-01,-9.689528128394324e-01,9.810193961050234e-01,9.490301947487907e-03,2.757677144139872e+00,2.757729942575025e+00,7.521329811950898e-01,True,True,unmasked,True,0.0041
0.0041,0.0041,0.0041,2,9.689528128394324e-01,-9.689528128394324e-01,9.810192128180476e-01,9.490393590975815e-03,2.757676884932945e+00,2.757729681769110e+00,7.521318711019760e-01,True,True,unmasked,True,0.0041
0.0042,0.0042,0.0042,1,9.682051522793718e-01,-9.682051522793718e-01,9.805602595611902e-01,9.719870219404795e-03,2.755970475308512e+00,2.756025863108712e+00,7.473446782357570e-01,True,True,unmasked,True,0.0042
0.0042,0.0042,0.0042,2,9.682051522793720e-01,-9.682051522793720e-01,9.805600625463810e-01,9.719968726809591e-03,2.755970196687497e+00,2.756025582726898e+00,7.473434916848893e-01,True,True,unmasked,True,0.0042
0.0043,0.0043,0.0043,1,9.674579453701172e-01,-9.674579453701172e-01,9.801013036753425e-01,9.949348162328803e-03,2.754264703525249e+00,2.754322741819393e+00,7.425862759035764e-01,True,True,unmasked,True,0.0043
0.0043,0.0043,0.0043,2,9.674579453701173e-01,-9.674579453701173e-01,9.801010922644618e-01,9.949453867768712e-03,2.754264404545114e+00,2.754322440904667e+00,7.425850096536039e-01,True,True,unmasked,True,0.0043
0.0044,0.0044,0.0044,1,9.667111919088670e-01,-9.667111919088670e-01,9.796425284103283e-01,1.017873579483591e-02,2.752559828450735e+00,2.752620578308636e+00,7.378570913109583e-01,True,True,unmasked,True,0.0044
0.0044,0.0044,0.0044,2,9.667111919088670e-01,-9.667111919088670e-01,9.796423019193230e-01,1.017884904033849e-02,2.752559508144084e+00,2.752620255881041e+00,7.378557420662111e-01,True,True,unmasked,True,0.0044
0.0045,0.0045,0.0045,1,9.659648916928781e-01,-9.659648916928781e-01,9.791839337290000e-01,1.040803313550000e-02,2.750855849745716e+00,2.750919372178132e+00,7.331564725009916e-01,True,True,unmasked,True,0.0045
0.0045,0.0045,0.0045,2,9.659648916928781e-01,-9.659648916928781e-01,9.791836914580000e-01,1.040815427100000e-02,2.750855507122782e+00,2.750919027234753e+00,7.331550369119705e-01,True,True,unmasked,True,0.0045
0.0046,0.0046,0.0046,1,9.652190445194666e-01,-9.652190445194666e-01,9.787255195942146e-01,1.063724020289280e-02,2.749152767071022e+00,2.749219123029692e+00,7.284837963862050e-01,True,True,unmasked,True,0.0046
0.0046,0.0046,0.0046,2,9.652190445194665e-01,-9.652190445194665e-01,9.787252608275399e-01,1.063736958623005e-02,2.749152401119682e+00,2.749218754544649e+00,7.284822710501135e-01,True,True,unmasked,True,0.0046
0.0047,0.0047,0.0047,1,9.644736501860078e-01,-9.644736501860078e-01,9.782672859688316e-01,1.086635701558391e-02,2.747450580087577e+00,2.747519830465248e+00,7.238384668666255e-01,True,True,unmasked,True,0.0047
0.0047,0.0047,0.0047,2,9.644736501860077e-01,-9.644736501860077e-01,9.782670099749972e-01,1.086649501250115e-02,2.747450189773353e+00,2.747519437389692e+00,7.238368483278551e-01,True,True,unmasked,True,0.0047
0.0048,0.0048,0.0048,1,9.637287084899374e-01,-9.637287084899374e-01,9.778092328157174e-01,1.109538359214079e-02,2.745749288456395e+00,2.745821494086857e+00,7.192199131080008e-01,True,True,unmasked,True,0.0048
0.0048,0.0048,0.0048,2,9.637287084899374e-01,-9.637287084899374e-01,9.778089388474356e-01,1.109553057628159e-02,2.745748872722464e+00,2.745821075348961e+00,7.192181978586188e-01,True,True,unmasked,True,0.0048
0.0049,0.0049,0.0049,1,9.629842192287507e-01,-9.629842192287507e-01,9.773513600977422e-01,1.132431995112879e-02,2.744048891838582e+00,2.744124113496700e+00,7.146275879635147e-01,True,True,unmasked,True,0.0049
0.0049,0.0049,0.0049,2,9.629842192287505e-01,-9.629842192287505e-01,9.773510473919287e-01,1.132447630403537e-02,2.744048449605780e+00,2.744123668001649e+00,7.146257724437393e-01,True,True,unmasked,True,0.0049
0.005,0.005,0.005,1,9.622401821999994e-01,-9.622401821999994e-01,9.768936677777771e-01,1.155316611111110e-02,2.742349389895326e+00,2.742427688297072e+00,7.100609665243309e-01,True,True,unmasked,True,0.005
0.005,0.005,0.005,2,9.622401821999992e-01,-9.622401821999992e-01,9.768933355555546e-01,1.155333222222221e-02,2.742348920062152e+00,2.742427214927058e+00,7.100590471229993e-01,True,True,unmasked,True,0.005
0.0051,0.0051,0.0051,1,9.614965972012982e-01,-9.614965972012982e-01,9.764361558187021e-01,1.178192209064880e-02,2.740650782287914e+00,2.740732218090399e+00,7.055195447861583e-01,True,True,unmasked,True,0.0051
0.0051,0.0051,0.0051,2,9.614965972012981e-01,-9.614965972012981e-01,9.764358032854046e-01,1.178209835729760e-02,2.740650283730544e+00,2.740731715704614e+00,7.055175178411817e-01,True,True,unmasked,True,0.0051
0.0052,0.0052,0.0052,1,9.607534640303190e-01,-9.607534640303190e-01,9.759788241833989e-01,1.201058790830080e-02,2.738953068677718e+00,2.739037702479225e+00,7.010028384203163e-01,True,True,unmasked,True,0.0052
0.0052,0.0052,0.0052,2,9.607534640303190e-01,-9.607534640303190e-01,9.759784505285751e-01,1.201077473571270e-02,2.738952540249998e+00,2.739037169913848e+00,7.010007002191214e-01,True,True,unmasked,True,0.0052
0.0053,0.0053,0.0053,1,9.600107824847915e-01,-9.600107824847915e-01,9.755216728347516e-01,1.223916358262390e-02,2.737256248726194e+00,2.737344141066208e+00,6.965103816393882e-01,True,True,unmasked,True,0.0053
0.0053,0.0053,0.0053,2,9.600107824847915e-01,-9.600107824847915e-01,9.755212772321706e-01,1.223936138391448e-02,2.737255689259659e+00,2.737343577134407e+00,6.965081284193622e-01,True,True,unmasked,True,0.0053
0.0054,0.0054,0.0054,1,9.592685523625093e-01,-9.592685523625093e-01,9.750647017356538e-01,1.246764913217279e-02,2.735560322094904e+00,2.735651533454145e+00,6.920417261484926e-01,True,True,unmasked,True,0.0054
0.0054,0.0054,0.0054,2,9.592685523625093e-01,-9.592685523625093e-01,9.750642833433079e-01,1.246785832834560e-02,2.735559730398774e+00,2.735650936946059e+00,6.920393540974039e-01,True,True,unmasked,True,0.0054
0.0055,0.0055,0.0055,1,9.585267734613214e-01,-9.585267734613214e-01,9.746079108489993e-01,1.269604457549999e-02,2.733865288445487e+00,2.733959879245943e+00,6.875964401741685e-01,True,True,unmasked,True,0.0055
0.0055,0.0055,0.0055,2,9.585267734613215e-01,-9.585267734613215e-01,9.746074688091104e-01,1.269626559544444e-02,2.733864663306681e+00,2.733959248928683e+00,6.875939454305982e-01,True,True,unmasked,True,0.0055
0.0056,0.0056,0.0056,1,9.577854455791381e-01,-9.577854455791381e-01,9.741513001376882e-01,1.292434993115591e-02,2.732171147439677e+00,2.732269178044635e+00,6.831741075639470e-01,True,True,unmasked,True,0.0056
0.0056,0.0056,0.0056,2,9.577854455791379e-01,-9.577854455791379e-01,9.741508335767097e-01,1.292458321164516e-02,2.732170487622813e+00,2.732268512662272e+00,6.831714862176922e-01,True,True,unmasked,True,0.0056
0.0057,0.0057,0.0057,1,9.570445685139258e-01,-9.570445685139258e-01,9.736948695646218e-01,1.315256521768879e-02,2.730477898739290e+00,2.730579429453369e+00,6.787743269501847e-01,True,True,unmasked,True,0.0057
0.0057,0.0057,0.0057,2,9.570445685139258e-01,-9.570445685139258e-01,9.736943775932438e-01,1.315281120337759e-02,2.730477202986695e+00,2.730578727726927e+00,6.787715750426697e-01,True,True,unmasked,True,0.0057
0.0058,0.0058,0.0058,1,9.563041420637154e-01,-9.563041420637154e-01,9.732386190927100e-01,1.338069045364480e-02,2.728785542006246e+00,2.728890633075429e+00,6.743967109726292e-01,True,True,unmasked,True,0.0058
0.0058,0.0058,0.0058,2,9.563041420637154e-01,-9.563041420637154e-01,9.732381008058650e-01,1.338094959706738e-02,2.728784809037961e+00,2.728889893702878e+00,6.743938244973054e-01,True,True,unmasked,True,0.0058
0.0059,0.0059,0.0059,1,9.555641660265926e-01,-9.555641660265926e-01,9.727825486848641e-01,1.360872565756791e-02,2.727094076902544e+00,2.727202788514207e+00,6.700408855545101e-01,True,True,unmasked,True,0.0059
0.0059,0.0059,0.0059,2,9.555641660265923e-01,-9.555641660265923e-01,9.727820031617286e-01,1.360899841913582e-02,2.727093305416326e+00,2.727202010170455e+00,6.700378604572369e-01,True,True,unmasked,True,0.0059
0.006,0.006,0.006,1,9.548246402007031e-01,-9.548246402007031e-01,9.723266583039993e-01,1.383667084799999e-02,2.725403503090271e+00,2.725515895373222e+00,6.657064892277652e-01,True,True,unmasked,True,0.006
0.006,0.006,0.006,2,9.548246402007032e-01,-9.548246402007032e-01,9.723260846079989e-01,1.383695769599999e-02,2.725402691761607e+00,2.725515076710106e+00,6.657033214072072e-01,True,True,unmasked,True,0.006
0.0061,0.0061,0.0061,1,9.540855643842551e-01,-9.540855643842551e-01,9.718709479130383e-01,1.406452604348080e-02,2.723713820231617e+00,2.723829953256121e+00,6.613931725032364e-01,True,True,unmasked,True,0.0061
0.0061,0.0061,0.0061,2,9.540855643842552e-01,-9.540855643842552e-01,9.718703450918539e-01,1.406482745407271e-02,2.723712967713722e+00,2.723829092902403e+00,6.613898578112332e-01,True,True,unmasked,True,0.0061
0.0062,0.0062,0.0062,1,9.533469383755107e-01,-9.533469383755107e-01,9.714154174749037e-01,1.429229126254791e-02,2.722025027988845e+00,2.722144961766659e+00,6.571005972821061e-01,True,True,unmasked,True,0.0062
0.0062,0.0062,0.0062,2,9.533469383755104e-01,-9.533469383755104e-01,9.714147845604746e-01,1.429260771976248e-02,2.722024132912675e+00,2.722144058328018e+00,6.570971315240475e-01,True,True,unmasked,True,0.0062
0.0063,0.0063,0.0063,1,9.526087619727959e-01,-9.526087619727959e-01,9.709600669525258e-01,1.451996652373679e-02,2.720337126024321e+00,2.720460920508726e+00,6.528284363053702e-01,True,True,unmasked,True,0.0063
0.0063,0.0063,0.0063,2,9.526087619727959e-01,-9.526087619727959e-01,9.709594029610522e-01,1.452029851947359e-02,2.720336186998574e+00,2.720459972567746e+00,6.528248152405578e-01,True,True,unmasked,True,0.0063
0.0064,0.0064,0.0064,1,9.518710349744938e-01,-9.518710349744938e-01,9.705048963088380e-01,1.474755184558080e-02,2.718650114000496e+00,2.718777829086329e+00,6.485763726381980e-01,True,True,unmasked,True,0.0064
0.0064,0.0064,0.0064,2,9.518710349744939e-01,-9.518710349744939e-01,9.705042002407881e-01,1.474789987960605e-02,2.718649129611620e+00,2.718776835202497e+00,6.485725919802086e-01,True,True,unmasked,True,0.0064
0.0065,0.0065,0.0065,1,9.511337571790460e-01,-9.511337571790460e-01,9.700499055067777e-01,1.497504724661111e-02,2.716963991579909e+00,2.717095687103593e+00,6.443440991865348e-01,True,True,unmasked,True,0.0065
0.0065,0.0065,0.0065,2,9.511337571790460e-01,-9.511337571790460e-01,9.700491763468888e-01,1.497541182655556e-02,2.716962960392105e+00,2.717094645813285e+00,6.443401546035656e-01,True,True,unmasked,True,0.0065
0.0066,0.0066,0.0066,1,9.503969283849550e-01,-9.503969283849550e-01,9.695950945092863e-01,1.520245274535680e-02,2.715278758425190e+00,2.715414494164770e+00,6.401313182434483e-01,True,True,unmasked,True,0.0066
0.0066,0.0066,0.0066,2,9.503969283849550e-01,-9.503969283849550e-01,9.695943312265729e-01,1.520283438671360e-02,2.715277678980424e+00,2.715413403981252e+00,6.401272053586781e-01,True,True,unmasked,True,0.0066
0.0067,0.0067,0.0067,1,9.496605483907807e-01,-9.496605483907807e-01,9.691404632793101e-01,1.542976836034479e-02,2.713594414199058e+00,2.713734249874232e+00,6.359377410629510e-01,True,True,unmasked,True,0.0067
0.0067,0.0067,0.0067,2,9.496605483907806e-01,-9.496605483907806e-01,9.691396648270649e-01,1.543016758646737e-02,2.713593285017064e+00,2.713733109287642e+00,6.359334554548722e-01,True,True,unmasked,True,0.0067
0.0068,0.0068,0.0068,1,9.489246169951449e-01,-9.489246169951449e-01,9.686860117797998e-01,1.565699411009991e-02,2.711910958564325e+00,2.712054953836472e+00,6.317630874592668e-01,True,True,unmasked,True,0.0068
0.0068,0.0068,0.0068,2,9.489246169951445e-01,-9.489246169951445e-01,9.686851770956001e-01,1.565741145219982e-02,2.711909778142609e+00,2.712053761313824e+00,6.317586246620270e-01,True,True,unmasked,True,0.0068
0.0069,0.0069,0.0069,1,9.481891339967253e-01,-9.481891339967253e-01,9.682317399737104e-01,1.588413001314480e-02,2.710228391183890e+00,2.710376605656106e+00,6.276070854296489e-01,True,True,unmasked,True,0.0069
0.0069,0.0069,0.0069,2,9.481891339967251e-01,-9.481891339967251e-01,9.682308679794208e-01,1.588456601028961e-02,2.710227157997739e+00,2.710375359641275e+00,6.276024409333800e-01,True,True,unmasked,True,0.0069
0.007,0.007,0.007,1,9.474540991942612e-01,-9.474540991942612e-01,9.677776478239996e-01,1.611117608799999e-02,2.708546711720741e+00,2.708699204937870e+00,6.234694707990681e-01,True,True,unmasked,True,0.007
0.007,0.007,0.007,2,9.474540991942612e-01,-9.474540991942612e-01,9.677767374257777e-01,1.611163128711111e-02,2.708545424223228e+00,2.708697903851584e+00,6.234646400502206e-01,True,True,unmasked,True,0.007
0.0071,0.0071,0.0071,1,9.467195123865492e-01,-9.467195123865492e-01,9.673237352936317e-01,1.633813235318390e-02,2.706865919837957e+00,2.707022751286623e+00,6.193499868851963e-01,True,True,unmasked,True,0.0071
0.0071,0.0071,0.0071,2,9.467195123865492e-01,-9.467195123865492e-01,9.673227853819304e-01,1.633860730903448e-02,2.706864576459946e+00,2.707021393526458e+00,6.193449652868526e-01,True,True,unmasked,True,0.0071
0.0072,0.0072,0.0072,1,9.459853733724470e-01,-9.459853733724470e-01,9.668700023455735e-01,1.656499882721279e-02,2.705186015198707e+00,2.705347244307346e+00,6.152483841822536e-01,True,True,unmasked,True,0.0072
0.0072,0.0072,0.0072,2,9.459853733724467e-01,-9.459853733724467e-01,9.668690117951484e-01,1.656549410242559e-02,2.705184614348861e+00,2.705345828247719e+00,6.152431670944511e-01,True,True,unmasked,True,0.0072
0.0073,0.0073,0.0073,1,9.452516819508707e-01,-9.452516819508707e-01,9.664164489427988e-01,1.679177552860080e-02,2.703506997466252e+00,2.703672683605143e+00,6.111644200624138e-01,True,True,unmasked,True,0.0073
0.0073,0.0073,0.0073,2,9.452516819508707e-01,-9.452516819508707e-01,9.664154166127088e-01,1.679229169364604e-02,2.703505537531038e+00,2.703671207597304e+00,6.111590028024565e-01,True,True,unmasked,True,0.0073
0.0074,0.0074,0.0074,1,9.445184379207927e-01,-9.445184379207927e-01,9.659630750482798e-01,1.701846247585991e-02,2.701828866303932e+00,2.701999068785230e+00,6.070978584935430e-01,True,True,unmasked,True,0.0074
0.0074,0.0074,0.0074,2,9.445184379207927e-01,-9.445184379207927e-01,9.659619997818933e-01,1.701900010905314e-02,2.701827345647626e+00,2.701997531157250e+00,6.070922363363116e-01,True,True,unmasked,True,0.0074
0.0075,0.0075,0.0075,1,9.437856410812498e-01,-9.437856410812498e-01,9.655098806249998e-01,1.724505968750000e-02,2.700151621375192e+00,2.700326399452960e+00,6.030484697722528e-01,True,True,unmasked,True,0.0075
0.0075,0.0075,0.0075,2,9.437856410812498e-01,-9.437856410812498e-01,9.655087612500000e-01,1.724561937500001e-02,2.700150038339886e+00,2.700324798509731e+00,6.030426379505088e-01,True,True,unmasked,True,0.0075
0.0076,0.0076,0.0076,1,9.430532912313335e-01,-9.430532912313335e-01,9.650568656359420e-01,1.747156718202879e-02,2.698475262343555e+00,2.698654675213795e+00,5.990160302711001e-01,True,True,unmasked,True,0.0076
0.0076,0.0076,0.0076,2,9.430532912313337e-01,-9.430532912313337e-01,9.650557009643284e-01,1.747214951783537e-02,2.698473615249163e+00,2.698653009237017e+00,5.990099839757859e-01,True,True,unmasked,True,0.0076
0.0077,0.0077,0.0077,1,9.423213881701966e-01,-9.423213881701966e-01,9.646040300440950e-01,1.769798497795190e-02,2.696799788872638e+00,2.696983895673325e+00,5.950003221991489e-01,True,True,unmasked,True,0.0077
0.0077,0.0077,0.0077,2,9.423213881701965e-01,-9.423213881701965e-01,9.646028188721916e-01,1.769859056390380e-02,2.696798076016905e+00,2.696982162921501e+00,5.949940565796850e-01,True,True,unmasked,True,0.0077
0.0078,0.0078,0.0078,1,9.415899316970511e-01,-9.415899316970511e-01,9.641513738124539e-01,1.792431309377279e-02,2.695125200626150e+00,2.695314060437262e+00,5.910011333749394e-01,True,True,unmasked,True,0.0078
0.0078,0.0078,0.0078,2,9.415899316970511e-01,-9.415899316970511e-01,9.641501149209087e-01,1.792494253954559e-02,2.695123420284653e+00,2.695312259145688e+00,5.909946435395179e-01,True,True,unmasked,True,0.0078
0.0079,0.0079,0.0079,1,9.408589216111661e-01,-9.408589216111661e-01,9.636988969040140e-01,1.815055154799279e-02,2.693451497267883e+00,2.693645169111433e+00,5.870182570110840e-01,True,True,unmasked,True,0.0079
0.0079,0.0079,0.0079,2,9.408589216111664e-01,-9.408589216111664e-01,9.636975890578063e-01,1.815120547109671e-02,2.693449647694039e+00,2.693643297492194e+00,5.870115380269521e-01,True,True,unmasked,True,0.0079
0.008,0.008,0.008,1,9.401283577118718e-01,-9.401283577118718e-01,9.632465992817772e-01,1.837670035911110e-02,2.691778678461724e+00,2.691977221301793e+00,5.830514915097984e-01,True,True,unmasked,True,0.008
0.008,0.008,0.008,2,9.401283577118716e-01,-9.401283577118716e-01,9.632452412302219e-01,1.837737938488889e-02,2.691776757886797e+00,2.691975277543751e+00,5.830445384035485e-01,True,True,unmasked,True,0.008
0.0081,0.0081,0.0081,1,9.393982397985564e-01,-9.393982397985564e-01,9.627944809087500e-01,1.860275954562480e-02,2.690106743871650e+00,2.690310216614415e+00,5.791006402686151e-01,True,True,unmasked,True,0.0081
0.0081,0.0081,0.0081,2,9.393982397985563e-01,-9.393982397985563e-01,9.627930713855006e-01,1.860346430724959e-02,2.690104750504753e+00,2.690308198883207e+00,5.790934480264626e-01,True,True,unmasked,True,0.0081
0.0082,0.0082,0.0082,1,9.386685676706668e-01,-9.386685676706668e-01,9.623425417479416e-01,1.882872912602879e-02,2.688435693161720e+00,2.688644154655495e+00,5.751655114956996e-01,True,True,unmasked,True,0.0082
0.0082,0.0082,0.0082,2,9.386685676706668e-01,-9.386685676706668e-01,9.623410794709952e-01,1.882946026450202e-02,2.688433625189830e+00,2.688642061093519e+00,5.751580750637658e-01,True,True,unmasked,True,0.0082
0.0083,0.0083,0.0083,1,9.379393411277116e-01,-9.379393411277116e-01,9.618907817623678e-01,1.905460911881590e-02,2.686765525996094e+00,2.686979035031352e+00,5.712459180341889e-01,True,True,unmasked,True,0.0083
0.0083,0.0083,0.0083,2,9.379393411277115e-01,-9.379393411277115e-01,9.618892654340696e-01,1.905536728296515e-02,2.686763381584050e+00,2.686976863757766e+00,5.712382323187704e-01,True,True,unmasked,True,0.0083
0.0084,0.0084,0.0084,1,9.372105599692538e-01,-9.372105599692538e-01,9.614392009150455e-01,1.928039954247679e-02,2.685096242039010e+00,2.685314857348422e+00,5.673416771949451e-01,True,True,unmasked,True,0.0084
0.0084,0.0084,0.0084,2,9.372105599692541e-01,-9.372105599692541e-01,9.614376292220921e-01,1.928118538895358e-02,2.685094019329520e+00,2.685312606459128e+00,5.673337370627840e-01,True,True,unmasked,True,0.0084
0.0085,0.0085,0.0085,1,9.364822239949205e-01,-9.364822239949205e-01,9.609877991690000e-01,1.950610041550000e-02,2.683427840954807e+00,2.683651621213269e+00,5.634526105973290e-01,True,True,unmasked,True,0.0085
0.0085,0.0085,0.0085,2,9.364822239949208e-01,-9.364822239949208e-01,9.609861707824444e-01,1.950691460877779e-02,2.683425538068455e+00,2.683649288780916e+00,5.634444108758820e-01,True,True,unmasked,True,0.0085
0.0086,0.0086,0.0086,1,9.357543330043940e-01,-9.357543330043940e-01,9.605365764872563e-01,1.973171175637191e-02,2.681760322407903e+00,2.681989326232569e+00,5.595785440173957e-01,True,True,unmasked,True,0.0086
0.0086,0.0086,0.0086,2,9.357543330043941e-01,-9.357543330043941e-01,9.605348900625128e-01,1.973255496874382e-02,2.681757937443159e+00,2.681986910306538e+00,5.595700794951026e-01,True,True,unmasked,True,0.0086
0.0087,0.0087,0.0087,1,9.350268867974164e-01,-9.350268867974164e-01,9.600855328328458e-01,1.995723358357680e-02,2.680093686062809e+00,2.680327972013125e+00,5.557193072432063e-01,True,True,unmasked,True,0.0087
0.0087,0.0087,0.0087,2,9.350268867974165e-01,-9.350268867974165e-01,9.600837870096921e-01,1.995810649515359e-02,2.680091217096027e+00,2.680325470619522e+00,5.557105726697426e-01,True,True,unmasked,True,0.0087
0.0088,0.0088,0.0088,1,9.342998851737913e-01,-9.342998851737913e-01,9.596346681688064e-01,2.018266591559680e-02,2.678427931584131e+00,2.678667558161867e+00,5.518747339367580e-01,True,True,unmasked,True,0.0088
0.0088,0.0088,0.0088,2,9.342998851737915e-01,-9.342998851737915e-01,9.596328615713907e-01,2.018356921430471e-02,2.678425376669565e+00,2.678664969303519e+00,5.518657240233029e-01,True,True,unmasked,True,0.0088
0.0089,0.0089,0.0089,1,9.335733279333776e-01,-9.335733279333776e-01,9.591839824581759e-01,2.040800877091190e-02,2.676763058636556e+00,2.677008084285834e+00,5.480446615021735e-01,True,True,unmasked,True,0.0089
0.0089,0.0089,0.0089,2,9.335733279333776e-01,-9.335733279333776e-01,9.591821136950189e-01,2.040894315249049e-02,2.676760415806355e+00,2.677005405942279e+00,5.480353709216547e-01,True,True,unmasked,True,0.0089
0.009,0.009,0.009,1,9.328472148760952e-01,-9.328472148760952e-01,9.587334756639991e-01,2.063326216799998e-02,2.675099066884866e+00,2.675349549992195e+00,5.442289309598460e-01,True,True,unmasked,True,0.009
0.009,0.009,0.009,2,9.328472148760953e-01,-9.328472148760953e-01,9.587315433279990e-01,2.063422833599999e-02,2.675096334149088e+00,2.675346780119673e+00,5.442193543471986e-01,True,True,unmasked,True,0.009
0.0091,0.0091,0.0091,1,9.321215458019246e-01,-9.321215458019246e-01,9.582831477493269e-01,2.085842612533681e-02,2.673435955993934e+00,2.673691954888243e+00,5.404273868261493e-01,True,True,unmasked,True,0.0091
0.0091,0.0091,0.0091,2,9.321215458019247e-01,-9.321215458019247e-01,9.582811504177646e-01,2.085942479111805e-02,2.673433131340550e+00,2.673689091419692e+00,5.404175187785643e-01,True,True,unmasked,True,0.0091
0.0092,0.0092,0.0092,1,9.313963205109008e-01,-9.313963205109008e-01,9.578329986772078e-01,2.108350066139590e-02,2.671773725628712e+00,2.672035298581377e+00,5.366398769984170e-01,True,True,unmasked,True,0.0092
0.0092,0.0092,0.0092,2,9.313963205109008e-01,-9.313963205109008e-01,9.578309349117499e-01,2.108453254412516e-02,2.671770807023612e+00,2.672032339426424e+00,5.366297120755863e-01,True,True,unmasked,True,0.0092
0.0093,0.0093,0.0093,1,9.306715388031213e-01,-9.306715388031213e-01,9.573830284107020e-01,2.130848579464879e-02,2.670112375454253e+00,2.670379580679134e+00,5.328662526449723e-01,True,True,unmasked,True,0.0093
0.0093,0.0093,0.0093,2,9.306715388031213e-01,-9.306715388031213e-01,9.573808967574042e-01,2.130955162129759e-02,2.670109360841249e+00,2.670376523724084e+00,5.328557853693313e-01,True,True,unmasked,True,0.0093
0.0094,0.0094,0.0094,1,9.299472004787428e-01,-9.299472004787428e-01,9.569332369128702e-01,2.153338154356480e-02,2.668451905135696e+00,2.668724800789167e+00,5.291063680998340e-01,True,True,unmasked,True,0.0094
0.0094,0.0094,0.0094,2,9.299472004787427e-01,-9.299472004787427e-01,9.569310359021848e-01,2.153448204890738e-02,2.668448792436534e+00,2.668721643897002e+00,5.290955929568073e-01,True,True,unmasked,True,0.0094
0.0095,0.0095,0.0095,1,9.292233053379780e-01,-9.292233053379780e-01,9.564836241467778e-01,2.175818792661111e-02,2.666792314338267e+00,2.667070958519245e+00,5.253600807619060e-01,True,True,unmasked,True,0.0095
0.0095,0.0095,0.0095,2,9.292233053379779e-01,-9.292233053379779e-01,9.564813522935558e-01,2.175932385322222e-02,2.666789101452629e+00,2.667067699529614e+00,5.253489922001420e-01,True,True,unmasked,True,0.0095
0.0096,0.0096,0.0096,1,9.284998531811001e-01,-9.284998531811001e-01,9.560341900754936e-01,2.198290496225278e-02,2.665133602727280e+00,2.665418053477262e+00,5.216272509984321e-01,True,True,unmasked,True,0.0096
0.0096,0.0096,0.0096,2,9.284998531811001e-01,-9.284998531811001e-01,9.560318458789875e-01,2.198407706050558e-02,2.665130287532788e+00,2.665414690206466e+00,5.216158434300353e-01,True,True,unmasked,True,0.0096
0.0097,0.0097,0.0097,1,9.277768438084432e-01,-9.277768438084432e-01,9.555849346620935e-01,2.220753266895279e-02,2.663475769968146e+00,2.663766085271238e+00,5.179077420524627e-01,True,True,unmasked,True,0.0097
0.0097,0.0097,0.0097,2,9.277768438084433e-01,-9.277768438084433e-01,9.555825166059655e-01,2.220874169701669e-02,2.663472350320375e+00,2.663762615512236e+00,5.178960098532379e-01,True,True,unmasked,True,0.0097
0.0098,0.0098,0.0098,1,9.270542770203982e-01,-9.270542770203982e-01,9.551358578696556e-01,2.243207106517190e-02,2.661818815726359e+00,2.662115053509308e+00,5.142014199541108e-01,True,True,unmasked,True,0.0098
0.0098,0.0098,0.0098,2,9.270542770203980e-01,-9.270542770203980e-01,9.551333644219787e-01,2.243331778901048e-02,2.661815289458837e+00,2.662111475031698e+00,5.141893574637858e-01,True,True,unmasked,True,0.0098
0.0099,0.0099,0.0099,1,9.263321526174132e-01,-9.263321526174132e-01,9.546869596612617e-01,2.265652016936878e-02,2.660162739667501e+00,2.660464957799726e+00,5.105081534354519e-01,True,True,unmasked,True,0.0099
0.0099,0.0099,0.0099,2,9.263321526174131e-01,-9.263321526174131e-01,9.546843892745238e-01,2.265780536273759e-02,2.660159104591715e+00,2.660461268349743e+00,5.104957549579032e-01,True,True,unmasked,True,0.0099
0.01,0.01,0.01,1,9.256104703999996e-01,-9.256104703999996e-01,9.542382399999996e-01,2.288088000000000e-02,2.658507541457251e+00,2.658815797750875e+00,5.068278138488619e-01,True,True,unmasked,True,0.01
0.01,0.01,0.01,2,9.256104703999996e-01,-9.256104703999996e-01,9.542355911111107e-01,2.288220444444445e-02,2.658503795362659e+00,2.658811995051384e+00,5.068150736523517e-01,True,True,unmasked,True,0.01
0.0101,0.0101,0.0101,1,9.248892301687242e-01,-9.248892301687242e-01,9.537896988489601e-01,2.310515057551991e-02,2.656853220761370e+00,2.657167572971253e+00,5.031602750885931e-01,True,True,unmasked,True,0.0101
0.0101,0.0101,0.0101,2,9.248892301687240e-01,-9.248892301687240e-01,9.537869698792533e-01,2.310651506037314e-02,2.656849361415399e+00,2.657163654721736e+00,5.031471874059815e-01,True,True,unmasked,True,0.0101
0.0102,0.0102,0.0102,1,9.241684317242133e-01,-9.241684317242133e-01,9.533413361712382e-01,2.332933191438080e-02,2.655199777245709e+00,2.655520283069481e+00,4.995054135154763e-01,True,True,unmasked,True,0.0102
0.0102,0.0102,0.0102,2,9.241684317242133e-01,-9.241684317242133e-01,9.533385255264767e-01,2.333073723676160e-02,2.655195802393768e+00,2.655516246946035e+00,4.994919725444524e-01,True,True,unmasked,True,0.0102
0.0103,0.0103,0.0103,1,9.234480748671533e-01,-9.234480748671533e-01,9.528931519299342e-01,2.355342403503279e-02,2.653547210576213e+00,2.653873927654301e+00,4.958631078845745e-01,True,True,unmasked,True,0.0103
0.0103,0.0103,0.0103,2,9.234480748671534e-01,-9.234480748671534e-01,9.528902580003131e-01,2.355487099984337e-02,2.653543117941694e+00,2.653869771309628e+00,4.958493077878674e-01,True,True,unmasked,True,0.0103
0.0104,0.0104,0.0104,1,9.227281593982883e-01,-9.227281593982883e-01,9.524451460881523e-01,2.377742695592391e-02,2.651895520418911e+00,2.652228506334577e+00,4.922332392756197e-01,True,True,unmasked,True,0.0104
0.0104,0.0104,0.0104,2,9.227281593982883e-01,-9.227281593982883e-01,9.524421672483043e-01,2.377891637584783e-02,2.651891307703198e+00,2.652224227397978e+00,4.922190741812203e-01,True,True,unmasked,True,0.0104
0.0105,0.0105,0.0105,1,9.220086851184222e-01,-9.220086851184222e-01,9.519973186090005e-01,2.400134069550000e-02,2.650244706439926e+00,2.650584018719293e+00,4.886156910261498e-01,True,True,unmasked,True,0.0105
0.0105,0.0105,0.0105,2,9.220086851184219e-01,-9.220086851184219e-01,9.519942532180006e-01,2.400287339100000e-02,2.650240371322399e+00,2.650579614796658e+00,4.886011550275263e-01,True,True,unmasked,True,0.0105
0.0106,0.0106,0.0106,1,9.212896518284165e-01,-9.212896518284165e-01,9.515496694555907e-01,2.422516527220480e-02,2.648594768305465e+00,2.648940464417552e+00,4.850103486671707e-01,True,True,unmasked,True,0.0106
0.0106,0.0106,0.0106,2,9.212896518284165e-01,-9.212896518284165e-01,9.515465158569587e-01,2.422674207152071e-02,2.648590308443509e+00,2.648935933091355e+00,4.849954358234811e-01,True,True,unmasked,True,0.0106
0.0107,0.0107,0.0107,1,9.205710593291919e-01,-9.205710593291919e-01,9.511021985910395e-01,2.444890070447991e-02,2.646945705681827e+00,2.647297843038580e+00,4.814170998612590e-01,True,True,unmasked,True,0.0107
0.0107,0.0107,0.0107,2,9.205710593291919e-01,-9.205710593291919e-01,9.510989551127471e-01,2.445052244362648e-02,2.646941118710837e+00,2.647293181867872e+00,4.814018041975606e-01,True,True,unmasked,True,0.0107
0.0108,0.0108,0.0108,1,9.198529074217298e-01,-9.198529074217298e-01,9.506549059784698e-01,2.467254701076479e-02,2.645297518235405e+00,2.645656154191729e+00,4.778358343429720e-01,True,True,unmasked,True,0.0108
0.0108,0.0108,0.0108,2,9.198529074217295e-01,-9.198529074217295e-01,9.506515709329404e-01,2.467421453352960e-02,2.645292801768785e+00,2.645651360712122e+00,4.778201498504255e-01,True,True,unmasked,True,0.0108
0.0109,0.0109,0.0109,1,9.191351959070686e-01,-9.191351959070686e-01,9.502077915810067e-01,2.489610420949681e-02,2.643650205632674e+00,2.644015397486466e+00,4.742664438614470e-01,True,True,unmasked,True,0.0109
0.0109,0.0109,0.0109,2,9.191351959070685e-01,-9.191351959070685e-01,9.502043632651236e-01,2.489781836743805e-02,2.643645357261857e+00,2.644010469210138e+00,4.742503644975343e-01,True,True,unmasked,True,0.0109
0.011,0.011,0.011,1,9.184179245863038e-01,-9.184179245863038e-01,9.497608553617773e-01,2.511957231911110e-02,2.642003767540198e+00,2.642375572532374e+00,4.707088221251186e-01,True,True,unmasked,True,0.011
0.011,0.011,0.011,2,9.184179245863038e-01,-9.184179245863038e-01,9.497573320568883e-01,2.512133397155555e-02,2.641998784834640e+00,2.642370506948056e+00,4.706923418138412e-01,True,True,unmasked,True,0.011
0.0111,0.0111,0.0111,1,9.177010932605935e-01,-9.177010932605935e-01,9.493140972839174e-01,2.534295135804078e-02,2.640358203624635e+00,2.640736678939168e+00,4.671628647484633e-01,True,True,unmasked,True,0.0111
0.0111,0.0111,0.0111,2,9.177010932605933e-01,-9.177010932605933e-01,9.493104772558361e-01,2.534476137208160e-02,2.640353084131827e+00,2.640731473512134e+00,4.671459773805456e-01,True,True,unmasked,True,0.0111
0.0112,0.0112,0.0112,1,9.169847017311527e-01,-9.169847017311527e-01,9.488675173105658e-01,2.556624134471679e-02,2.638713513552733e+00,2.639098716316681e+00,4.636284692006233e-01,True,True,unmasked,True,0.0112
0.0112,0.0112,0.0112,2,9.169847017311528e-01,-9.169847017311528e-01,9.488637988095766e-01,2.556810059521136e-02,2.638708254798202e+00,2.639093368488741e+00,4.636111686337129e-01,True,True,unmasked,True,0.0112
0.0113,0.0113,0.0113,1,9.162687497992551e-01,-9.162687497992551e-01,9.484211154048632e-01,2.578944229756789e-02,2.637069696991322e+00,2.637461684274859e+00,4.601055347558812e-01,True,True,unmasked,True,0.0113
0.0113,0.0113,0.0113,2,9.162687497992551e-01,-9.162687497992551e-01,9.484172966657278e-01,2.579135166713581e-02,2.637064296478646e+00,2.637456191464357e+00,4.600878148147498e-01,True,True,unmasked,True,0.0113
0.0114,0.0114,0.0114,1,9.155532372662339e-01,-9.155532372662339e-01,9.479748915299578e-01,2.601255423502079e-02,2.635426753607330e+00,2.635825582423781e+00,4.565939624458963e-01,True,True,unmasked,True,0.0114
0.0114,0.0114,0.0114,2,9.155532372662338e-01,-9.155532372662338e-01,9.479709707719166e-01,2.601451461404159e-02,2.635421208818133e+00,2.635819942025578e+00,4.565758169226379e-01,True,True,unmasked,True,0.0114
0.0115,0.0115,0.0115,1,9.148381639334789e-01,-9.148381639334789e-01,9.475288456489996e-01,2.623557717549999e-02,2.633784683067765e+00,2.634190410373635e+00,4.530936550135919e-01,True,True,unmasked,True,0.0115
0.0115,0.0115,0.0115,2,9.148381639334788e-01,-9.148381639334788e-01,9.475248210757772e-01,2.623758946211110e-02,2.633778991461731e+00,2.634184619759110e+00,4.530750776678141e-01,True,True,unmasked,True,0.0115
0.0116,0.0116,0.0116,1,9.141235296024417e-01,-9.141235296024417e-01,9.470829777251437e-01,2.645851113742790e-02,2.632143485039730e+00,2.632556167734737e+00,4.496045168686694e-01,True,True,unmasked,True,0.0116
0.0116,0.0116,0.0116,2,9.141235296024418e-01,-9.141235296024418e-01,9.470788475249545e-01,2.646057623752247e-02,2.632137644054608e+00,2.632550224251779e+00,4.495855014276941e-01,True,True,unmasked,True,0.0116
0.0117,0.0117,0.0117,1,9.134093340746311e-01,-9.134093340746311e-01,9.466372877215501e-01,2.668135613922479e-02,2.630503159190418e+00,2.630922854117523e+00,4.461264540446381e-01,True,True,unmasked,True,0.0117
0.0117,0.0117,0.0117,2,9.134093340746311e-01,-9.134093340746311e-01,9.466330500671003e-01,2.668347496644960e-02,2.630497166242022e+00,2.630916755090516e+00,4.461069942036883e-01,True,True,unmasked,True,0.0117
0.0118,0.0118,0.0118,1,9.126955771516142e-01,-9.126955771516142e-01,9.461917756013821e-01,2.690411219930879e-02,2.628863705187107e+00,2.629290469132548e+00,4.426593741573129e-01,True,True,unmasked,True,0.0118
0.0118,0.0118,0.0118,2,9.126955771516144e-01,-9.126955771516144e-01,9.461874286498750e-01,2.690628567506203e-02,2.628857557669331e+00,2.629284211862370e+00,4.426394635797055e-01,True,True,unmasked,True,0.0118
0.0119,0.0119,0.0119,1,9.119822586350184e-01,-9.119822586350184e-01,9.457464413278082e-01,2.712677933609590e-02,2.627225122697168e+00,2.627659012390491e+00,4.392031863647287e-01,True,True,unmasked,True,0.0119
0.0119,0.0119,0.0119,2,9.119822586350184e-01,-9.119822586350184e-01,9.457419832209499e-01,2.712900838952514e-02,2.627218817981986e+00,2.627652594154505e+00,4.391828186820648e-01,True,True,unmasked,True,0.0119
0.012,0.012,0.012,1,9.112693783265278e-01,-9.112693783265278e-01,9.453012848639996e-01,2.734935756799999e-02,2.625587411388055e+00,2.626028483502146e+00,4.357578013283828e-01,True,True,unmasked,True,0.012
0.012,0.012,0.012,2,9.112693783265277e-01,-9.112693783265277e-01,9.452967137279995e-01,2.735164313599998e-02,2.625580946825528e+00,2.626021901554191e+00,4.357369701407314e-01,True,True,unmasked,True,0.012
0.0121,0.0121,0.0121,1,9.105569360278862e-01,-9.105569360278862e-01,9.448563061731337e-01,2.757184691343278e-02,2.623950570927319e+00,2.624398882078432e+00,4.323231311757945e-01,True,True,unmasked,True,0.0121
0.0121,0.0121,0.0121,2,9.105569360278860e-01,-9.105569360278860e-01,9.448516201187120e-01,2.757418994064335e-02,2.623943943845601e+00,2.624392133648816e+00,4.323018300518776e-01,True,True,unmasked,True,0.0121
0.0122,0.0122,0.0122,1,9.098449315408978e-01,-9.098449315408978e-01,9.444115052183921e-01,2.779424739080391e-02,2.622314600982597e+00,2.622770207730392e+00,4.288990894642709e-01,True,True,unmasked,True,0.0122
0.0122,0.0122,0.0122,2,9.098449315408978e-01,-9.098449315408978e-01,9.444067023407843e-01,2.779664882960781e-02,2.622307808687946e+00,2.622763290025889e+00,4.288773119416568e-01,True,True,unmasked,True,0.0122
0.0123,0.0123,0.0123,1,9.091333646674225e-01,-9.091333646674225e-01,9.439668819629580e-01,2.801655901852080e-02,2.620679501221611e+00,2.621142460069180e+00,4.254855911458714e-01,True,True,unmasked,True,0.0123
0.0123,0.0123,0.0123,2,9.091333646674223e-01,-9.091333646674223e-01,9.439619603419163e-01,2.801901982904160e-02,2.620672540998385e+00,2.621135370273013e+00,4.254633307311436e-01,True,True,unmasked,True,0.0123
0.0124,0.0124,0.0124,1,9.084222352093801e-01,-9.084222352093801e-01,9.435224363700223e-01,2.823878181498880e-02,2.619045271312178e+00,2.619515638706079e+00,4.220825525335256e-01,True,True,unmasked,True,0.0124
0.0124,0.0124,0.0124,2,9.084222352093801e-01,-9.084222352093801e-01,9.435173940698223e-01,2.824130296508871e-02,2.619038140422850e+00,2.619508373977922e+00,4.220598027024734e-01,True,True,unmasked,True,0.0124
0.0125,0.0125,0.0125,1,9.077115429687498e-01,-9.077115429687498e-01,9.430781684027776e-01,2.846091579861110e-02,2.617411910922200e+00,2.617889743252489e+00,4.186898912682127e-01,True,True,unmasked,True,0.0125
0.0125,0.0125,0.0125,2,9.077115429687499e-01,-9.077115429687499e-01,9.430730034722226e-01,2.846349826388888e-02,2.617404606607360e+00,2.617882300728455e+00,4.186666454660100e-01,True,True,unmasked,True,0.0125
0.0126,0.0126,0.0126,1,9.070012877475698e-01,-9.070012877475698e-01,9.426340780244230e-01,2.868296098778881e-02,2.615779419719672e+00,2.616264773319936e+00,4.153075262872225e-01,True,True,unmasked,True,0.0126
0.0126,0.0126,0.0126,2,9.070012877475696e-01,-9.070012877475696e-01,9.426287884968455e-01,2.868560575157760e-02,2.615771939198034e+00,2.616257150112565e+00,4.152837779285986e-01,True,True,unmasked,True,0.0126
0.0127,0.0127,0.0127,1,9.062914693479327e-01,-9.062914693479327e-01,9.421901651981572e-01,2.890491740092076e-02,2.614147797372667e+00,2.614640728520051e+00,4.119353777933792e-01,True,True,unmasked,True,0.0127
0.0127,0.0127,0.0127,2,9.062914693479325e-01,-9.062914693479325e-01,9.421847490914268e-01,2.890762545428601e-02,2.614140137841074e+00,2.614632921718312e+00,4.119111202628048e-01,True,True,unmasked,True,0.0127
0.0128,0.0128,0.0128,1,9.055820875719971e-01,-9.055820875719971e-01,9.417464298871910e-01,2.912678505640389e-02,2.612517043549366e+00,2.613017608464609e+00,4.085733672253057e-01,True,True,unmasked,True,0.0128
0.0128,0.0128,0.0128,2,9.055820875719972e-01,-9.055820875719972e-01,9.417408852037167e-01,2.912955739814113e-02,2.612509202182798e+00,2.613009615133887e+00,4.085485938771639e-01,True,True,unmasked,True,0.0128
0.0129,0.0129,0.0129,1,9.048731422219752e-01,-9.048731422219752e-01,9.413028720547338e-01,2.934856397263279e-02,2.610887157918027e+00,2.611395412765491e+00,4.052214172285235e-01,True,True,unmasked,True,0.0129
0.0129,0.0129,0.0129,2,9.048731422219752e-01,-9.048731422219752e-01,9.412971967814687e-01,2.935140160926559e-02,2.610879131869605e+00,2.611387229947579e+00,4.051961213872813e-01,True,True,unmasked,True,0.0129
0.013,0.013,0.013,1,9.041646331001384e-01,-9.041646331001384e-01,9.408594916640000e-01,2.957025416799999e-02,2.609258140146994e+00,2.609774141034698e+00,4.018794516275140e-01,True,True,unmasked,True,0.013
0.013,0.013,0.013,2,9.041646331001385e-01,-9.041646331001385e-01,9.408536837724444e-01,2.957315811377775e-02,2.609249926547987e+00,2.609765765747790e+00,4.018536265878976e-01,True,True,unmasked,True,0.013
0.0131,0.0131,0.0131,1,9.034565600088170e-01,-9.034565600088170e-01,9.404162886782084e-01,2.979185566089592e-02,2.607629989904705e+00,2.608153792884354e+00,3.985473953986217e-01,True,True,unmasked,True,0.0131
0.0131,0.0131,0.0131,2,9.034565600088172e-01,-9.034565600088172e-01,9.404103461244162e-01,2.979482693779183e-02,2.607621585864537e+00,2.608145222123039e+00,3.985210344257881e-01,True,True,unmasked,True,0.0131
0.0132,0.0132,0.0132,1,9.027489227504016e-01,-9.027489227504016e-01,9.399732630605830e-01,3.001336846970881e-02,2.606002706859689e+00,2.606534367926708e+00,3.952251746437798e-01,True,True,unmasked,True,0.0132
0.0132,0.0132,0.0132,2,9.027489227504019e-01,-9.027489227504019e-01,9.399671837851654e-01,3.001640810741760e-02,2.605994109465944e+00,2.606525598661963e+00,3.951982709734850e-01,True,True,unmasked,True,0.0132
0.0133,0.0133,0.0133,1,9.020417211273378e-01,-9.020417211273378e-01,9.395304147743500e-01,3.023479261282479e-02,2.604376290680555e+00,2.604915865774119e+00,3.919127165650177e-01,True,True,unmasked,True,0.0133
0.0133,0.0133,0.0133,2,9.020417211273376e-01,-9.020417211273376e-01,9.395241967024783e-01,3.023790164876070e-02,2.604367496998982e+00,2.604906894953297e+00,3.918852634037839e-01,True,True,unmasked,True,0.0133
0.0134,0.0134,0.0134,1,9.013349549421332e-01,-9.013349549421332e-01,9.390877437827434e-01,3.045612810862789e-02,2.602750741036013e+00,2.603298286039078e+00,3.886099494397748e-01,True,True,unmasked,True,0.0134
0.0134,0.0134,0.0134,2,9.013349549421331e-01,-9.013349549421331e-01,9.390813848241548e-01,3.045930758792247e-02,2.602741748110534e+00,2.603289110585906e+00,3.885819399650607e-01,True,True,unmasked,True,0.0134
0.0135,0.0135,0.0135,1,9.006286239973541e-01,-9.006286239973541e-01,9.386452500490005e-01,3.067737497550000e-02,2.601126057594858e+00,2.601681628334195e+00,3.853168025969020e-01,True,True,unmasked,True,0.0135
0.0135,0.0135,0.0135,2,9.006286239973541e-01,-9.006286239973541e-01,9.386387480979996e-01,3.068062595099999e-02,2.601116862447570e+00,2.601672245148760e+00,3.852882299572621e-01,True,True,unmasked,True,0.0135
0.0136,0.0136,0.0136,1,8.999227280956223e-01,-8.999227280956223e-01,9.382029335363582e-01,3.089853323182079e-02,2.599502240025966e+00,2.600065892272191e+00,3.820332063933895e-01,True,True,unmasked,True,0.0136
0.0136,0.0136,0.0136,2,8.999227280956222e-01,-8.999227280956222e-01,9.381962864718281e-01,3.090185676408604e-02,2.599492839657157e+00,2.600056298230941e+00,3.820040637086532e-01,True,True,unmasked,True,0.0136
0.0137,0.0137,0.0137,1,8.992172670396199e-01,-8.992172670396199e-01,9.377607942080637e-01,3.111960289596789e-02,2.597879287998308e+00,2.598451077465913e+00,3.787590921918049e-01,True,True,unmasked,True,0.0137
0.0137,0.0137,0.0137,2,8.992172670396197e-01,-8.992172670396197e-01,9.377539998934610e-01,3.112300005326914e-02,2.597869679386450e+00,2.598441269421642e+00,3.787293725532195e-01,True,True,unmasked,True,0.0137
0.0138,0.0138,0.0138,1,8.985122406320885e-01,-8.985122406320885e-01,9.373188320273652e-01,3.134058398631676e-02,2.596257201180946e+00,2.596837183528332e+00,3.754943923383547e-01,True,True,unmasked,True,0.0138
0.0138,0.0138,0.0138,2,8.985122406320885e-01,-8.985122406320885e-01,9.373118883107320e-01,3.134405584463357e-02,2.596247381282710e+00,2.596827158310176e+00,3.754640888087640e-01,True,True,unmasked,True,0.0138
0.0139,0.0139,0.0139,1,8.978076486758282e-01,-8.978076486758282e-01,9.368770469575181e-01,3.156147652124079e-02,2.594635979243032e+00,2.595224210072539e+00,3.722390401415981e-01,True,True,unmasked,True,0.0139
0.0139,0.0139,0.0139,2,8.978076486758283e-01,-8.978076486758283e-01,9.368699516714809e-01,3.156502416425939e-02,2.594625944993290e+00,2.595213964485967e+00,3.722081457555942e-01,True,True,unmasked,True,0.0139
0.014,0.014,0.014,1,8.971034909736957e-01,-8.971034909736957e-01,9.364354389617776e-01,3.178228051911110e-02,2.593015621853798e+00,2.593612156711739e+00,3.689929698517533e-01,True,True,unmasked,True,0.014
0.014,0.014,0.014,2,8.971034909736958e-01,-8.971034909736958e-01,9.364281899235554e-01,3.178590503822224e-02,2.593005370165630e+00,2.593601687538546e+00,3.689614776158404e-01,True,True,unmasked,True,0.014
0.0141,0.0141,0.0141,1,8.963997673286076e-01,-8.963997673286076e-01,9.359940080034059e-01,3.200299599829678e-02,2.591396128682571e+00,2.592001023059260e+00,3.657561166406272e-01,True,True,unmasked,True,0.0141
0.0141,0.0141,0.0141,2,8.963997673286078e-01,-8.963997673286078e-01,9.359866030148126e-01,3.200669849259359e-02,2.591385656447274e+00,2.591990327057561e+00,3.657240195333792e-01,True,True,unmasked,True,0.0141
0.0142,0.0142,0.0142,1,8.956964775435391e-01,-8.956964775435391e-01,9.355527540456703e-01,3.222362297716479e-02,2.589777499398768e+00,2.590390808728553e+00,3.625284165820878e-01,True,True,unmasked,True,0.0142
0.0142,0.0142,0.0142,2,8.956964775435392e-01,-8.956964775435392e-01,9.355451908931178e-01,3.222740455344072e-02,2.589766803485855e+00,2.590379882632773e+00,3.624957075543004e-01,True,True,unmasked,True,0.0142
0.0143,0.0143,0.0143,1,8.949936214215235e-01,-8.949936214215235e-01,9.351116770518401e-01,3.244416147407991e-02,2.588159733671892e+00,2.588781513333188e+00,3.593098066330890e-01,True,True,unmasked,True,0.0143
0.0143,0.0143,0.0143,2,8.949936214215235e-01,-8.949936214215235e-01,9.351039535063470e-01,3.244802324682649e-02,2.588148810929106e+00,2.588770353854056e+00,3.592764786079481e-01,True,True,unmasked,True,0.0143
0.0144,0.0144,0.0144,1,8.942911987656530e-01,-8.942911987656530e-01,9.346707769851902e-01,3.266461150740479e-02,2.586542831171534e+00,2.587173136486855e+00,3.561002246152322e-01,True,True,unmasked,True,0.0144
0.0144,0.0144,0.0144,2,8.942911987656529e-01,-8.942911987656529e-01,9.346628908023809e-01,3.266855459880959e-02,2.586531678424850e+00,2.587161740311395e+00,3.560662704884576e-01,True,True,unmasked,True,0.0144
0.0145,0.0145,0.0145,1,8.935892093790784e-01,-8.935892093790784e-01,9.342300538090007e-01,3.288497309550001e-02,2.584926791567379e+00,2.585565677803366e+00,3.528996091968415e-01,True,True,unmasked,True,0.0145
0.0145,0.0145,0.0145,2,8.935892093790785e-01,-8.935892093790785e-01,9.342220027291118e-01,3.288899863544446e-02,2.584915405621008e+00,2.585554041594891e+00,3.528650218368442e-01,True,True,unmasked,True,0.0145
0.0146,0.0146,0.0146,1,8.928876530650077e-01,-8.928876530650077e-01,9.337895074865524e-01,3.310524625672391e-02,2.583311614529192e+00,2.583959136896647e+00,3.497078998755123e-01,True,True,unmasked,True,0.0146
0.0146,0.0146,0.0146,2,8.928876530650077e-01,-8.928876530650077e-01,9.337812892344378e-01,3.310935538278116e-02,2.583299992165593e+00,2.583947257294751e+00,3.496726721235484e-01,True,True,unmasked,True,0.0146
0.0147,0.0147,0.0147,1,8.921865296267094e-01,-8.921865296267094e-01,9.333491379811345e-01,3.332543100943280e-02,2.581697299726835e+00,2.582353513380752e+00,3.465250369611699e-01,True,True,unmasked,True,0.0147
0.0147,0.0147,0.0147,2,8.921865296267095e-01,-8.921865296267095e-01,9.333407502662687e-01,3.332962486686561e-02,2.581685437706715e+00,2.582341387001303e+00,3.464891616314935e-01,True,True,unmasked,True,0.0147
0.0148,0.0148,0.0148,1,8.914858388675090e-01,-8.914858388675090e-01,9.329089452560380e-01,3.354552737198079e-02,2.580083846830255e+00,2.580748806869851e+00,3.433509615595592e-01,True,True,unmasked,True,0.0148
0.0148,0.0148,0.0148,2,8.914858388675091e-01,-8.914858388675091e-01,9.329003857725212e-01,3.354980711373937e-02,2.580071741892579e+00,2.580736430304982e+00,3.433144314395704e-01,True,True,unmasked,True,0.0148
0.0149,0.0149,0.0149,1,8.907855805907913e-01,-8.907855805907913e-01,9.324689292745599e-01,3.376553536271990e-02,2.578471255509490e+00,2.579145016978237e+00,3.401856155561988e-01,True,True,unmasked,True,0.0149
0.0149,0.0149,0.0149,2,8.907855805907914e-01,-8.907855805907914e-01,9.324601957011203e-01,3.376990214943978e-02,2.578458904371483e+00,2.579132386796339e+00,3.401484234065926e-01,True,True,unmasked,True,0.0149
0.015,0.015,0.015,1,8.900857546000004e-01,-8.900857546000004e-01,9.320290900000004e-01,3.398545500000000e-02,2.576859525434665e+00,2.577542143320323e+00,3.370289416007495e-01,True,True,unmasked,True,0.015
0.015,0.015,0.015,2,8.900857546000005e-01,-8.900857546000005e-01,9.320201800000003e-01,3.398991000000001e-02,2.576846924791824e+00,2.577529256066038e+00,3.369910801556680e-01,True,True,unmasked,True,0.015
0.0151,0.0151,0.0151,1,8.893863606986350e-01,-8.893863606986350e-01,9.315894273956621e-01,3.420528630216879e-02,2.575248656275990e+00,2.575940185510634e+00,3.338808830918049e-01,True,True,unmasked,True,0.0151
0.0151,0.0151,0.0151,2,8.893863606986353e-01,-8.893863606986353e-01,9.315803386171027e-01,3.420983069144871e-02,2.575235802802086e+00,2.575927037704848e+00,3.338423450589857e-01,True,True,unmasked,True,0.0151
0.0152,0.0152,0.0152,1,8.886873986902575e-01,-8.886873986902575e-01,9.311499414248559e-01,3.442502928757189e-02,2.573638647703772e+00,2.574339143163829e+00,3.307413841621059e-01,True,True,unmasked,True,0.0152
0.0152,0.0152,0.0152,2,8.886873986902573e-01,-8.886873986902573e-01,9.311406715003792e-01,3.442966424981046e-02,2.573625538050854e+00,2.574325731303662e+00,3.307021622230206e-01,True,True,unmasked,True,0.0152
0.0153,0.0153,0.0153,1,8.879888683784851e-01,-8.879888683784851e-01,9.307106320508947e-01,3.464468397455280e-02,2.572029499388401e+00,2.572739015894677e+00,3.276103896640995e-01,True,True,unmasked,True,0.0153
0.0153,0.0153,0.0153,2,8.879888683784852e-01,-8.879888683784852e-01,9.307011785977888e-01,3.464941070110558e-02,2.572016130186808e+00,2.572725336453479e+00,3.275704764741090e-01,True,True,unmasked,True,0.0153
0.0154,0.0154,0.0154,1,8.872907695669944e-01,-8.872907695669944e-01,9.302714992370938e-01,3.486425038145277e-02,2.570421211000354e+00,2.571139803318069e+00,3.244878451559101e-01,True,True,unmasked,True,0.0154
0.0154,0.0154,0.0154,2,8.872907695669944e-01,-8.872907695669944e-01,9.302618598572994e-01,3.486907007135003e-02,2.570407578858716e+00,2.571125852745408e+00,3.244472333444042e-01,True,True,unmasked,True,0.0154
0.0155,0.0155,0.0155,1,8.865931020595215e-01,-8.865931020595215e-01,9.298325429467776e-01,3.508372852661110e-02,2.568813782210205e+00,2.569541505049020e+00,3.213736968876728e-01,True,True,unmasked,True,0.0155
0.0155,0.0155,0.0155,2,8.865931020595215e-01,-8.865931020595215e-01,9.298227152268885e-01,3.508864238655554e-02,2.568799883715451e+00,2.569527279770681e+00,3.213323790582125e-01,True,True,unmasked,True,0.0155
0.0156,0.0156,0.0156,1,8.858958656598604e-01,-8.858958656598604e-01,9.293937631432709e-01,3.530311842836480e-02,2.567207212688610e+00,2.567944120702664e+00,3.182678917881890e-01,True,True,unmasked,True,0.0156
0.0156,0.0156,0.0156,2,8.858958656598607e-01,-8.858958656598607e-01,9.293837446545410e-01,3.530812767272959e-02,2.567193044405974e+00,2.567929617120634e+00,3.182258605186543e-01,True,True,unmasked,True,0.0156
0.0157,0.0157,0.0157,1,8.851990601718609e-01,-8.851990601718609e-01,9.289551597899026e-01,3.552242010504880e-02,2.565601502106309e+00,2.566347649894245e+00,3.151703774519514e-01,True,True,unmasked,True,0.0157
0.0157,0.0157,0.0157,2,8.851990601718609e-01,-8.851990601718609e-01,9.289449480882492e-01,3.552752595587537e-02,2.565587060579336e+00,2.566332864386712e+00,3.151276252946791e-01,True,True,unmasked,True,0.0157
0.0158,0.0158,0.0158,1,8.845026853994346e-01,-8.845026853994346e-01,9.285167328500076e-01,3.574163357499589e-02,2.563996650134139e+00,2.564752092239142e+00,3.120811021265039e-01,True,True,unmasked,True,0.0158
0.0158,0.0158,0.0158,2,8.845026853994348e-01,-8.845026853994348e-01,9.285063254760159e-01,3.574683726199179e-02,2.563981931884693e+00,2.564737021160481e+00,3.120376216084302e-01,True,True,unmasked,True,0.0158
0.0159,0.0159,0.0159,1,8.838067411465509e-01,-8.838067411465509e-01,9.280784822869254e-01,3.596075885653677e-02,2.562392656443027e+00,2.563157447352846e+00,3.090000147000965e-01,True,True,unmasked,True,0.0159
0.0159,0.0159,0.0159,2,8.838067411465507e-01,-8.838067411465507e-01,9.280678767658518e-01,3.596606161707358e-02,2.562377657971289e+00,2.563142087033618e+00,3.089557983228927e-01,True,True,unmasked,True,0.0159
0.016,0.016,0.016,1,8.831112272172370e-01,-8.831112272172370e-01,9.276404080639999e-01,3.617979596800000e-02,2.560789520703985e+00,2.561563714850973e+00,3.059270646896642e-01,True,True,unmasked,True,0.016
0.016,0.016,0.016,2,8.831112272172369e-01,-8.831112272172369e-01,9.276296019057775e-01,3.618519904711109e-02,2.560774238488470e+00,2.561548061597912e+00,3.058821049298821e-01,True,True,unmasked,True,0.016
0.0161,0.0161,0.0161,1,8.824161434155775e-01,-8.824161434155775e-01,9.272025101445756e-01,3.639874492771189e-02,2.559187242588107e+00,2.559970894349248e+00,3.028622022290942e-01,True,True,unmasked,True,0.0161
0.0161,0.0161,0.0161,2,8.824161434155773e-01,-8.824161434155773e-01,9.271915008438186e-01,3.640424957809046e-02,2.559171673085665e+00,2.559954944445260e+00,3.028164915383006e-01,True,True,unmasked,True,0.0161
0.0162,0.0162,0.0162,1,8.817214895457178e-01,-8.817214895457178e-01,9.267647884920062e-01,3.661760575399679e-02,2.557585821766589e+00,2.558378985463531e+00,2.998053780578162e-01,True,True,unmasked,True,0.0162
0.0162,0.0162,0.0162,2,8.817214895457178e-01,-8.817214895457178e-01,9.267535735280128e-01,3.662321323599357e-02,2.557569961412408e+00,2.558362735167679e+00,2.997589088627315e-01,True,True,unmasked,True,0.0162
0.0163,0.0163,0.0163,1,8.810272654118595e-01,-8.810272654118595e-01,9.263272430696468e-01,3.683637846517680e-02,2.555985257910705e+00,2.556787987809792e+00,2.967565435096314e-01,True,True,unmasked,True,0.0163
0.0163,0.0163,0.0163,2,8.810272654118594e-01,-8.810272654118594e-01,9.263158199064041e-01,3.684209004679806e-02,2.555969103118322e+00,2.556771433357290e+00,2.967093082122609e-01,True,True,unmasked,True,0.0163
0.0164,0.0164,0.0164,1,8.803334708182622e-01,-8.803334708182622e-01,9.258898738408559e-01,3.705506307957190e-02,2.554385550691818e+00,2.555197901004119e+00,2.937156505018346e-01,True,True,unmasked,True,0.0164
0.0164,0.0164,0.0164,2,8.803334708182620e-01,-8.803334708182620e-01,9.258782399270461e-01,3.706088003647717e-02,2.554369097853124e+00,2.555181038606331e+00,2.936676414796134e-01,True,True,unmasked,True,0.0164
0.0165,0.0165,0.0165,1,8.796401055692460e-01,-8.796401055692460e-01,9.254526807690000e-01,3.727365961550000e-02,2.552786699781386e+00,2.553608724662729e+00,2.906826515246196e-01,True,True,unmasked,True,0.0165
0.0165,0.0165,0.0165,2,8.796401055692459e-01,-8.796401055692459e-01,9.254408335380002e-01,3.727958323100002e-02,2.552769945266630e+00,2.553591550507154e+00,2.906338611305400e-01,True,True,unmasked,True,0.0165
0.0166,0.0166,0.0166,1,8.789471694691882e-01,-8.789471694691882e-01,9.250156638174467e-01,3.749216809127680e-02,2.551188704850953e+00,2.552020458401953e+00,2.876574996307076e-01,True,True,unmasked,True,0.0166
0.0166,0.0166,0.0166,2,8.789471694691883e-01,-8.789471694691883e-01,9.250036006873371e-01,3.749819965633139e-02,2.551171645008748e+00,2.552002968652221e+00,2.876079201934527e-01,True,True,unmasked,True,0.0166
0.0167,0.0167,0.0167,1,8.782546623225240e-01,-8.782546623225240e-01,9.245788229495677e-01,3.771058852521589e-02,2.549591565572147e+00,2.550433101838242e+00,2.846401484252363e-01,True,True,unmasked,True,0.0167
0.0167,0.0167,0.0167,2,8.782546623225240e-01,-8.782546623225240e-01,9.245665413231354e-01,3.771672933843181e-02,2.549574196729479e+00,2.550415292634104e+00,2.845897722493171e-01,True,True,unmasked,True,0.0167
0.0168,0.0168,0.0168,1,8.775625839337482e-01,-8.775625839337482e-01,9.241421581287420e-01,3.792892093562880e-02,2.547995281616692e+00,2.548846654588169e+00,2.816305520559140e-01,True,True,unmasked,True,0.0168
0.0168,0.0168,0.0168,2,8.775625839337483e-01,-8.775625839337483e-01,9.241296553934840e-01,3.793517230325760e-02,2.547977600078924e+00,2.548828522045496e+00,2.815793714217986e-01,True,True,unmasked,True,0.0168
0.0169,0.0169,0.0169,1,8.768709341074125e-01,-8.768709341074125e-01,9.237056693183503e-01,3.814716534082480e-02,2.546399852656396e+00,2.547261116268427e+00,2.786286652033656e-01,True,True,unmasked,True,0.0169
0.0169,0.0169,0.0169,2,8.768709341074126e-01,-8.768709341074126e-01,9.236929428464780e-01,3.815352857676070e-02,2.546381854707272e+00,2.547242656479192e+00,2.785766723676100e-01,True,True,unmasked,True,0.0169
0.017,0.017,0.017,1,8.761797126481276e-01,-8.761797126481276e-01,9.232693564817775e-01,3.836532175911111e-02,2.544805278363153e+00,2.545676486495824e+00,2.756344430717401e-01,True,True,unmasked,True,0.017
0.017,0.017,0.017,2,8.761797126481278e-01,-8.761797126481278e-01,9.232564036302215e-01,3.837179818488890e-02,2.544786960264811e+00,2.545657695528106e+00,2.755816302671220e-01,True,True,unmasked,True,0.017
0.0171,0.0171,0.0171,1,8.754889193605626e-01,-8.754889193605626e-01,9.228332195824143e-01,3.858339020879278e-02,2.543211558408951e+00,2.544092764887295e+00,2.726478413795312e-01,True,True,unmasked,True,0.0171
0.0171,0.0171,0.0171,2,8.754889193605625e-01,-8.754889193605625e-01,9.228200376928286e-01,3.858998115358556e-02,2.543192916401921e+00,2.544073638785261e+00,2.725942008151762e-01,True,True,unmasked,True,0.0171
0.0172,0.0172,0.0172,1,8.747985540494445e-01,-8.747985540494445e-01,9.223972585836545e-01,3.880137070817280e-02,2.541618692465864e+00,2.542509951059889e+00,2.696688163506007e-01,True,True,unmasked,True,0.0172
0.0172,0.0172,0.0172,2,8.747985540494442e-01,-8.747985540494442e-01,9.223838449824199e-01,3.880807750879002e-02,2.541599722769078e+00,2.542490485843793e+00,2.696143402121113e-01,True,True,unmasked,True,0.0172
0.0173,0.0173,0.0173,1,8.741086165195586e-01,-8.741086165195586e-01,9.219614734488960e-01,3.901926327555190e-02,2.540026680206053e+00,2.540928044630777e+00,2.666973247054192e-01,True,True,unmasked,True,0.0173
0.0173,0.0173,0.0173,2,8.741086165195585e-01,-8.741086165195585e-01,9.219478254471254e-01,3.902608727643715e-02,2.540007379016850e+00,2.540908236296950e+00,2.666420051550061e-01,True,True,unmasked,True,0.0173
0.0174,0.0174,0.0174,1,8.734191065757479e-01,-8.734191065757479e-01,9.215258641415414e-01,3.923706792922878e-02,2.538435521301768e+00,2.539347045217248e+00,2.637333236525112e-01,True,True,unmasked,True,0.0174
0.0174,0.0174,0.0174,2,8.734191065757481e-01,-8.734191065757481e-01,9.215119790350836e-01,3.924401048245757e-02,2.538415884795901e+00,2.539326889738093e+00,2.636771528291180e-01,True,True,unmasked,True,0.0174
0.0175,0.0175,0.0175,1,8.727300240229166e-01,-8.727300240229166e-01,9.210904306249995e-01,3.945478468749999e-02,2.536845215425354e+00,2.537766952436718e+00,2.607767708801001e-01,True,True,unmasked,True,0.0175
0.0175,0.0175,0.0175,2,8.727300240229167e-01,-8.727300240229167e-01,9.210763056944440e-01,3.946184715277779e-02,2.536825239756995e+00,2.537746445760699e+00,2.607197408995286e-01,True,True,unmasked,True,0.0175
0.0176,0.0176,0.0176,1,8.720413686660237e-01,-8.720413686660237e-01,9.206551728626809e-01,3.967241356865995e-02,2.535255762249236e+00,2.536187765906716e+00,2.578276245479164e-01,True,True,unmasked,True,0.0176
0.0176,0.0176,0.0176,2,8.720413686660233e-01,-8.720413686660233e-01,9.206408053733610e-01,3.967959731331985e-02,2.535235443550982e+00,2.536166903958351e+00,2.577697275029552e-01,True,True,unmasked,True,0.0176
0.0177,0.0177,0.0177,1,8.713531403100854e-01,-8.713531403100854e-01,9.202200908179984e-01,3.988995459100079e-02,2.533667161445923e+00,2.534609485244883e+00,2.548858432792190e-01,True,True,unmasked,True,0.0177
0.0177,0.0177,0.0177,2,8.713531403100855e-01,-8.713531403100855e-01,9.202054780199969e-01,3.989726099000158e-02,2.533646495828806e+00,2.534588263924741e+00,2.548270712397698e-01,True,True,unmasked,True,0.0177
0.0178,0.0178,0.0178,1,8.706653387601820e-01,-8.706653387601820e-01,9.197851844543748e-01,4.010740777281280e-02,2.532079412688030e+00,2.533032110068999e+00,2.519513861530145e-01,True,True,unmasked,True,0.0178
0.0178,0.0178,0.0178,2,8.706653387601822e-01,-8.706653387601822e-01,9.197703235825267e-01,4.011483820873672e-02,2.532058396241514e+00,2.533010525253686e+00,2.518917311662096e-01,True,True,unmasked,True,0.0178
0.0179,0.0179,0.0179,1,8.699779638214454e-01,-8.699779638214454e-01,9.193504537352313e-01,4.032477313238388e-02,2.530492515648241e+00,2.531455639996944e+00,2.490242126963800e-01,True,True,unmasked,True,0.0179
0.0179,0.0179,0.0179,2,8.699779638214455e-01,-8.699779638214455e-01,9.193353420091304e-01,4.033232899543447e-02,2.530471144440238e+00,2.531433687539101e+00,2.489636667867158e-01,True,True,unmasked,True,0.0179
0.018,0.018,0.018,1,8.692910152990722e-01,-8.692910152990722e-01,9.189158986240005e-01,4.054205068800002e-02,2.528906469999347e+00,2.529880074646738e+00,2.461042828770540e-01,True,True,unmasked,True,0.018
0.018,0.018,0.018,2,8.692910152990722e-01,-8.692910152990722e-01,9.189005332480005e-01,4.054973337600001e-02,2.528884740076217e+00,2.529857750375029e+00,2.460428380465044e-01,True,True,unmasked,True,0.018
0.0181,0.0181,0.0181,1,8.686044929983097e-01,-8.686044929983097e-01,9.184815190841099e-01,4.075924045794478e-02,2.527321275414206e+00,2.528305413636497e+00,2.431915570960860e-01,True,True,unmasked,True,0.0181
0.0181,0.0181,0.0181,2,8.686044929983094e-01,-8.686044929983094e-01,9.184658972473313e-01,4.076705137633403e-02,2.527299182800765e+00,2.528282713355605e+00,2.431292053242299e-01,True,True,unmasked,True,0.0181
0.0182,0.0182,0.0182,1,8.679183967244702e-01,-8.679183967244702e-01,9.180473150789994e-01,4.097634246049987e-02,2.525736931565785e+00,2.526731656584477e+00,2.402859961807524e-01,True,True,unmasked,True,0.0182
0.0182,0.0182,0.0182,2,8.679183967244702e-01,-8.679183967244702e-01,9.180314339553333e-01,4.098428302233313e-02,2.525714472265311e+00,2.526708576075096e+00,2.402227294248955e-01,True,True,unmasked,True,0.0182
0.0183,0.0183,0.0183,1,8.672327262829215e-01,-8.672327262829215e-01,9.176132865721103e-01,4.119335671394480e-02,2.524153438127129e+00,2.525158803109047e+00,2.373875613775492e-01,True,True,unmasked,True,0.0183
0.0183,0.0183,0.0183,2,8.672327262829214e-01,-8.672327262829214e-01,9.175971433202208e-01,4.120142833988960e-02,2.524130608121366e+00,2.525135338127870e+00,2.373233715728398e-01,True,True,unmasked,True,0.0183
0.0184,0.0184,0.0184,1,8.665474814790877e-01,-8.665474814790877e-01,9.171794335268861e-01,4.141028323655679e-02,2.522570794771369e+00,2.523586852828687e+00,2.344962143453644e-01,True,True,unmasked,True,0.0184
0.0184,0.0184,0.0184,2,8.665474814790878e-01,-8.665474814790878e-01,9.171630252902171e-01,4.141848735489136e-02,2.522547590020537e+00,2.523562999108406e+00,2.344310934049215e-01,True,True,unmasked,True,0.0184
0.0185,0.0185,0.0185,1,8.658626621184539e-01,-8.658626621184539e-01,9.167457559067775e-01,4.162712204661111e-02,2.520989001171730e+00,2.522015805362008e+00,2.316119171488188e-01,True,True,unmasked,True,0.0185
0.0185,0.0185,0.0185,2,8.658626621184541e-01,-8.658626621184541e-01,9.167290798135556e-01,4.163546009322223e-02,2.520965417614528e+00,2.521991558611301e+00,2.315458569638441e-01,True,True,unmasked,True,0.0185
0.0186,0.0186,0.0186,1,8.651782680065623e-01,-8.651782680065623e-01,9.163122536752383e-01,4.184387316238079e-02,2.519408057001522e+00,2.520445660327736e+00,2.287346322517180e-01,True,True,unmasked,True,0.0186
0.0186,0.0186,0.0186,2,8.651782680065623e-01,-8.651782680065623e-01,9.162953068384770e-01,4.185234658076160e-02,2.519384090555135e+00,2.520421016231259e+00,2.286676246916176e-01,True,True,unmasked,True,0.0186
0.0187,0.0187,0.0187,1,8.644942989490126e-01,-8.644942989490126e-01,9.158789267957255e-01,4.206053660213677e-02,2.517827961934144e+00,2.518876417344714e+00,2.258643225106579e-01,True,True,unmasked,True,0.0187
0.0187,0.0187,0.0187,2,8.644942989490124e-01,-8.644942989490124e-01,9.158617063132299e-01,4.206914684338468e-02,2.517803608494248e+00,2.518851371563098e+00,2.257963594231610e-01,True,True,unmasked,True,0.0187
0.0188,0.0188,0.0188,1,8.638107547514638e-01,-8.638107547514638e-01,9.154457752317033e-01,4.227711238414789e-02,2.516248715643086e+00,2.517308076031909e+00,2.230009511687805e-01,True,True,unmasked,True,0.0188
0.0188,0.0188,0.0188,2,8.638107547514640e-01,-8.638107547514640e-01,9.154282781860742e-01,4.228586090696245e-02,2.516223971083856e+00,2.517282624201752e+00,2.229320243800552e-01,True,True,unmasked,True,0.0188
0.0189,0.0189,0.0189,1,8.631276352196340e-01,-8.631276352196340e-01,9.150127989466382e-01,4.249360052668077e-02,2.514670317801925e+00,2.515740636008409e+00,2.201444818496360e-01,True,True,unmasked,True,0.0189
0.0189,0.0189,0.0189,2,8.631276352196338e-01,-8.631276352196338e-01,9.149950224052761e-01,4.250248879736158e-02,2.514645177976039e+00,2.515714773742261e+00,2.200745831644068e-01,True,True,unmasked,True,0.0189
0.019,0.019,0.019,1,8.624449401592954e-01,-8.624449401592954e-01,9.145799979039995e-01,4.271000104799999e-02,2.513092768084320e+00,2.514174096893412e+00,2.172948785511840e-01,True,True,unmasked,True,0.019
0.019,0.019,0.019,2,8.624449401592955e-01,-8.624449401592955e-01,9.145619389191102e-01,4.271903054044441e-02,2.513067228822968e+00,2.514147819779778e+00,2.172239997528506e-01,True,True,unmasked,True,0.019
0.0191,0.0191,0.0191,1,8.617626693762824e-01,-8.617626693762824e-01,9.141473720672633e-01,4.292631396636787e-02,2.511516066164027e+00,2.512608458306243e+00,2.144521056399432e-01,True,True,unmasked,True,0.0191
0.0191,0.0191,0.0191,2,8.617626693762823e-01,-8.617626693762823e-01,9.141290276758611e-01,4.293548616206914e-02,2.511490123276912e+00,2.512581761909571e+00,2.143802384906911e-01,True,True,unmasked,True,0.0191
0.0192,0.0192,0.0192,1,8.610808226764861e-01,-8.610808226764861e-01,9.137149213999097e-01,4.314253930004477e-02,2.509940211714888e+00,2.511043719866349e+00,2.116161278452307e-01,True,True,unmasked,True,0.0192
0.0192,0.0192,0.0192,2,8.610808226764863e-01,-8.610808226764863e-01,9.136962886238202e-01,4.315185568808958e-02,2.509913860990237e+00,2.511016599727018e+00,2.115432640861478e-01,True,True,unmasked,True,0.0192
0.0193,0.0193,0.0193,1,8.603993998658559e-01,-8.603993998658559e-01,9.132826458654220e-01,4.335867706728879e-02,2.508365204410829e+00,2.509479881193289e+00,2.087869102535327e-01,True,True,unmasked,True,0.0193
0.0193,0.0193,0.0193,2,8.603993998658558e-01,-8.603993998658558e-01,9.132637217112891e-01,4.336813914435537e-02,2.508338441615398e+00,2.509452332827607e+00,2.087130416047248e-01,True,True,unmasked,True,0.0193
0.0194,0.0194,0.0194,1,8.597184007503978e-01,-8.597184007503978e-01,9.128505454272881e-01,4.357472728635592e-02,2.506791043925868e+00,2.507916941906744e+00,2.059644183030003e-01,True,True,unmasked,True,0.0194
0.0194,0.0194,0.0194,2,8.597184007503976e-01,-8.597184007503976e-01,9.128313268865758e-01,4.358433655671182e-02,2.506763864804944e+00,2.507888960806940e+00,2.058895364637023e-01,True,True,unmasked,True,0.0194
0.0195,0.0195,0.0195,1,8.590378251361774e-01,-8.590378251361774e-01,9.124186200489998e-01,4.379068997549999e-02,2.505217729934108e+00,2.506354901626515e+00,2.031486177780478e-01,True,True,unmasked,True,0.0195
0.0195,0.0195,0.0195,2,8.590378251361775e-01,-8.590378251361775e-01,9.123991040979988e-01,4.380044795099997e-02,2.505190130211520e+00,2.506326483260731e+00,2.030727144267415e-01,True,True,unmasked,True,0.0195
0.0196,0.0196,0.0196,1,8.583576728293196e-01,-8.583576728293196e-01,9.119868696940545e-01,4.400656515297279e-02,2.503645262109748e+00,2.504793759972526e+00,2.003394748040737e-01,True,True,unmasked,True,0.0196
0.0196,0.0196,0.0196,2,8.583576728293195e-01,-8.583576728293195e-01,9.119670532938871e-01,4.401647335305672e-02,2.503617237487874e+00,2.504764899784809e+00,2.002625415985961e-01,True,True,unmasked,True,0.0196
0.0197,0.0197,0.0197,1,8.576779436360029e-01,-8.576779436360029e-01,9.115552943259514e-01,4.422235283702386e-02,2.502073640127061e+00,2.503233516564809e+00,1.975369558422605e-01,True,True,unmasked,True,0.0197
0.0197,0.0197,0.0197,2,8.576779436360030e-01,-8.576779436360030e-01,9.115351744225701e-01,4.423241278871447e-02,2.502045186286826e+00,2.503204209975102e+00,1.974589844199142e-01,True,True,unmasked,True,0.0197
0.0198,0.0198,0.0198,1,8.569986373624704e-01,-8.569986373624704e-01,9.111238939081985e-01,4.443805304590081e-02,2.500502863660427e+00,2.501674171023532e+00,1.947410276845331e-01,True,True,unmasked,True,0.0198
0.0198,0.0198,0.0198,2,8.569986373624704e-01,-8.569986373624704e-01,9.111034674323966e-01,4.444826628380161e-02,2.500473976261316e+00,2.501644413427669e+00,1.946620096621998e-01,True,True,unmasked,True,0.0198
0.0199,0.0199,0.0199,1,8.563197538150172e-01,-8.563197538150172e-01,9.106926684043020e-01,4.465366579784880e-02,2.498932932384295e+00,2.500115722968967e+00,1.919516574485467e-01,True,True,unmasked,True,0.0199
0.0199,0.0199,0.0199,2,8.563197538150170e-01,-8.563197538150170e-01,9.106719322717154e-01,4.466403386414201e-02,2.498903607064360e+00,2.500085509738666e+00,1.918715844228001e-01,True,True,unmasked,True,0.0199
0.02,0.02,0.02,1,8.556412928000002e-01,-8.556412928000002e-01,9.102616177777777e-01,4.486919111111112e-02,2.497363845973216e+00,2.498558172021514e+00,1.891688125728493e-01,True,True,unmasked,True,0.02
0.02,0.02,0.02,2,8.556412928000001e-01,-8.556412928000001e-01,9.102405688888890e-01,4.487971555555557e-02,2.497334078349077e+00,2.498527498504368e+00,1.890876761200608e-01,True,True,unmasked,True,0.02
0.0201,0.0201,0.0201,1,8.549632541238309e-01,-8.549632541238309e-01,9.098307419921414e-01,4.508462900392876e-02,2.495795604101819e+00,2.497001517801686e+00,1.863924608120765e-01,True,True,unmasked,True,0.0201
0.0201,0.0201,0.0201,2,8.549632541238311e-01,-8.549632541238311e-01,9.098093772322838e-01,4.509531138385757e-02,2.495765389768672e+00,2.496970379321154e+00,1.863102524885255e-01,True,True,unmasked,True,0.0201
0.0202,0.0202,0.0202,1,8.542856375929844e-01,-8.542856375929844e-01,9.094000410109184e-01,4.529997949454082e-02,2.494228206444835e+00,2.495445759930127e+00,1.836225702323027e-01,True,True,unmasked,True,0.0202
0.0202,0.0202,0.0202,2,8.542856375929841e-01,-8.542856375929841e-01,9.093783572502812e-01,4.531082137485938e-02,2.494197540976458e+00,2.495414151785528e+00,1.835392815742868e-01,True,True,unmasked,True,0.0202
0.0203,0.0203,0.0203,1,8.536084430139877e-01,-8.536084430139877e-01,9.089695147976319e-01,4.551524260118389e-02,2.492661652677065e+00,2.493890898027584e+00,1.808591092064160e-01,True,True,unmasked,True,0.0203
0.0203,0.0203,0.0203,2,8.536084430139877e-01,-8.536084430139877e-01,9.089475088912640e-01,4.552624555436781e-02,2.492630531625827e+00,2.493858815494092e+00,1.807747317303620e-01,True,True,unmasked,True,0.0203
0.0204,0.0204,0.0204,1,8.529316701934293e-01,-8.529316701934293e-01,9.085391633158141e-01,4.573041834209280e-02,2.491095942473412e+00,2.492336931714934e+00,1.781020464096499e-01,True,True,unmasked,True,0.0204
0.0204,0.0204,0.0204,2,8.529316701934294e-01,-8.529316701934294e-01,9.085168321036287e-01,4.574158394818559e-02,2.491064361370275e+00,2.492304370043568e+00,1.780165716122141e-01,True,True,unmasked,True,0.0204
0.0205,0.0205,0.0205,1,8.522553189379548e-01,-8.522553189379548e-01,9.081089865289999e-01,4.594550673549999e-02,2.489531075508861e+00,2.490783860613170e+00,1.753513508151582e-01,True,True,unmasked,True,0.0205
0.0205,0.0205,0.0205,2,8.522553189379549e-01,-8.522553189379549e-01,9.080863268357773e-01,4.595683658211111e-02,2.489499029863387e+00,2.490750815030784e+00,1.752647701733387e-01,True,True,unmasked,True,0.0205
0.0206,0.0206,0.0206,1,8.515793890542690e-01,-8.515793890542690e-01,9.076789844007280e-01,4.616050779963592e-02,2.487967051458488e+00,2.489231684343407e+00,1.726069916896950e-01,True,True,unmasked,True,0.0206
0.0206,0.0206,0.0206,2,8.515793890542689e-01,-8.515793890542689e-01,9.076559930361231e-01,4.617200348193851e-02,2.487934536758846e+00,2.489198150052689e+00,1.725192966609389e-01,True,True,unmasked,True,0.0206
0.0207,0.0207,0.0207,1,8.509038803491314e-01,-8.509038803491314e-01,9.072491568945419e-01,4.637542155272877e-02,2.486403869997452e+00,2.487680402526873e+00,1.698689385893670e-01,True,True,unmasked,True,0.0207
0.0207,0.0207,0.0207,2,8.509038803491317e-01,-8.509038803491317e-01,9.072258306530845e-01,4.638708467345757e-02,2.486370881710424e+00,2.487646374706332e+00,1.697801206116744e-01,True,True,unmasked,True,0.0207
0.0208,0.0208,0.0208,1,8.502287926293638e-01,-8.502287926293638e-01,9.068195039739899e-01,4.659024801300477e-02,2.484841530801007e+00,2.486130014784922e+00,1.671371613554892e-01,True,True,unmasked,True,0.0208
0.0208,0.0208,0.0208,2,8.502287926293635e-01,-8.502287926293635e-01,9.067958396350915e-01,4.660208018245400e-02,2.484808064371992e+00,2.486095488588880e+00,1.670472118475173e-01,True,True,unmasked,True,0.0208
0.0209,0.0209,0.0209,1,8.495541257018422e-01,-8.495541257018422e-01,9.063900256026233e-01,4.680498719868788e-02,2.483280033544489e+00,2.484580520739021e+00,1.644116301104868e-01,True,True,unmasked,True,0.0209
0.0209,0.0209,0.0209,2,8.495541257018420e-01,-8.495541257018420e-01,9.063660199305810e-01,4.681699003470912e-02,2.483246084397512e+00,2.484545491297613e+00,1.643205404716580e-01,True,True,unmasked,True,0.0209
0.021,0.021,0.021,1,8.488798793735032e-01,-8.488798793735032e-01,9.059607217439991e-01,4.701963912799995e-02,2.481719377903326e+00,2.483031920010761e+00,1.616923152539093e-01,True,True,unmasked,True,0.021
0.021,0.021,0.021,2,8.488798793735034e-01,-8.488798793735034e-01,9.059363714879989e-01,4.703181425599996e-02,2.481684941441044e+00,2.482996382429918e+00,1.616000768645155e-01,True,True,unmasked,True,0.021
0.0211,0.0211,0.0211,1,8.482060534513403e-01,-8.482060534513403e-01,9.055315923616778e-01,4.723420381916077e-02,2.480159563553034e+00,2.481484212221850e+00,1.589791874584965e-01,True,True,unmasked,True,0.0211
0.0211,0.0211,0.0211,2,8.482060534513403e-01,-8.482060534513403e-01,9.055068942558004e-01,4.724655287209935e-02,2.480124635156737e+00,2.481448161583299e+00,1.588857916798007e-01,True,True,unmasked,True,0.0211
0.0212,0.0212,0.0212,1,8.475326477424050e-01,-8.475326477424050e-01,9.051026374192238e-01,4.744868129038790e-02,2.478600590169212e+00,2.479937396994115e+00,1.562722176663278e-01,True,True,unmasked,True,0.0212
0.0212,0.0212,0.0212,2,8.475326477424051e-01,-8.475326477424051e-01,9.050775881824480e-01,4.746120590877584e-02,2.478565165198837e+00,2.479900828355367e+00,1.561776558406702e-01,True,True,unmasked,True,0.0212
0.0213,0.0213,0.0213,1,8.468596620538063e-01,-8.468596620538063e-01,9.046738568802063e-01,4.766307155989680e-02,2.477042457427553e+00,2.478391473949501e+00,1.535713770850465e-01,True,True,unmasked,True,0.0213
0.0213,0.0213,0.0213,2,8.468596620538063e-01,-8.468596620538063e-01,9.046484532164125e-01,4.767577339179359e-02,2.477006531221681e+00,2.478354382343845e+00,1.534756405359434e-01,True,True,unmasked,True,0.0213
0.0214,0.0214,0.0214,1,8.461870961927115e-01,-8.461870961927115e-01,9.042452507081983e-01,4.787737464590078e-02,2.475485165003833e+00,2.476846442710073e+00,1.508766371841473e-01,True,True,unmasked,True,0.0214
0.0214,0.0214,0.0214,2,8.461870961927113e-01,-8.461870961927113e-01,9.042194893061747e-01,4.789025534691270e-02,2.475448732879705e+00,2.476808823146568e+00,1.507797172163992e-01,True,True,unmasked,True,0.0214
0.0215,0.0215,0.0215,1,8.455149499663459e-01,-8.455149499663459e-01,9.038168188667779e-01,4.809159056661108e-02,2.473928712573919e+00,2.475302302898015e+00,1.481879696913436e-01,True,True,unmasked,True,0.0215
0.0215,0.0215,0.0215,2,8.455149499663460e-01,-8.455149499663460e-01,9.037906964002219e-01,4.810465179988888e-02,2.473891769827433e+00,2.475264150361485e+00,1.480898575911309e-01,True,True,unmasked,True,0.0215
0.0216,0.0216,0.0216,1,8.448432231819930e-01,-8.448432231819930e-01,9.033885613195266e-01,4.830571934023681e-02,2.472373099813767e+00,2.473759054135631e+00,1.455053465889882e-01,True,True,unmasked,True,0.0216
0.0216,0.0216,0.0216,2,8.448432231819930e-01,-8.448432231819930e-01,9.033620744470526e-01,4.831896277647357e-02,2.472335641719489e+00,2.473720363586653e+00,1.454060336239776e-01,True,True,unmasked,True,0.0216
0.0217,0.0217,0.0217,1,8.441719156469935e-01,-8.441719156469935e-01,9.029604780300304e-01,4.851976098498480e-02,2.470818326399416e+00,2.472216696045341e+00,1.428287401105728e-01,True,True,unmasked,True,0.0217
0.0217,0.0217,0.0217,2,8.441719156469935e-01,-8.441719156469935e-01,9.029336233951719e-01,4.853318830241406e-02,2.470780348210587e+00,2.472177462420244e+00,1.427282175300159e-01,True,True,unmasked,True,0.0217
0.0218,0.0218,0.0218,1,8.435010271687460e-01,-8.435010271687460e-01,9.025325689618798e-01,4.873371551905989e-02,2.469264392006998e+00,2.470675228249686e+00,1.401581227372861e-01,True,True,unmasked,True,0.0218
0.0218,0.0218,0.0218,2,8.435010271687460e-01,-8.435010271687460e-01,9.025053431930931e-01,4.874732840345312e-02,2.469225888955534e+00,2.470635446460535e+00,1.400563817721183e-01,True,True,unmasked,True,0.0218
0.0219,0.0219,0.0219,1,8.428305575547086e-01,-8.428305575547086e-01,9.021048340786703e-01,4.894758296066480e-02,2.467711296312732e+00,2.469134650371329e+00,1.374934671946355e-01,True,True,unmasked,True,0.0219
0.0219,0.0219,0.0219,2,8.428305575547086e-01,-8.428305575547086e-01,9.020772337893412e-01,4.896138310532963e-02,2.467672263609238e+00,2.469094315305927e+00,1.373904990575811e-01,True,True,unmasked,True,0.0219
0.022,0.022,0.022,1,8.421605066123939e-01,-8.421605066123939e-01,9.016772733439994e-01,4.916136332799997e-02,2.466159038992920e+00,2.467594962033043e+00,1.348347464491250e-01,True,True,unmasked,True,0.022
0.022,0.022,0.022,2,8.421605066123938e-01,-8.421605066123938e-01,9.016492951324433e-01,4.917535243377774e-02,2.466119471826687e+00,2.467554068554913e+00,1.347305423347872e-01,True,True,unmasked,True,0.022
0.0221,0.0221,0.0221,1,8.414908741493772e-01,-8.414908741493772e-01,9.012498867214718e-01,4.937505663926389e-02,2.464607619723961e+00,2.466056162857731e+00,1.321819337050107e-01,True,True,unmasked,True,0.0221
0.0221,0.0221,0.0221,2,8.414908741493772e-01,-8.414908741493772e-01,9.012215271709438e-01,4.938923641452782e-02,2.464567513262982e+00,2.466014705806120e+00,1.320764847899831e-01,True,True,unmasked,True,0.0221
0.0222,0.0222,0.0222,1,8.408216599732877e-01,-8.408216599732877e-01,9.008226741746949e-01,4.958866291265282e-02,2.463057038182336e+00,2.464518252468407e+00,1.295350024010911e-01,True,True,unmasked,True,0.0222
0.0222,0.0222,0.0222,2,8.408216599732875e-01,-8.408216599732875e-01,9.007939298533889e-01,4.960303507330564e-02,2.463016387573303e+00,2.464476226658271e+00,1.294282998440440e-01,True,True,unmasked,True,0.0222
0.0223,0.0223,0.0223,1,8.401528638918115e-01,-8.401528638918115e-01,9.003956356672778e-01,4.980218216636077e-02,2.461507294044605e+00,2.462981230488202e+00,1.268939262075607e-01,True,True,unmasked,True,0.0223
0.0223,0.0223,0.0223,2,8.401528638918114e-01,-8.401528638918114e-01,9.003665031283341e-01,4.981674843583268e-02,2.461466094412925e+00,2.462938630710199e+00,1.267859611493501e-01,True,True,unmasked,True,0.0223
0.0224,0.0224,0.0224,1,8.394844857126980e-01,-8.394844857126980e-01,8.999687711628397e-01,5.001561441857989e-02,2.459958386987436e+00,2.461445096540376e+00,1.242586790229570e-01,True,True,unmasked,True,0.0224
0.0224,0.0224,0.0224,2,8.394844857126976e-01,-8.394844857126976e-01,8.999392469443463e-01,5.003037652782645e-02,2.459916633437224e+00,2.461401917560860e+00,1.241494425867106e-01,True,True,unmasked,True,0.0224
0.0225,0.0225,0.0225,1,8.388165252437505e-01,-8.388165252437505e-01,8.995420806250004e-01,5.022895968750002e-02,2.458410316687573e+00,2.459909850248301e+00,1.216292349710959e-01,True,True,unmasked,True,0.0225
0.0225,0.0225,0.0225,2,8.388165252437505e-01,-8.388165252437505e-01,8.995121612500003e-01,5.024391937500000e-02,2.458368004301670e+00,2.459866086809317e+00,1.215187182623210e-01,True,True,unmasked,True,0.0225
0.0226,0.0226,0.0226,1,8.381489822928287e-01,-8.381489822928287e-01,8.991155640173825e-01,5.044221799130880e-02,2.456863082821843e+00,2.458375491235463e+00,1.190055683981067e-01,True,True,unmasked,True,0.0226
0.0226,0.0226,0.0226,2,8.381489822928286e-01,-8.381489822928286e-01,8.990852459938755e-01,5.045737700306202e-02,2.456820206661814e+00,2.458331138054735e+00,1.188937625047776e-01,True,True,unmasked,True,0.0226
0.0227,0.0227,0.0227,1,8.374818566678535e-01,-8.374818566678535e-01,8.986892213036162e-01,5.065538934819191e-02,2.455316685067168e+00,2.456842019125475e+00,1.163876538695191e-01,True,True,unmasked,True,0.0227
0.0227,0.0227,0.0227,2,8.374818566678536e-01,-8.374818566678536e-01,8.986585011245654e-01,5.067074943771716e-02,2.455273240173316e+00,2.456797070896402e+00,1.162745498621822e-01,True,True,unmasked,True,0.0227
0.0228,0.0228,0.0228,1,8.368151481768022e-01,-8.368151481768022e-01,8.982630524473337e-01,5.086847377633276e-02,2.453771123100559e+00,2.455309433542066e+00,1.137754661673834e-01,True,True,unmasked,True,0.0228
0.0228,0.0228,0.0228,2,8.368151481768024e-01,-8.368151481768024e-01,8.982319265906680e-01,5.088403670466553e-02,2.453727104491922e+00,2.455263884933713e+00,1.136610550992442e-01,True,True,unmasked,True,0.0228
0.0229,0.0229,0.0229,1,8.361488566277108e-01,-8.361488566277108e-01,8.978370574121732e-01,5.108147129391274e-02,2.452226396599111e+00,2.453777734109084e+00,1.111689802874483e-01,True,True,unmasked,True,0.0229
0.0229,0.0229,0.0229,2,8.361488566277108e-01,-8.361488566277108e-01,8.978055223407926e-01,5.109723882960333e-02,2.452181799273474e+00,2.453731579766175e+00,1.110532531944732e-01,True,True,unmasked,True,0.0229
0.023,0.023,0.023,1,8.354829818286720e-01,-8.354829818286720e-01,8.974112361617779e-01,5.129438191911113e-02,2.450682505240013e+00,2.452246920450499e+00,1.085681714363911e-01,True,True,unmasked,True,0.023
0.023,0.023,0.023,2,8.354829818286723e-01,-8.354829818286723e-01,8.973792883235558e-01,5.131035583822224e-02,2.450637324173911e+00,2.452200154993406e+00,1.084511193373985e-01,True,True,unmasked,True,0.023
0.0231,0.0231,0.0231,1,8.348175235878353e-01,-8.348175235878353e-01,8.969855886597901e-01,5.150720567010478e-02,2.449139448700527e+00,2.450716992190388e+00,1.059730150290831e-01,True,True,unmasked,True,0.0231
0.0231,0.0231,0.0231,2,8.348175235878352e-01,-8.348175235878352e-01,8.969532244875806e-01,5.152338775620958e-02,2.449093678849253e+00,2.450669610215130e+00,1.058546289258374e-01,True,True,unmasked,True,0.0231
0.0232,0.0232,0.0232,1,8.341524817134102e-01,-8.341524817134102e-01,8.965601148698621e-01,5.171994256506877e-02,2.447597226658019e+00,2.449187948952960e+00,1.033834866859298e-01,True,True,unmasked,True,0.0232
0.0232,0.0232,0.0232,2,8.341524817134099e-01,-8.341524817134099e-01,8.965273307815027e-01,5.173633460924870e-02,2.447550862955630e+00,2.449139945031191e+00,1.032637575632392e-01,True,True,unmasked,True,0.0232
0.0233,0.0233,0.0233,1,8.334878560136628e-01,-8.334878560136628e-01,8.961348147556484e-01,5.193259262217594e-02,2.446055838789935e+00,2.447659790362535e+00,1.007995622302266e-01,True,True,unmasked,True,0.0233
0.0233,0.0233,0.0233,2,8.334878560136629e-01,-8.334878560136629e-01,8.961016071539635e-01,5.194919642301851e-02,2.446008876149258e+00,2.447611159041541e+00,1.006784810560337e-01,True,True,unmasked,True,0.0233
0.0234,0.0234,0.0234,1,8.328236462969160e-01,-8.328236462969160e-01,8.957096882808054e-01,5.214515585959675e-02,2.444515284773804e+00,2.446132516043551e+00,9.822121768556924e-02,True,True,unmasked,True,0.0234
0.0234,0.0234,0.0234,2,8.328236462969159e-01,-8.328236462969159e-01,8.956760535536124e-01,5.216197322319355e-02,2.444467718086441e+00,2.446083251846236e+00,9.809877541104461e-02,True,True,unmasked,True,0.0234
0.0235,0.0235,0.0235,1,8.321598523715542e-01,-8.321598523715542e-01,8.952847354090004e-01,5.235763229550003e-02,2.442975564287261e+00,2.444606125620576e+00,9.564842927333528e-02,True,True,unmasked,True,0.0235
0.0235,0.0235,0.0235,2,8.321598523715544e-01,-8.321598523715544e-01,8.952506699291114e-01,5.237466503544447e-02,2.442927388423593e+00,2.444556223045459e+00,9.552461683296698e-02,True,True,unmasked,True,0.0235
0.0236,0.0236,0.0236,1,8.314964740460143e-01,-8.314964740460143e-01,8.948599561038965e-01,5.257002194805192e-02,2.441436677008004e+00,2.443080618718279e+00,9.308117341014366e-02,True,True,unmasked,True,0.0236
0.0236,0.0236,0.0236,2,8.314964740460145e-01,-8.314964740460145e-01,8.948254562291258e-01,5.258727188543713e-02,2.441387886817204e+00,2.443030072239486e+00,9.295598172183783e-02,True,True,unmasked,True,0.0236
0.0237,0.0237,0.0237,1,8.308335111287940e-01,-8.308335111287940e-01,8.944353503291654e-01,5.278232483541674e-02,2.439898622613834e+00,2.441555994961456e+00,9.051942670543489e-02,True,True,unmasked,True,0.0237
0.0237,0.0237,0.0237,2,8.308335111287940e-01,-8.308335111287940e-01,8.944004124023319e-01,5.279979379883355e-02,2.439849212923865e+00,2.441504799028715e+00,9.039284667059733e-02,True,True,unmasked,True,0.0237
0.0238,0.0238,0.0238,1,8.301709634284508e-01,-8.301709634284508e-01,8.940109180484865e-01,5.299454097575682e-02,2.438361400782645e+00,2.440032253975033e+00,8.796316595904674e-02,True,True,unmasked,True,0.0238
0.0238,0.0238,0.0238,2,8.301709634284510e-01,-8.301709634284510e-01,8.939755383974175e-01,5.301223080129140e-02,2.438311366400272e+00,2.439980403013660e+00,8.783518846268257e-02,True,True,unmasked,True,0.0238
0.0239,0.0239,0.0239,1,8.295088307535939e-01,-8.295088307535939e-01,8.935866592255359e-01,5.320667038723190e-02,2.436825011192399e+00,2.438509395384032e+00,8.541236815881481e-02,True,True,unmasked,True,0.0239
0.0239,0.0239,0.0239,2,8.295088307535938e-01,-8.295088307535938e-01,8.935508341630720e-01,5.322458291846378e-02,2.436774346903190e+00,2.438456883794927e+00,8.528298406961377e-02,True,True,unmasked,True,0.0239
0.024,0.024,0.024,1,8.288471129128961e-01,-8.288471129128961e-01,8.931625738240002e-01,5.341871308800000e-02,2.435289453521163e+00,2.436987418813610e+00,8.286701047827283e-02,True,True,unmasked,True,0.024
0.024,0.024,0.024,2,8.288471129128964e-01,-8.288471129128964e-01,8.931262996480007e-01,5.343685017599999e-02,2.435238154089501e+00,2.436934240973255e+00,8.273621064870285e-02,True,True,unmasked,True,0.024
0.0241,0.0241,0.0241,1,8.281858097150837e-01,-8.281858097150837e-01,8.927386618075663e-01,5.363066909621679e-02,2.433754727447083e+00,2.435466323889036e+00,8.032707027432517e-02,True,True,unmasked,True,0.0241
0.0241,0.0241,0.0241,2,8.281858097150837e-01,-8.281858097150837e-01,8.927019348009100e-01,5.364903259954468e-02,2.433702787616164e+00,2.435412474149475e+00,8.019484554072021e-02,True,True,unmasked,True,0.0241
0.0242,0.0242,0.0242,1,8.275249209689439e-01,-8.275249209689439e-01,8.923149231399278e-01,5.384253843003589e-02,2.432220832648396e+00,2.433946110235699e+00,7.779252508501133e-02,True,True,unmasked,True,0.0242
0.0242,0.0242,0.0242,2,8.275249209689438e-01,-8.275249209689438e-01,8.922777395705226e-01,5.386113021473847e-02,2.432168247140245e+00,2.433891582924546e+00,7.765886626766616e-02,True,True,unmasked,True,0.0242
0.0243,0.0243,0.0243,1,8.268644464833196e-01,-8.268644464833196e-01,8.918913577847828e-01,5.405432110760883e-02,2.430687768803427e+00,2.432426777479108e+00,7.526335262726935e-02,True,True,unmasked,True,0.0243
0.0243,0.0243,0.0243,2,8.268644464833192e-01,-8.268644464833192e-01,8.918537139055651e-01,5.407314304721762e-02,2.430634532318896e+00,2.432371566899527e+00,7.512825053052097e-02,True,True,unmasked,True,0.0243
0.0244,0.0244,0.0244,1,8.262043860671109e-01,-8.262043860671109e-01,8.914679657058301e-01,5.426601714708481e-02,2.429155535590582e+00,2.430908325244885e+00,7.273953079474726e-02,True,True,unmasked,True,0.0244
0.0244,0.0244,0.0244,2,8.262043860671111e-01,-8.262043860671111e-01,8.914298577547717e-01,5.428507112261406e-02,2.429101642809362e+00,2.430852425675590e+00,7.260297620707401e-02,True,True,unmasked,True,0.0244
0.0245,0.0245,0.0245,1,8.255447395292780e-01,-8.255447395292780e-01,8.910447468667776e-01,5.447762656661113e-02,2.427624132688367e+00,2.429390753158778e+00,7.022103765567655e-02,True,True,unmasked,True,0.0245
0.0245,0.0245,0.0245,2,8.255447395292778e-01,-8.255447395292778e-01,8.910061710668894e-01,5.449691446655554e-02,2.427569578268986e+00,2.429334158854020e+00,7.008302134977440e-02,True,True,unmasked,True,0.0245
0.0246,0.0246,0.0246,1,8.248855066788366e-01,-8.248855066788366e-01,8.906217012313347e-01,5.468914938433283e-02,2.426093559775365e+00,2.427874060846647e+00,6.770785145072855e-02,True,True,unmasked,True,0.0246
0.0246,0.0246,0.0246,2,8.248855066788368e-01,-8.248855066788368e-01,8.905826537906688e-01,5.470867310466559e-02,2.426038338355200e+00,2.427816766036211e+00,6.756836418360879e-02,True,True,unmasked,True,0.0246
0.0247,0.0247,0.0247,1,8.242266873248610e-01,-8.242266873248610e-01,8.901988287632148e-01,5.490058561839282e-02,2.424563816530250e+00,2.426358247934475e+00,6.519995059095296e-02,True,True,unmasked,True,0.0247
0.0247,0.0247,0.0247,2,8.242266873248610e-01,-8.242266873248610e-01,8.901593058748734e-01,5.492034706256339e-02,2.424507922725533e+00,2.426300246823670e+00,6.505898310402625e-02,True,True,unmasked,True,0.0247
0.0248,0.0248,0.0248,1,8.235682812764825e-01,-8.235682812764825e-01,8.897761294261358e-01,5.511193528693190e-02,2.423034902631781e+00,2.424843314048357e+00,6.269731365572118e-02,True,True,unmasked,True,0.0248
0.0248,0.0248,0.0248,2,8.235682812764824e-01,-8.235682812764824e-01,8.897361272682721e-01,5.513193636586382e-02,2.422978331037606e+00,2.424784600818013e+00,6.255485667488647e-02,True,True,unmasked,True,0.0248
0.0249,0.0249,0.0249,1,8.229102883428903e-01,-8.229102883428903e-01,8.893536031838216e-01,5.532319840808878e-02,2.421506817758810e+00,2.423329258814514e+00,6.019991939072122e-02,True,True,unmasked,True,0.0249
0.0249,0.0249,0.0249,2,8.229102883428905e-01,-8.229102883428905e-01,8.893131179196443e-01,5.534344104017756e-02,2.421449562949134e+00,2.423269827620967e+00,6.005596362645227e-02,True,True,unmasked,True,0.0249
0.025,0.025,0.025,1,8.222527083333330e-01,-8.222527083333330e-01,8.889312500000000e-01,5.553437499999998e-02,2.419979561590277e+00,2.421816081859284e+00,5.770774670597179e-02,True,True,unmasked,True,0.025
0.025,0.025,0.025,2,8.222527083333331e-01,-8.222527083333331e-01,8.888902777777774e-01,5.555486111111110e-02,2.419921618117929e+00,2.421755926834375e+00,5.756228285339993e-02,True,True,unmasked,True,0.025
0.0251,0.0251,0.0251,1,8.215955410571137e-01,-8.215955410571137e-01,8.885090698384006e-01,5.574546508079992e-02,2.418453133805201e+00,2.420303782809118e+00,5.522077467386433e-02,True,True,unmasked,True,0.0251
0.0251,0.0251,0.0251,2,8.215955410571137e-01,-8.215955410571137e-01,8.884676067914672e-01,5.576619660426652e-02,2.418394496201890e+00,2.420242898060183e+00,5.507379341287266e-02,True,True,unmasked,True,0.0251
0.0252,0.0252,0.0252,1,8.209387863235937e-01,-8.209387863235937e-01,8.880870626627585e-01,5.595646866862078e-02,2.416927534082692e+00,2.418792361290585e+00,5.273898252725218e-02,True,True,unmasked,True,0.0252
0.0252,0.0252,0.0252,2,8.209387863235936e-01,-8.209387863235936e-01,8.880451049095164e-01,5.597744754524157e-02,2.416868196859010e+00,2.418730740900449e+00,5.259047452255361e-02,True,True,unmasked,True,0.0252
0.0253,0.0253,0.0253,1,8.202824439421944e-01,-8.202824439421944e-01,8.876652284368139e-01,5.616738578159277e-02,2.415402762101953e+00,2.417281816930381e+00,5.026234965756615e-02,True,True,unmasked,True,0.0253
0.0253,0.0253,0.0253,2,8.202824439421944e-01,-8.202824439421944e-01,8.876227720807395e-01,5.618861395963001e-02,2.415342719747383e+00,2.417219454957349e+00,5.011230555879576e-02,True,True,unmasked,True,0.0253
0.0254,0.0254,0.0254,1,8.196265137223921e-01,-8.196265137223921e-01,8.872435671243123e-01,5.637821643784389e-02,2.413878817542270e+00,2.415772149355313e+00,4.779085561294572e-02,True,True,unmasked,True,0.0254
0.0254,0.0254,0.0254,2,8.196265137223920e-01,-8.196265137223920e-01,8.872006082539576e-01,5.639969587302117e-02,2.413818064525191e+00,2.415709039833163e+00,4.763926605473889e-02,True,True,unmasked,True,0.0254
0.0255,0.0255,0.0255,1,8.189709954737220e-01,-8.189709954737220e-01,8.868220786889998e-01,5.658896065550000e-02,2.412355700083015e+00,2.414263358192306e+00,4.532448009640977e-02,True,True,unmasked,True,0.0255
0.0255,0.0255,0.0255,2,8.189709954737219e-01,-8.189709954737219e-01,8.867786133780000e-01,5.661069331100002e-02,2.412294230850707e+00,2.414199495130282e+00,4.517133569849330e-02,True,True,unmasked,True,0.0255
0.0256,0.0256,0.0256,1,8.183158890057770e-01,-8.183158890057770e-01,8.864007630946309e-01,5.679961845268482e-02,2.410833409403653e+00,2.412755443068409e+00,4.286320296406576e-02,True,True,unmasked,True,0.0256
0.0256,0.0256,0.0256,2,8.183158890057769e-01,-8.183158890057769e-01,8.863567874017055e-01,5.682160629914741e-02,2.410771218382303e+00,2.412690820451213e+00,4.270849433133583e-02,True,True,unmasked,True,0.0256
0.0257,0.0257,0.0257,1,8.176611941282054e-01,-8.176611941282054e-01,8.859796203049595e-01,5.701018984751988e-02,2.409311945183727e+00,2.411248403610780e+00,4.040700422331600e-02,True,True,unmasked,True,0.0257
0.0257,0.0257,0.0257,2,8.176611941282053e-01,-8.176611941282053e-01,8.859351302739199e-01,5.703243486303979e-02,2.409249026778440e+00,2.411183015398566e+00,4.025072194593082e-02,True,True,unmasked,True,0.0257
0.0258,0.0258,0.0258,1,8.170069106507160e-01,-8.170069106507160e-01,8.855586502837499e-01,5.722067485812475e-02,2.407791307102877e+00,2.409742239446704e+00,3.795586403113937e-02,True,True,unmasked,True,0.0258
0.0258,0.0258,0.0258,2,8.170069106507163e-01,-8.170069106507163e-01,8.855136419434997e-01,5.724317902824953e-02,2.407727655697677e+00,2.409676079575068e+00,3.779799868459455e-02,True,True,unmasked,True,0.0258
0.0259,0.0259,0.0259,1,8.163530383830757e-01,-8.163530383830757e-01,8.851378529947667e-01,5.743107350261682e-02,2.406271494840831e+00,2.408236950203584e+00,3.550976269235118e-02,True,True,unmasked,True,0.0259
0.0259,0.0259,0.0259,2,8.163530383830756e-01,-8.163530383830756e-01,8.850923223593106e-01,5.745383882034469e-02,2.406207104798666e+00,2.408170012583561e+00,3.535030483756707e-02,True,True,unmasked,True,0.0259
0.026,0.026,0.026,1,8.156995771351032e-01,-8.156995771351032e-01,8.847172284017770e-01,5.764138579911107e-02,2.404752508077389e+00,2.406732535508928e+00,3.306868065790769e-02,True,True,unmasked,True,0.026
0.026,0.026,0.026,2,8.156995771351031e-01,-8.156995771351031e-01,8.846711714702218e-01,5.766441426488884e-02,2.404687373740143e+00,2.406664814026981e+00,3.290762084131293e-02,True,True,unmasked,True,0.026
0.0261,0.0261,0.0261,1,8.150465267166825e-01,-8.150465267166825e-01,8.842967764685585e-01,5.785161176572082e-02,2.403234346492462e+00,2.405228994990383e+00,3.063259852326738e-02,True,True,unmasked,True,0.0261
0.0261,0.0261,0.0261,2,8.150465267166828e-01,-8.150465267166828e-01,8.842501892251171e-01,5.787490538744161e-02,2.403168462180954e+00,2.405160483508395e+00,3.046992727687947e-02,True,True,unmasked,True,0.0261
0.0262,0.0262,0.0262,1,8.143938869377482e-01,-8.143938869377482e-01,8.838764971588855e-01,5.806175142055676e-02,2.401717009766024e+00,2.403726328275692e+00,2.820149702671149e-02,True,True,unmasked,True,0.0262
0.0262,0.0262,0.0262,2,8.143938869377482e-01,-8.143938869377482e-01,8.838293755728832e-01,5.808531221355803e-02,2.401650369780019e+00,2.403657020630960e+00,2.803720486821959e-02,True,True,unmasked,True,0.0262
0.0263,0.0263,0.0263,1,8.137416576082972e-01,-8.137416576082972e-01,8.834563904365438e-01,5.827180478172789e-02,2.400200497578158e+00,2.402224534992735e+00,2.577535704776501e-02,True,True,unmasked,True,0.0263
0.0263,0.0263,0.0263,2,8.137416576082972e-01,-8.137416576082972e-01,8.834087304624213e-01,5.829563476878913e-02,2.400133096196371e+00,2.402154424997965e+00,2.560943448061381e-02,True,True,unmasked,True,0.0263
0.0264,0.0264,0.0264,1,8.130898385383829e-01,-8.130898385383829e-01,8.830364562653186e-01,5.848177186734083e-02,2.398684809609021e+00,2.400723614769501e+00,2.335415960557707e-02,True,True,unmasked,True,0.0264
0.0264,0.0264,0.0264,2,8.130898385383828e-01,-8.130898385383828e-01,8.829882538426376e-01,5.850587307868164e-02,2.398616641089126e+00,2.400652696212798e+00,2.318659711904680e-02,True,True,unmasked,True,0.0264
0.0265,0.0265,0.0265,1,8.124384295381131e-01,-8.124384295381131e-01,8.826166946090005e-01,5.869165269550002e-02,2.397169945538858e+00,2.399223567234094e+00,2.093788585736300e-02,True,True,unmasked,True,0.0265
0.0265,0.0265,0.0265,2,8.124384295381131e-01,-8.124384295381131e-01,8.825679456624447e-01,5.871602716877782e-02,2.397101004117488e+00,2.399151833878951e+00,2.076867392664994e-02,True,True,unmasked,True,0.0265
0.0266,0.0266,0.0266,1,8.117874304176562e-01,-8.117874304176562e-01,8.821971054313840e-01,5.890144728430791e-02,2.395655905048005e+00,2.397724392014740e+00,1.852651709686337e-02,True,True,unmasked,True,0.0266
0.0266,0.0266,0.0266,2,8.117874304176562e-01,-8.117874304176562e-01,8.821478058707681e-01,5.892609706461584e-02,2.395586184940763e+00,2.397651837600039e+00,1.835564618316354e-02,True,True,unmasked,True,0.0266
0.0267,0.0267,0.0267,1,8.111368409872378e-01,-8.111368409872378e-01,8.817776886962700e-01,5.911115565186479e-02,2.394142687816886e+00,2.396226088739785e+00,1.612003475282475e-02,True,True,unmasked,True,0.0267
0.0267,0.0267,0.0267,2,8.111368409872379e-01,-8.111368409872379e-01,8.817278344165407e-01,5.913608279172954e-02,2.394072183218351e+00,2.396152706979786e+00,1.594749530341188e-02,True,True,unmasked,True,0.0267
0.0268,0.0268,0.0268,1,8.104866610571415e-01,-8.104866610571415e-01,8.813584443674627e-01,5.932077781626881e-02,2.392630293526014e+00,2.394728657037692e+00,1.371842038749427e-02,True,True,unmasked,True,0.0268
0.0268,0.0268,0.0268,2,8.104866610571412e-01,-8.104866610571412e-01,8.813080312487032e-01,5.934598437564871e-02,2.392558998609742e+00,2.394654441622021e+00,1.354420283579971e-02,True,True,unmasked,True,0.0268
0.0269,0.0269,0.0269,1,8.098368904377051e-01,-8.098368904377051e-01,8.809393724087674e-01,5.953031379561591e-02,2.391118721855978e+00,2.393232096537036e+00,1.132165569513899e-02,True,True,unmasked,True,0.0269
0.0269,0.0269,0.0269,2,8.098368904377050e-01,-8.098368904377050e-01,8.808883963162026e-01,5.955580184189849e-02,2.391046630774516e+00,2.393157041130684e+00,1.114575046083643e-02,True,True,unmasked,True,0.0269
0.027,0.027,0.027,1,8.091875289393272e-01,-8.091875289393272e-01,8.805204727839991e-01,5.973976360799994e-02,2.389607972487469e+00,2.391736406866519e+00,8.929722500610637e-03,True,True,unmasked,True,0.027
0.027,0.027,0.027,2,8.091875289393272e-01,-8.091875289393272e-01,8.804689295679993e-01,5.976553521599994e-02,2.389535079372354e+00,2.391660505109831e+00,8.752119989689167e-03,True,True,unmasked,True,0.027
0.0271,0.0271,0.0271,1,8.085385763724642e-01,-8.085385763724642e-01,8.801017454569746e-01,5.994912727151282e-02,2.388098045101260e+00,2.390241587654959e+00,6.542602757897531e-03,True,True,unmasked,True,0.0271
0.0271,0.0271,0.0271,2,8.085385763724642e-01,-8.085385763724642e-01,8.800496309530600e-01,5.997518452347006e-02,2.388024344063028e+00,2.390164833163628e+00,6.363293362744993e-03,True,True,unmasked,True,0.0271
0.0272,0.0272,0.0272,1,8.078900325476256e-01,-8.078900325476256e-01,8.796831903915120e-01,6.015840480424388e-02,2.386588939378203e+00,2.388747638531281e+00,4.160278548708707e-03,True,True,unmasked,True,0.0272
0.0272,0.0272,0.0272,2,8.078900325476254e-01,-8.078900325476254e-01,8.796305004203575e-01,6.018474978982114e-02,2.386514424506395e+00,2.388670024896341e+00,3.979252648190656e-03,True,True,unmasked,True,0.0272
0.0273,0.0273,0.0273,1,8.072418972753823e-01,-8.072418972753823e-01,8.792648075514378e-01,6.036759622428077e-02,2.385080654999247e+00,2.387254559124540e+00,1.782732081099248e-03,True,True,unmasked,True,0.0273
0.0273,0.0273,0.0273,2,8.072418972753822e-01,-8.072418972753822e-01,8.792115379188762e-01,6.039423104056157e-02,2.385005320362415e+00,2.387176079912359e+00,1.599980040636884e-03,True,True,unmasked,True,0.0273
0.0274,0.0274,0.0274,1,8.065941703663631e-01,-8.065941703663631e-01,8.788465969005826e-01,6.057670154970880e-02,2.383573191645430e+00,2.385762349063910e+00,-5.900543119063961e-04,True,True,unmasked,True,0.0274
0.0274,0.0274,0.0274,2,8.065941703663632e-01,-8.065941703663632e-01,8.787927433976098e-01,6.060362830119542e-02,2.383497031291145e+00,2.385682997816180e+00,-7.745421402579611e-04,True,True,unmasked,True,0.0274
0.0275,0.0275,0.0275,1,8.059468516312502e-01,-8.059468516312502e-01,8.784285584027776e-01,6.078572079861111e-02,2.382066548997865e+00,2.384271007978671e+00,-2.958098173680423e-03,True,True,unmasked,True,0.0275
0.0275,0.0275,0.0275,2,8.059468516312502e-01,-8.059468516312502e-01,8.783741168055554e-01,6.081294159722224e-02,2.381989556952717e+00,2.384190778212401e+00,-3.144331451155002e-03,True,True,unmasked,True,0.0275
0.0276,0.0276,0.0276,1,8.052999408807860e-01,-8.052999408807860e-01,8.780106920218617e-01,6.099465398906875e-02,2.380560726737762e+00,2.382780535498228e+00,-5.321416925300082e-03,True,True,unmasked,True,0.0276
0.0276,0.0276,0.0276,2,8.052999408807859e-01,-8.052999408807859e-01,8.779556580917240e-01,6.102217095413757e-02,2.380482897007371e+00,2.382699420705742e+00,-5.509405326341588e-03,True,True,unmasked,True,0.0276
0.0277,0.0277,0.0277,1,8.046534379257714e-01,-8.046534379257714e-01,8.775929977216784e-01,6.120350113916079e-02,2.379055724546422e+00,2.381290931252110e+00,-7.680027866868167e-03,True,True,unmasked,True,0.0277
0.0277,0.0277,0.0277,2,8.046534379257714e-01,-8.046534379257714e-01,8.775373672051345e-01,6.123131639743272e-02,2.378977051115443e+00,2.381208924901032e+00,-7.869781079053562e-03,True,True,unmasked,True,0.0277
0.0278,0.0278,0.0278,1,8.040073425770607e-01,-8.040073425770607e-01,8.771754754660712e-01,6.141226226696384e-02,2.377551542105216e+00,2.379802194869948e+00,-1.003394817882197e-02,True,True,unmasked,True,0.0278
0.0278,0.0278,0.0278,2,8.040073425770609e-01,-8.040073425770609e-01,8.771192440948101e-01,6.144037795259446e-02,2.377472018937349e+00,2.379719290403201e+00,-1.022547590278133e-02,True,True,unmasked,True,0.0278
0.0279,0.0279,0.0279,1,8.033616546455711e-01,-8.033616546455711e-01,8.767581252188945e-01,6.162093739055279e-02,2.376048179095626e+00,2.378314325981509e+00,-1.238319492317430e-02,True,True,unmasked,True,0.0279
0.0279,0.0279,0.0279,2,8.033616546455712e-01,-8.033616546455712e-01,8.767012887097887e-01,6.164935564510558e-02,2.375967800133611e+00,2.378230516817303e+00,-1.257650687252043e-02,True,True,unmasked,True,0.0279
0.028,0.028,0.028,1,8.027163739422717e-01,-8.027163739422717e-01,8.763409469439998e-01,6.182952652799997e-02,2.374545635199198e+00,2.376827324216663e+00,-1.472778504480887e-02,True,True,unmasked,True,0.028
0.028,0.028,0.028,2,8.027163739422718e-01,-8.027163739422718e-01,8.762835009991106e-01,6.185824950044442e-02,2.374464394364833e+00,2.376742603748490e+00,-1.492289094605437e-02,True,True,unmasked,True,0.028
0.0281,0.0281,0.0281,1,8.020715002781916e-01,-8.020715002781916e-01,8.759239406052473e-01,6.203802969737587e-02,2.373043910097580e+00,2.375341189205402e+00,-1.706773537268880e-02,True,True,unmasked,True,0.0281
0.0281,0.0281,0.0281,2,8.020715002781917e-01,-8.020715002781917e-01,8.758658809118290e-01,6.206705954408512e-02,2.372961801291721e+00,2.375255550802030e+00,-1.726464496517266e-02,True,True,unmasked,True,0.0281
0.0282,0.0282,0.0282,1,8.014270334644182e-01,-8.014270334644182e-01,8.755071061665024e-01,6.224644691674878e-02,2.371543003472505e+00,2.373855920577844e+00,-1.940306262108960e-02,True,True,unmasked,True,0.0282
0.0282,0.0282,0.0282,2,8.014270334644185e-01,-8.014270334644185e-01,8.754484283970045e-01,6.227578580149757e-02,2.371460020575072e+00,2.373769357583304e+00,-1.960178565690196e-02,True,True,unmasked,True,0.0282
0.0283,0.0283,0.0283,1,8.007829733120940e-01,-8.007829733120940e-01,8.750904435916302e-01,6.245477820418480e-02,2.370042915005787e+00,2.372371517964211e+00,-2.173378339080656e-02,True,True,unmasked,True,0.0283
0.0283,0.0283,0.0283,2,8.007829733120939e-01,-8.007829733120939e-01,8.750311434037050e-01,6.248442829814737e-02,2.369959051875771e+00,2.372284023697798e+00,-2.193432963471242e-02,True,True,unmasked,True,0.0283
0.0284,0.0284,0.0284,1,8.001393196324198e-01,-8.001393196324198e-01,8.746739528445043e-01,6.266302357774792e-02,2.368543644379332e+00,2.370887980994852e+00,-2.405991417033548e-02,True,True,unmasked,True,0.0284
0.0284,0.0284,0.0284,2,8.001393196324197e-01,-8.001393196324197e-01,8.746140258810082e-01,6.269298705949580e-02,2.368458894854804e+00,2.370799548751110e+00,-2.426229339969743e-02,True,True,unmasked,True,0.0284
0.0285,0.0285,0.0285,1,7.994960722366545e-01,-7.994960722366545e-01,8.742576338890002e-01,6.287118305550000e-02,2.367045191275133e+00,2.369405309300231e+00,-2.638147133704205e-02,True,True,unmasked,True,0.0285
0.0285,0.0285,0.0285,2,7.994960722366544e-01,-7.994960722366544e-01,8.741970757780002e-01,6.290146211100001e-02,2.366959549173244e+00,2.369315932348951e+00,-2.658569334174876e-02,True,True,unmasked,True,0.0285
0.0286,0.0286,0.0286,1,7.988532309361116e-01,-7.988532309361116e-01,8.738414866889979e-01,6.307925665550076e-02,2.365547555375264e+00,2.367923502510926e+00,-2.869847115832658e-02,True,True,unmasked,True,0.0286
0.0286,0.0286,0.0286,2,7.988532309361114e-01,-7.988532309361114e-01,8.737802930437744e-01,6.310985347811267e-02,2.365461014492257e+00,2.367833174097135e+00,-2.890454574071533e-02,True,True,unmasked,True,0.0286
0.0287,0.0287,0.0287,1,7.982107955421665e-01,-7.982107955421665e-01,8.734255112083841e-01,6.328724439580789e-02,2.364050736361900e+00,2.366442560257641e+00,-3.101092979274123e-02,True,True,unmasked,True,0.0287
0.0287,0.0287,0.0287,2,7.982107955421662e-01,-7.982107955421662e-01,8.733636776274349e-01,6.331816118628245e-02,2.363963290473111e+00,2.366351273601598e+00,-3.121886676752506e-02,True,True,unmasked,True,0.0287
0.0288,0.0288,0.0288,1,7.975687658662475e-01,-7.975687658662475e-01,8.730097074110466e-01,6.349514629447681e-02,2.362554733917289e+00,2.364962482171191e+00,-3.331886329113587e-02,True,True,unmasked,True,0.0288
0.0288,0.0288,0.0288,2,7.975687658662475e-01,-7.975687658662475e-01,8.729472294780924e-01,6.352638526095364e-02,2.362466376777156e+00,2.364870230468375e+00,-3.352867248532854e-02,True,True,unmasked,True,0.0288
0.0289,0.0289,0.0289,1,7.969271417198420e-01,-7.969271417198420e-01,8.725940752608777e-01,6.370296236956076e-02,2.361059547723769e+00,2.363483267882507e+00,-3.562228759775166e-02,True,True,unmasked,True,0.0289
0.0289,0.0289,0.0289,2,7.969271417198421e-01,-7.969271417198421e-01,8.725309485448675e-01,6.373452572756601e-02,2.360970273065839e+00,2.363390044303617e+00,-3.583397885059214e-02,True,True,unmasked,True,0.0289
0.029,0.029,0.029,1,7.962859229144957e-01,-7.962859229144957e-01,8.721786147217777e-01,6.391069263911109e-02,2.359565177463773e+00,2.362004917022646e+00,-3.792121855130648e-02,True,True,unmasked,True,0.029
0.029,0.029,0.029,2,7.962859229144956e-01,-7.962859229144956e-01,8.721148347768886e-01,6.394258261155553e-02,2.359474979000703e+00,2.361910714713585e+00,-3.813480171419159e-02,True,True,unmasked,True,0.029
0.0291,0.0291,0.0291,1,7.956451092618102e-01,-7.956451092618102e-01,8.717633257576469e-01,6.411833712117680e-02,2.358071622819814e+00,2.360527429222775e+00,-4.021567188608777e-02,True,True,unmasked,True,0.0291
0.0291,0.0291,0.0291,2,7.956451092618102e-01,-7.956451092618102e-01,8.716988881232934e-01,6.415055593835359e-02,2.357980494243384e+00,2.360432241304650e+00,-4.043115682249065e-02,True,True,unmasked,True,0.0291
0.0292,0.0292,0.0292,1,7.950047005734434e-01,-7.950047005734434e-01,8.713482083323902e-01,6.432589583380478e-02,2.356578883474488e+00,2.359050804114178e+00,-4.250566323300609e-02,True,True,unmasked,True,0.0292
0.0292,0.0292,0.0292,2,7.950047005734433e-01,-7.950047005734433e-01,8.712831085332249e-01,6.435844573338736e-02,2.356486818455600e+00,2.358954623683287e+00,-4.272305981840996e-02,True,True,unmasked,True,0.0292
0.0293,0.0293,0.0293,1,7.943646966611128e-01,-7.943646966611128e-01,8.709332624099198e-01,6.453336879503989e-02,2.355086959110490e+00,2.357575041328261e+00,-4.479120812063431e-02,True,True,unmasked,True,0.0293
0.0293,0.0293,0.0293,2,7.943646966611130e-01,-7.943646966611130e-01,8.708674959558403e-01,6.456625202207983e-02,2.354993951299181e+00,2.357477861456093e+00,-4.501052624245350e-02,True,True,unmasked,True,0.0293
0.0294,0.0294,0.0294,1,7.937250973365916e-01,-7.937250973365916e-01,8.705184879541502e-01,6.474075602292478e-02,2.353595849410592e+00,2.356100140496546e+00,-4.707232197625355e-02,True,True,unmasked,True,0.0294
0.0294,0.0294,0.0294,2,7.937250973365918e-01,-7.937250973365918e-01,8.704520503403009e-01,6.477397482984959e-02,2.353501892436034e+00,2.356001954229763e+00,-4.729357153376734e-02,True,True,unmasked,True,0.0294
0.0295,0.0295,0.0295,1,7.930859024117110e-01,-7.930859024117110e-01,8.701038849289996e-01,6.494805753549997e-02,2.352105554057657e+00,2.354626101250672e+00,-4.934902012686537e-02,True,True,unmasked,True,0.0295
0.0295,0.0295,0.0295,2,7.930859024117107e-01,-7.930859024117107e-01,8.700367716357766e-01,6.498161418211110e-02,2.352010641528164e+00,2.354526901611109e+00,-4.957221103114429e-02,True,True,unmasked,True,0.0295
0.0296,0.0296,0.0296,1,7.924471116983594e-01,-7.924471116983594e-01,8.696894532983920e-01,6.515527335080390e-02,2.350616072734635e+00,2.353152923222397e+00,-5.162131780019696e-02,True,True,unmasked,True,0.0296
0.0296,0.0296,0.0296,2,7.924471116983594e-01,-7.924471116983594e-01,8.696216597914507e-01,6.518917010427450e-02,2.350520198237677e+00,2.353052703207057e+00,-5.184645997402382e-02,True,True,unmasked,True,0.0296
0.0297,0.0297,0.0297,1,7.918087250084814e-01,-7.918087250084814e-01,8.692751930262549e-01,6.536240348687283e-02,2.349127405124563e+00,2.351680606043593e+00,-5.388923012569602e-02,True,True,unmasked,True,0.0297
0.0297,0.0297,0.0297,2,7.918087250084813e-01,-7.918087250084813e-01,8.692067147565092e-01,6.539664262174563e-02,2.349030562226760e+00,2.351579358624634e+00,-5.411633350350320e-02,True,True,unmasked,True,0.0297
0.0298,0.0298,0.0298,1,7.911707421540783e-01,-7.911707421540783e-01,8.688611040765172e-01,6.556944796174075e-02,2.347639550910556e+00,2.350209149346245e+00,-5.615277213551184e-02,True,True,unmasked,True,0.0298
0.0298,0.0298,0.0298,2,7.911707421540779e-01,-7.911707421540779e-01,8.687919364801469e-01,6.560403175992599e-02,2.347541733157692e+00,2.350106867470974e+00,-5.638184666330792e-02,True,True,unmasked,True,0.0298
0.0299,0.0299,0.0299,1,7.905331629472125e-01,-7.905331629472125e-01,8.684471864131198e-01,6.577640679343991e-02,2.346152509775837e+00,2.348738552762472e+00,-5.841195876544203e-02,True,True,unmasked,True,0.0299
0.0299,0.0299,0.0299,2,7.905331629472128e-01,-7.905331629472128e-01,8.683773249115736e-01,6.581133754421312e-02,2.346053710692863e+00,2.348635229353341e+00,-5.864301440073638e-02,True,True,unmasked,True,0.0299
0.03,0.03,0.03,1,7.898959871999996e-01,-7.898959871999996e-01,8.680334399999997e-01,6.598327999999998e-02,2.344666281403696e+00,2.347268815924495e+00,-6.066680485591258e-02,True,True,unmasked,True,0.03
0.03,0.03,0.03,2,7.898959871999996e-01,-7.898959871999996e-01,8.679628799999998e-01,6.601855999999998e-02,2.344566494494735e+00,2.347164443879087e+00,-6.089985156765110e-02,True,True,unmasked,True,0.03
