p,scenario,trial,seed,n_transmissions,sifted_bits,qber,reference_qber,difference_from_reference
0.01,single,1,803805062,1000,483,0.010351966873706004,0.006666666666666656,0.003685300207039348
0.01,single,2,868791525,1000,500,0.006,0.006666666666666656,-0.0006666666666666557
0.01,single,3,2835962535,1000,509,0.0019646365422396855,0.006666666666666656,-0.00470203012442697
0.01,single,4,3125616926,1000,494,0.010121457489878543,0.006666666666666656,0.003454790823211887
0.01,single,5,4107846187,1000,505,0.0039603960396039604,0.006666666666666656,-0.0027062706270626954
0.01,single,6,3802774572,1000,520,0.013461538461538462,0.006666666666666656,0.0067948717948718065
0.01,single,7,121517946,1000,452,0.00663716814159292,0.006666666666666656,-2.9498525073735557e-05
0.01,single,8,648414525,1000,491,0.0,0.006666666666666656,-0.006666666666666656
0.01,single,9,2743978601,1000,509,0.003929273084479371,0.006666666666666656,-0.002737393582187285
0.01,single,10,404225113,1000,487,0.002053388090349076,0.006666666666666656,-0.00461327857631758
0.01,single,11,2685925909,1000,494,0.008097165991902834,0.006666666666666656,0.0014304993252361783
0.01,single,12,3142262717,1000,504,0.001984126984126984,0.006666666666666656,-0.004682539682539672
0.01,single,13,1675209178,1000,491,0.012219959266802444,0.006666666666666656,0.005553292600135788
0.01,single,14,2586040851,1000,493,0.008113590263691683,0.006666666666666656,0.0014469235970250276
0.01,single,15,209389404,1000,497,0.006036217303822937,0.006666666666666656,-0.0006304493628437186
0.01,single,16,592185738,1000,504,0.003968253968253968,0.006666666666666656,-0.002698412698412688
0.01,single,17,2974120664,1000,504,0.007936507936507936,0.006666666666666656,0.0012698412698412802
0.01,single,18,4178011205,1000,509,0.009823182711198428,0.006666666666666656,0.003156516044531772
0.01,single,19,2998517284,1000,520,0.0057692307692307696,0.006666666666666656,-0.0008974358974358863
0.01,single,20,1797420667,1000,475,0.00631578947368421,0.006666666666666656,-0.00035087719298244543
0.01,single,21,1103674084,1000,502,0.00199203187250996,0.006666666666666656,-0.004674634794156696
0.01,single,22,3678485691,1000,506,0.001976284584980237,0.006666666666666656,-0.004690382081686419
0.01,single,23,3013591546,1000,491,0.014256619144602852,0.006666666666666656,0.007589952477936196
0.01,single,24,4213390682,1000,500,0.006,0.006666666666666656,-0.0006666666666666557
0.01,single,25,2300416532,1000,493,0.002028397565922921,0.006666666666666656,-0.004638269100743735
0.01,single,26,2036609129,1000,462,0.004329004329004329,0.006666666666666656,-0.002337662337662327
0.01,single,27,2811700182,1000,504,0.011904761904761904,0.006666666666666656,0.005238095238095248
0.01,single,28,2390513661,1000,498,0.006024096385542169,0.006666666666666656,-0.0006425702811244868
0.01,single,29,2782152042,1000,500,0.01,0.006666666666666656,0.0033333333333333444
0.01,single,30,262086742,1000,517,0.013539651837524178,0.006666666666666656,0.006872985170857522
0.01,single,31,3645902588,1000,481,0.004158004158004158,0.006666666666666656,-0.0025086625086624976
0.01,single,32,3296416966,1000,490,0.00816326530612245,0.006666666666666656,0.001496598639455794
0.01,single,33,1060774512,1000,504,0.003968253968253968,0.006666666666666656,-0.002698412698412688
0.01,single,34,2766297066,1000,523,0.0,0.006666666666666656,-0.006666666666666656
0.01,single,35,2471128011,1000,479,0.008350730688935281,0.006666666666666656,0.0016840640222686252
0.01,single,36,1832727808,1000,522,0.005747126436781609,0.006666666666666656,-0.0009195402298850467
0.01,single,37,3133942954,1000,483,0.002070393374741201,0.006666666666666656,-0.004596273291925455
0.01,single,38,354628393,1000,495,0.010101010101010102,0.006666666666666656,0.003434343434343446
0.01,single,39,166229008,1000,479,0.010438413361169102,0.006666666666666656,0.0037717466945024463
0.01,single,40,2103724397,1000,487,0.006160164271047228,0.006666666666666656,-0.0005065023956194277
0.01,single,41,985895910,1000,485,0.006185567010309278,0.006666666666666656,-0.00048109965635737776
0.01,single,42,210052860,1000,473,0.006342494714587738,0.006666666666666656,-0.00032417195207891814
0.01,single,43,3678229999,1000,490,0.006122448979591836,0.006666666666666656,-0.0005442176870748194
0.01,single,44,3842146260,1000,492,0.014227642276422764,0.006666666666666656,0.007560975609756108
0.01,single,45,960553196,1000,516,0.005813953488372093,0.006666666666666656,-0.0008527131782945629
0.01,single,46,704486853,1000,508,0.007874015748031496,0.006666666666666656,0.0012073490813648401
0.01,single,47,1169011392,1000,509,0.009823182711198428,0.006666666666666656,0.003156516044531772
0.01,single,48,2314466324,1000,487,0.006160164271047228,0.006666666666666656,-0.0005065023956194277
0.01,single,49,1852065566,1000,488,0.0020491803278688526,0.006666666666666656,-0.004617486338797803
0.01,single,50,119522576,1000,475,0.004210526315789474,0.006666666666666656,-0.0024561403508771822
0.02,single,1,3723173645,1000,497,0.02012072434607646,0.013333333333333388,0.006787391012743071
0.02,single,2,2641043150,1000,474,0.014767932489451477,0.013333333333333388,0.0014345991561180889
0.02,single,3,3794439068,1000,489,0.018404907975460124,0.013333333333333388,0.005071574642126736
0.02,single,4,2683992601,1000,477,0.012578616352201259,0.013333333333333388,-0.0007547169811321294
0.02,single,5,2823034532,1000,502,0.017928286852589643,0.013333333333333388,0.004594953519256255
0.02,single,6,845128285,1000,484,0.01859504132231405,0.013333333333333388,0.005261707988980662
0.02,single,7,3393580921,1000,476,0.01680672268907563,0.013333333333333388,0.0034733893557422416
0.02,single,8,471582649,1000,507,0.01775147928994083,0.013333333333333388,0.004418145956607441
0.02,single,9,1108886299,1000,479,0.018789144050104383,0.013333333333333388,0.005455810716770995
0.02,single,10,2956071872,1000,496,0.020161290322580645,0.013333333333333388,0.006827956989247257
0.02,single,11,2070053752,1000,493,0.02028397565922921,0.013333333333333388,0.006950642325895821
0.02,single,12,1322647490,1000,502,0.00796812749003984,0.013333333333333388,-0.0053652058432935475
0.02,single,13,2448185354,1000,513,0.003898635477582846,0.013333333333333388,-0.009434697855750542
0.02,single,14,151598944,1000,496,0.018145161290322582,0.013333333333333388,0.004811827956989194
0.02,single,15,1542500675,1000,469,0.01279317697228145,0.013333333333333388,-0.0005401563610519383
0.02,single,16,4028098955,1000,512,0.0078125,0.013333333333333388,-0.005520833333333388
0.02,single,17,2534541868,1000,502,0.0099601593625498,0.013333333333333388,-0.0033731739707835873
0.02,single,18,2629310128,1000,534,0.0149812734082397,0.013333333333333388,0.0016479400749063126
0.02,single,19,1387450231,1000,483,0.016563146997929608,0.013333333333333388,0.00322981366459622
0.02,single,20,2720509223,1000,489,0.018404907975460124,0.013333333333333388,0.005071574642126736
0.02,single,21,1252077329,1000,490,0.02040816326530612,0.013333333333333388,0.007074829931972733
0.02,single,22,3319128139,1000,506,0.019762845849802372,0.013333333333333388,0.006429512516468984
0.02,single,23,2320478818,1000,502,0.021912350597609563,0.013333333333333388,0.008579017264276175
0.02,single,24,2163853851,1000,506,0.007905138339920948,0.013333333333333388,-0.00542819499341244
0.02,single,25,3731642948,1000,510,0.00784313725490196,0.013333333333333388,-0.005490196078431427
0.02,single,26,415521011,1000,510,0.011764705882352941,0.013333333333333388,-0.001568627450980447
0.02,single,27,255653785,1000,479,0.014613778705636743,0.013333333333333388,0.0012804453723033547
0.02,single,28,622616073,1000,497,0.008048289738430584,0.013333333333333388,-0.005285043594902804
0.02,single,29,1809422547,1000,518,0.017374517374517374,0.013333333333333388,0.0040411840411839865
0.02,single,30,3288045535,1000,516,0.015503875968992248,0.013333333333333388,0.00217054263565886
0.02,single,31,1931701317,1000,494,0.010121457489878543,0.013333333333333388,-0.0032118758434548454
0.02,single,32,3829746650,1000,514,0.011673151750972763,0.013333333333333388,-0.0016601815823606252
0.02,single,33,2961908296,1000,500,0.022,0.013333333333333388,0.00866666666666661
0.02,single,34,4178237558,1000,498,0.004016064257028112,0.013333333333333388,-0.009317269076305276
0.02,single,35,2310982475,1000,518,0.021235521235521235,0.013333333333333388,0.007902187902187847
0.02,single,36,4156143781,1000,503,0.009940357852882704,0.013333333333333388,-0.003392975480450684
0.02,single,37,1675341381,1000,494,0.010121457489878543,0.013333333333333388,-0.0032118758434548454
0.02,single,38,221137591,1000,501,0.00998003992015968,0.013333333333333388,-0.0033532934131737073
0.02,single,39,1168574489,1000,508,0.011811023622047244,0.013333333333333388,-0.001522309711286144
0.02,single,40,1409022289,1000,479,0.010438413361169102,0.013333333333333388,-0.002894919972164286
0.02,single,41,2304910272,1000,504,0.00992063492063492,0.013333333333333388,-0.003412698412698468
0.02,single,42,257434787,1000,483,0.018633540372670808,0.013333333333333388,0.00530020703933742
0.02,single,43,2372678041,1000,502,0.01195219123505976,0.013333333333333388,-0.0013811420982736272
0.02,single,44,1053743944,1000,501,0.011976047904191617,0.013333333333333388,-0.0013572854291417705
0.02,single,45,259061022,1000,498,0.014056224899598393,0.013333333333333388,0.0007228915662650052
0.02,single,46,2281256613,1000,513,0.011695906432748537,0.013333333333333388,-0.0016374269005848506
0.02,single,47,1297089904,1000,506,0.025691699604743084,0.013333333333333388,0.012358366271409696
0.02,single,48,3112933094,1000,500,0.008,0.013333333333333388,-0.005333333333333388
0.02,single,49,457150351,1000,503,0.013916500994035786,0.013333333333333388,0.0005831676607023981
0.02,single,50,3737595077,1000,497,0.01609657947686117,0.013333333333333388,0.0027632461435277804
0.03,single,1,2297876556,1000,496,0.016129032258064516,0.020000000000000046,-0.00387096774193553
0.03,single,2,2547420018,1000,524,0.02099236641221374,0.020000000000000046,0.0009923664122136952
0.03,single,3,1675598588,1000,488,0.014344262295081968,0.020000000000000046,-0.005655737704918078
0.03,single,4,3488513628,1000,496,0.02620967741935484,0.020000000000000046,0.006209677419354794
0.03,single,5,1124945860,1000,500,0.018,0.020000000000000046,-0.002000000000000047
0.03,single,6,406175451,1000,496,0.02217741935483871,0.020000000000000046,0.0021774193548386653
0.03,single,7,1510760107,1000,504,0.013888888888888888,0.020000000000000046,-0.006111111111111157
0.03,single,8,2266393856,1000,506,0.017786561264822136,0.020000000000000046,-0.0022134387351779097
0.03,single,9,3297113082,1000,525,0.015238095238095238,0.020000000000000046,-0.0047619047619048074
0.03,single,10,431530180,1000,499,0.028056112224448898,0.020000000000000046,0.008056112224448853
0.03,single,11,2235588984,1000,478,0.029288702928870293,0.020000000000000046,0.009288702928870247
0.03,single,12,865791814,1000,494,0.032388663967611336,0.020000000000000046,0.01238866396761129
0.03,single,13,3755054599,1000,493,0.02231237322515213,0.020000000000000046,0.002312373225152084
0.03,single,14,1585731569,1000,505,0.027722772277227723,0.020000000000000046,0.007722772277227678
0.03,single,15,4190161855,1000,496,0.024193548387096774,0.020000000000000046,0.004193548387096728
0.03,single,16,740441459,1000,496,0.028225806451612902,0.020000000000000046,0.008225806451612857
0.03,single,17,1921265487,1000,537,0.0186219739292365,0.020000000000000046,-0.0013780260707635453
0.03,single,18,1656985467,1000,494,0.022267206477732792,0.020000000000000046,0.0022672064777327465
0.03,single,19,2981405449,1000,511,0.03131115459882583,0.020000000000000046,0.011311154598825784
0.03,single,20,2604094537,1000,481,0.014553014553014554,0.020000000000000046,-0.005446985446985492
0.03,single,21,694011009,1000,536,0.026119402985074626,0.020000000000000046,0.00611940298507458
0.03,single,22,2515589666,1000,479,0.014613778705636743,0.020000000000000046,-0.005386221294363303
0.03,single,23,3576366089,1000,513,0.029239766081871343,0.020000000000000046,0.009239766081871298
0.03,single,24,3121066031,1000,492,0.018292682926829267,0.020000000000000046,-0.0017073170731707783
0.03,single,25,3877688330,1000,526,0.019011406844106463,0.020000000000000046,-0.0009885931558935822
0.03,single,26,504404497,1000,515,0.013592233009708738,0.020000000000000046,-0.006407766990291308
0.03,single,27,2098625074,1000,506,0.017786561264822136,0.020000000000000046,-0.0022134387351779097
0.03,single,28,927910206,1000,487,0.026694045174537988,0.020000000000000046,0.006694045174537942
0.03,single,29,35667397,1000,495,0.014141414141414142,0.020000000000000046,-0.005858585858585903
0.03,single,30,61025066,1000,498,0.02208835341365462,0.020000000000000046,0.0020883534136545735
0.03,single,31,2522034396,1000,461,0.028199566160520606,0.020000000000000046,0.00819956616052056
0.03,single,32,3532633285,1000,521,0.02111324376199616,0.020000000000000046,0.0011132437619961154
0.03,single,33,1825609563,1000,476,0.02100840336134454,0.020000000000000046,0.001008403361344494
0.03,single,34,459064542,1000,466,0.017167381974248927,0.020000000000000046,-0.0028326180257511185
0.03,single,35,454353677,1000,503,0.017892644135188866,0.020000000000000046,-0.0021073558648111793
0.03,single,36,845065070,1000,482,0.014522821576763486,0.020000000000000046,-0.00547717842323656
0.03,single,37,2510221361,1000,486,0.01440329218106996,0.020000000000000046,-0.005596707818930086
0.03,single,38,969186927,1000,485,0.01443298969072165,0.020000000000000046,-0.005567010309278395
0.03,single,39,1580130103,1000,508,0.00984251968503937,0.020000000000000046,-0.010157480314960676
0.03,single,40,2561935446,1000,487,0.02053388090349076,0.020000000000000046,0.0005338809034907133
0.03,single,41,4021910668,1000,504,0.015873015873015872,0.020000000000000046,-0.004126984126984173
0.03,single,42,3322466439,1000,518,0.02895752895752896,0.020000000000000046,0.008957528957528913
0.03,single,43,381760100,1000,514,0.013618677042801557,0.020000000000000046,-0.006381322957198489
0.03,single,44,3365250854,1000,485,0.01443298969072165,0.020000000000000046,-0.005567010309278395
0.03,single,45,2339517730,1000,531,0.011299435028248588,0.020000000000000046,-0.008700564971751458
0.03,single,46,3203096996,1000,493,0.018255578093306288,0.020000000000000046,-0.0017444219066937577
0.03,single,47,4185495245,1000,518,0.023166023166023165,0.020000000000000046,0.0031660231660231193
0.03,single,48,494953868,1000,527,0.015180265654648957,0.020000000000000046,-0.004819734345351089
0.03,single,49,4157130318,1000,512,0.013671875,0.020000000000000046,-0.0063281250000000455
0.03,single,50,4159925690,1000,519,0.025048169556840076,0.020000000000000046,0.005048169556840031
0.04,single,1,864986719,1000,475,0.018947368421052633,0.026666666666666658,-0.007719298245614025
0.04,single,2,3326439713,1000,494,0.02834008097165992,0.026666666666666658,0.0016734143049932614
0.04,single,3,3979003933,1000,476,0.018907563025210083,0.026666666666666658,-0.007759103641456575
0.04,single,4,91456012,1000,497,0.03420523138832998,0.026666666666666658,0.007538564721663324
0.04,single,5,193729682,1000,520,0.019230769230769232,0.026666666666666658,-0.007435897435897426
0.04,single,6,1855265462,1000,474,0.02109704641350211,0.026666666666666658,-0.005569620253164549
0.04,single,7,2470305709,1000,525,0.01904761904761905,0.026666666666666658,-0.007619047619047609
0.04,single,8,1354115074,1000,469,0.029850746268656716,0.026666666666666658,0.003184079601990058
0.04,single,9,1512332589,1000,478,0.027196652719665274,0.026666666666666658,0.0005299860529986156
0.04,single,10,372338527,1000,496,0.016129032258064516,0.026666666666666658,-0.010537634408602142
0.04,single,11,3907069737,1000,478,0.03138075313807531,0.026666666666666658,0.0047140864714086544
0.04,single,12,2910247318,1000,503,0.02982107355864811,0.026666666666666658,0.0031544068919814525
0.04,single,13,1712639436,1000,502,0.03187250996015936,0.026666666666666658,0.005205843293492704
0.04,single,14,4233166257,1000,510,0.021568627450980392,0.026666666666666658,-0.005098039215686266
0.04,single,15,1735462935,1000,505,0.03564356435643564,0.026666666666666658,0.008976897689768983
0.04,single,16,2953309125,1000,491,0.028513238289205704,0.026666666666666658,0.0018465716225390463
0.04,single,17,3642974802,1000,504,0.015873015873015872,0.026666666666666658,-0.010793650793650786
0.04,single,18,287589219,1000,491,0.034623217922606926,0.026666666666666658,0.007956551255940268
0.04,single,19,133198171,1000,494,0.030364372469635626,0.026666666666666658,0.003697705802968968
0.04,single,20,3009623074,1000,494,0.030364372469635626,0.026666666666666658,0.003697705802968968
0.04,single,21,2682003476,1000,483,0.016563146997929608,0.026666666666666658,-0.01010351966873705
0.04,single,22,1929163243,1000,525,0.03238095238095238,0.026666666666666658,0.00571428571428572
0.04,single,23,1068061120,1000,502,0.01195219123505976,0.026666666666666658,-0.014714475431606897
0.04,single,24,2585755050,1000,511,0.03718199608610567,0.026666666666666658,0.010515329419439015
0.04,single,25,1479422692,1000,504,0.031746031746031744,0.026666666666666658,0.005079365079365086
0.04,single,26,448458970,1000,482,0.024896265560165973,0.026666666666666658,-0.0017704011065006846
0.04,single,27,3952077779,1000,507,0.023668639053254437,0.026666666666666658,-0.0029980276134122207
0.04,single,28,2441212733,1000,507,0.015779092702169626,0.026666666666666658,-0.010887573964497032
0.04,single,29,2951635826,1000,503,0.02584493041749503,0.026666666666666658,-0.0008217362491716278
0.04,single,30,982687974,1000,479,0.029227557411273485,0.026666666666666658,0.0025608907446068273
0.04,single,31,3934360498,1000,497,0.03822937625754527,0.026666666666666658,0.011562709590878614
0.04,single,32,3970837447,1000,466,0.019313304721030045,0.026666666666666658,-0.007353361945636613
0.04,single,33,1124611152,1000,508,0.023622047244094488,0.026666666666666658,-0.00304461942257217
0.04,single,34,4213535012,1000,495,0.01616161616161616,0.026666666666666658,-0.010505050505050496
0.04,single,35,3693383011,1000,479,0.014613778705636743,0.026666666666666658,-0.012052887961029915
0.04,single,36,3540522684,1000,524,0.019083969465648856,0.026666666666666658,-0.0075826972010178025
0.04,single,37,1789241926,1000,493,0.018255578093306288,0.026666666666666658,-0.00841108857336037
0.04,single,38,1103464530,1000,516,0.025193798449612403,0.026666666666666658,-0.0014728682170542552
0.04,single,39,624007707,1000,526,0.013307984790874524,0.026666666666666658,-0.013358681875792134
0.04,single,40,2533578473,1000,487,0.043121149897330596,0.026666666666666658,0.016454483230663938
0.04,single,41,1886014803,1000,493,0.030425963488843813,0.026666666666666658,0.003759296822177155
0.04,single,42,2902901384,1000,502,0.029880478087649404,0.026666666666666658,0.0032138114209827456
0.04,single,43,2930008243,1000,508,0.023622047244094488,0.026666666666666658,-0.00304461942257217
0.04,single,44,895165804,1000,481,0.012474012474012475,0.026666666666666658,-0.014192654192654183
0.04,single,45,2807078676,1000,503,0.02186878727634195,0.026666666666666658,-0.004797879390324708
0.04,single,46,2020885406,1000,502,0.03386454183266932,0.026666666666666658,0.007197875166002662
0.04,single,47,2902853131,1000,475,0.02526315789473684,0.026666666666666658,-0.0014035087719298164
0.04,single,48,537973754,1000,488,0.030737704918032786,0.026666666666666658,0.004071038251366128
0.04,single,49,2391824573,1000,493,0.02028397565922921,0.026666666666666658,-0.006382691007437449
0.04,single,50,1274765142,1000,482,0.029045643153526972,0.026666666666666658,0.002378976486860314
0.05,single,1,3135259554,1000,535,0.04672897196261682,0.03333333333333323,0.013395638629283592
0.05,single,2,1677013899,1000,486,0.02263374485596708,0.03333333333333323,-0.01069958847736615
0.05,single,3,2928645124,1000,495,0.024242424242424242,0.03333333333333323,-0.009090909090908986
0.05,single,4,1447825299,1000,528,0.03598484848484849,0.03333333333333323,0.002651515151515259
0.05,single,5,4116432249,1000,496,0.03225806451612903,0.03333333333333323,-0.0010752688172041974
0.05,single,6,4076073668,1000,514,0.023346303501945526,0.03333333333333323,-0.009987029831387703
0.05,single,7,1857187187,1000,482,0.026970954356846474,0.03333333333333323,-0.0063623789764867544
0.05,single,8,9744280,1000,496,0.028225806451612902,0.03333333333333323,-0.005107526881720326
0.05,single,9,1287094719,1000,483,0.035196687370600416,0.03333333333333323,0.001863354037267187
0.05,single,10,202915831,1000,529,0.026465028355387523,0.03333333333333323,-0.006868304977945706
0.05,single,11,3738863473,1000,503,0.033797216699801194,0.03333333333333323,0.00046388336646796535
0.05,single,12,506115304,1000,517,0.027079303675048357,0.03333333333333323,-0.006254029658284872
0.05,single,13,3233618267,1000,490,0.0326530612244898,0.03333333333333323,-0.0006802721088434299
0.05,single,14,3488946165,1000,499,0.03206412825651302,0.03333333333333323,-0.0012692050768202054
0.05,single,15,640812623,1000,527,0.03415559772296015,0.03333333333333323,0.0008222643896269241
0.05,single,16,2472041614,1000,483,0.039337474120082816,0.03333333333333323,0.006004140786749587
0.05,single,17,418210093,1000,514,0.019455252918287938,0.03333333333333323,-0.01387808041504529
0.05,single,18,2044226099,1000,496,0.028225806451612902,0.03333333333333323,-0.005107526881720326
0.05,single,19,4223243877,1000,523,0.028680688336520075,0.03333333333333323,-0.004652644996813154
0.05,single,20,2066711792,1000,483,0.031055900621118012,0.03333333333333323,-0.0022774327122152167
0.05,single,21,103444619,1000,497,0.04225352112676056,0.03333333333333323,0.008920187793427334
0.05,single,22,4051905477,1000,497,0.04426559356136821,0.03333333333333323,0.010932260228034979
0.05,single,23,2783045512,1000,496,0.038306451612903226,0.03333333333333323,0.004973118279569998
0.05,single,24,2190511621,1000,507,0.03353057199211045,0.03333333333333323,0.00019723865877722263
0.05,single,25,3986511465,1000,514,0.04474708171206226,0.03333333333333323,0.011413748378729029
0.05,single,26,1610102409,1000,481,0.033264033264033266,0.03333333333333323,-6.930006929996291e-05
0.05,single,27,297188421,1000,484,0.024793388429752067,0.03333333333333323,-0.008539944903581162
0.05,single,28,499162315,1000,518,0.02895752895752896,0.03333333333333323,-0.00437580437580427
0.05,single,29,3638990691,1000,495,0.03434343434343434,0.03333333333333323,0.0010101010101011137
0.05,single,30,240943043,1000,500,0.028,0.03333333333333323,-0.005333333333333228
0.05,single,31,3128983712,1000,492,0.042682926829268296,0.03333333333333323,0.009349593495935067
0.05,single,32,1562100451,1000,498,0.0321285140562249,0.03333333333333323,-0.0012048192771083321
0.05,single,33,967296494,1000,527,0.04364326375711575,0.03333333333333323,0.010309930423782518
0.05,single,34,704606103,1000,525,0.0380952380952381,0.03333333333333323,0.00476190476190487
0.05,single,35,1661106456,1000,503,0.013916500994035786,0.03333333333333323,-0.019416832339297443
0.05,single,36,1717712697,1000,519,0.036608863198458574,0.03333333333333323,0.0032755298651253456
0.05,single,37,1231989569,1000,546,0.02197802197802198,0.03333333333333323,-0.011355311355311249
0.05,single,38,3467215438,1000,510,0.03333333333333333,0.03333333333333323,1.0408340855860843e-16
0.05,single,39,3390228429,1000,508,0.03740157480314961,0.03333333333333323,0.0040682414698163805
0.05,single,40,232654730,1000,507,0.021696252465483234,0.03333333333333323,-0.011637080867849994
0.05,single,41,2909951655,1000,502,0.025896414342629483,0.03333333333333323,-0.007436918990703745
0.05,single,42,653841296,1000,508,0.03346456692913386,0.03333333333333323,0.00013123359580063249
0.05,single,43,3213970336,1000,513,0.03898635477582846,0.03333333333333323,0.005653021442495229
0.05,single,44,786194933,1000,496,0.05443548387096774,0.03333333333333323,0.021102150537634513
0.05,single,45,63518783,1000,514,0.0311284046692607,0.03333333333333323,-0.002204928664072528
0.05,single,46,3816686330,1000,487,0.03285420944558522,0.03333333333333323,-0.00047912388774801196
0.05,single,47,626386911,1000,496,0.04435483870967742,0.03333333333333323,0.011021505376344193
0.05,single,48,604895210,1000,539,0.03710575139146568,0.03333333333333323,0.00377241805813245
0.05,single,49,852897913,1000,518,0.052123552123552123,0.03333333333333323,0.018790218790218895
0.05,single,50,4200207184,1000,480,0.03125,0.03333333333333323,-0.002083333333333229
0.06,single,1,1995247107,1000,504,0.0496031746031746,0.04000000000000005,0.009603174603174551
0.06,single,2,428423340,1000,485,0.049484536082474224,0.04000000000000005,0.009484536082474175
0.06,single,3,1318256191,1000,496,0.03024193548387097,0.04000000000000005,-0.00975806451612908
0.06,single,4,4063598728,1000,460,0.0391304347826087,0.04000000000000005,-0.0008695652173913507
0.06,single,5,414458742,1000,509,0.05304518664047151,0.04000000000000005,0.013045186640471461
0.06,single,6,3284276456,1000,487,0.028747433264887063,0.04000000000000005,-0.011252566735112986
0.06,single,7,4158369656,1000,500,0.05,0.04000000000000005,0.009999999999999953
0.06,single,8,3575130850,1000,527,0.028462998102466792,0.04000000000000005,-0.011537001897533258
0.06,single,9,1145883681,1000,504,0.03968253968253968,0.04000000000000005,-0.00031746031746036907
0.06,single,10,1717942058,1000,484,0.03305785123966942,0.04000000000000005,-0.006942148760330627
0.06,single,11,2798695254,1000,503,0.039761431411530816,0.04000000000000005,-0.00023856858846923318
0.06,single,12,1405341360,1000,526,0.04752851711026616,0.04000000000000005,0.007528517110266107
0.06,single,13,3204888994,1000,465,0.034408602150537634,0.04000000000000005,-0.005591397849462415
0.06,single,14,2932886749,1000,505,0.04356435643564356,0.04000000000000005,0.003564356435643512
0.06,single,15,147223086,1000,509,0.05304518664047151,0.04000000000000005,0.013045186640471461
0.06,single,16,848624507,1000,497,0.04627766599597585,0.04000000000000005,0.0062776659959758035
0.06,single,17,3375868616,1000,503,0.039761431411530816,0.04000000000000005,-0.00023856858846923318
0.06,single,18,3888287494,1000,483,0.043478260869565216,0.04000000000000005,0.0034782608695651668
0.06,single,19,549876293,1000,520,0.04230769230769231,0.04000000000000005,0.0023076923076922606
0.06,single,20,3117904464,1000,515,0.04660194174757282,0.04000000000000005,0.006601941747572768
0.06,single,21,1281364389,1000,506,0.02766798418972332,0.04000000000000005,-0.01233201581027673
0.06,single,22,2441438376,1000,513,0.04483430799220273,0.04000000000000005,0.004834307992202677
0.06,single,23,1698529507,1000,519,0.036608863198458574,0.04000000000000005,-0.003391136801541475
0.06,single,24,910279604,1000,509,0.03339882121807466,0.04000000000000005,-0.006601178781925392
0.06,single,25,1914854570,1000,485,0.03505154639175258,0.04000000000000005,-0.004948453608247472
0.06,single,26,2393556378,1000,498,0.05220883534136546,0.04000000000000005,0.01220883534136541
0.06,single,27,1000378649,1000,500,0.042,0.04000000000000005,0.001999999999999953
0.06,single,28,1680583933,1000,511,0.033268101761252444,0.04000000000000005,-0.006731898238747605
0.06,single,29,2643856899,1000,494,0.02834008097165992,0.04000000000000005,-0.01165991902834013
0.06,single,30,2378525420,1000,496,0.038306451612903226,0.04000000000000005,-0.001693548387096823
0.06,single,31,2636365107,1000,473,0.040169133192389,0.04000000000000005,0.00016913319238895386
0.06,single,32,486919383,1000,494,0.048582995951417005,0.04000000000000005,0.008582995951416955
0.06,single,33,406506161,1000,472,0.036016949152542374,0.04000000000000005,-0.003983050847457675
0.06,single,34,900468070,1000,536,0.05037313432835821,0.04000000000000005,0.01037313432835816
0.06,single,35,3123887782,1000,473,0.052854122621564484,0.04000000000000005,0.012854122621564434
0.06,single,36,383038800,1000,502,0.037848605577689244,0.04000000000000005,-0.0021513944223108053
0.06,single,37,2702129789,1000,492,0.032520325203252036,0.04000000000000005,-0.0074796747967480134
0.06,single,38,1385547827,1000,488,0.0430327868852459,0.04000000000000005,0.0030327868852458514
0.06,single,39,3926479446,1000,517,0.03481624758220503,0.04000000000000005,-0.005183752417795021
0.06,single,40,1232446383,1000,514,0.03696498054474708,0.04000000000000005,-0.003035019455252967
0.06,single,41,2188518490,1000,517,0.03481624758220503,0.04000000000000005,-0.005183752417795021
0.06,single,42,3843233402,1000,495,0.03838383838383838,0.04000000000000005,-0.0016161616161616682
0.06,single,43,2062108022,1000,490,0.04897959183673469,0.04000000000000005,0.008979591836734642
0.06,single,44,1367477753,1000,497,0.04426559356136821,0.04000000000000005,0.004265593561368158
0.06,single,45,2493663056,1000,498,0.030120481927710843,0.04000000000000005,-0.009879518072289206
0.06,single,46,627432947,1000,462,0.03463203463203463,0.04000000000000005,-0.005367965367965417
0.06,single,47,1422876866,1000,503,0.04771371769383698,0.04000000000000005,0.007713717693836927
0.06,single,48,1186544163,1000,530,0.03207547169811321,0.04000000000000005,-0.007924528301886842
0.06,single,49,2062859706,1000,494,0.032388663967611336,0.04000000000000005,-0.007611336032388713
0.06,single,50,4225091084,1000,496,0.034274193548387094,0.04000000000000005,-0.005725806451612955
0.07,single,1,3013584588,1000,501,0.03792415169660679,0.04666666666666666,-0.008742514970059873
0.07,single,2,1880981426,1000,486,0.03909465020576132,0.04666666666666666,-0.0075720164609053425
0.07,single,3,144888023,1000,501,0.03792415169660679,0.04666666666666666,-0.008742514970059873
0.07,single,4,600046807,1000,510,0.058823529411764705,0.04666666666666666,0.012156862745098043
0.07,single,5,1188080724,1000,495,0.06060606060606061,0.04666666666666666,0.013939393939393946
0.07,single,6,2732725969,1000,502,0.035856573705179286,0.04666666666666666,-0.010810092961487376
0.07,single,7,1333326519,1000,483,0.033126293995859216,0.04666666666666666,-0.013540372670807446
0.07,single,8,4062343884,1000,521,0.06525911708253358,0.04666666666666666,0.01859245041586692
0.07,single,9,3686647141,1000,526,0.034220532319391636,0.04666666666666666,-0.012446134347275026
0.07,single,10,1475982757,1000,482,0.06224066390041494,0.04666666666666666,0.015573997233748277
0.07,single,11,762381542,1000,511,0.04500978473581213,0.04666666666666666,-0.0016568819308545313
0.07,single,12,160181071,1000,510,0.043137254901960784,0.04666666666666666,-0.003529411764705878
0.07,single,13,4292790979,1000,464,0.03879310344827586,0.04666666666666666,-0.007873563218390799
0.07,single,14,2861059257,1000,500,0.036,0.04666666666666666,-0.010666666666666665
0.07,single,15,1490312023,1000,497,0.05030181086519115,0.04666666666666666,0.0036351441985244884
0.07,single,16,918314275,1000,514,0.04669260700389105,0.04666666666666666,2.5940337224389376e-05
0.07,single,17,3703404314,1000,506,0.05533596837944664,0.04666666666666666,0.008669301712779978
0.07,single,18,4066389990,1000,533,0.054409005628517824,0.04666666666666666,0.007742338961851163
0.07,single,19,3498233945,1000,515,0.05242718446601942,0.04666666666666666,0.005760517799352757
0.07,single,20,1248081622,1000,504,0.05357142857142857,0.04666666666666666,0.006904761904761907
0.07,single,21,869916169,1000,497,0.04627766599597585,0.04666666666666666,-0.0003890006706908089
0.07,single,22,42520706,1000,483,0.041407867494824016,0.04666666666666666,-0.005258799171842646
0.07,single,23,3469832843,1000,474,0.05907172995780591,0.04666666666666666,0.012405063291139246
0.07,single,24,54094274,1000,527,0.07400379506641366,0.04666666666666666,0.027337128399747
0.07,single,25,3844530629,1000,489,0.06748466257668712,0.04666666666666666,0.020817995910020454
0.07,single,26,987877923,1000,493,0.04056795131845842,0.04666666666666666,-0.006098715348208245
0.07,single,27,1623292508,1000,475,0.042105263157894736,0.04666666666666666,-0.004561403508771926
0.07,single,28,3732406502,1000,488,0.05737704918032787,0.04666666666666666,0.010710382513661208
0.07,single,29,3116027486,1000,527,0.06261859582542695,0.04666666666666666,0.015951929158760286
0.07,single,30,1861032882,1000,475,0.037894736842105266,0.04666666666666666,-0.008771929824561396
0.07,single,31,1792249092,1000,500,0.038,0.04666666666666666,-0.008666666666666663
0.07,single,32,1805180672,1000,465,0.04086021505376344,0.04666666666666666,-0.005806451612903218
0.07,single,33,227430206,1000,509,0.05108055009823183,0.04666666666666666,0.004413883431565166
0.07,single,34,1596590075,1000,517,0.030947775628626693,0.04666666666666666,-0.01571889103803997
0.07,single,35,3241065673,1000,483,0.031055900621118012,0.04666666666666666,-0.01561076604554865
0.07,single,36,714593050,1000,490,0.04285714285714286,0.04666666666666666,-0.0038095238095238043
0.07,single,37,2387714255,1000,491,0.05702647657841141,0.04666666666666666,0.010359809911744747
0.07,single,38,1838778747,1000,477,0.04612159329140461,0.04666666666666666,-0.0005450733752620507
0.07,single,39,3768233053,1000,495,0.04040404040404041,0.04666666666666666,-0.006262626262626254
0.07,single,40,4019442262,1000,493,0.05273833671399594,0.04666666666666666,0.006071670047329281
0.07,single,41,1573497340,1000,470,0.0425531914893617,0.04666666666666666,-0.004113475177304961
0.07,single,42,406517011,1000,526,0.049429657794676805,0.04666666666666666,0.0027629911280101435
0.07,single,43,2265430105,1000,505,0.03564356435643564,0.04666666666666666,-0.011023102310231021
0.07,single,44,2488454507,1000,507,0.05917159763313609,0.04666666666666666,0.01250493096646943
0.07,single,45,133093984,1000,498,0.03413654618473896,0.04666666666666666,-0.012530120481927705
0.07,single,46,2251304322,1000,505,0.07722772277227723,0.04666666666666666,0.030561056105610565
0.07,single,47,2633923660,1000,501,0.05788423153692615,0.04666666666666666,0.011217564870259489
0.07,single,48,2477014006,1000,509,0.043222003929273084,0.04666666666666666,-0.003444662737393578
0.07,single,49,97710999,1000,471,0.050955414012738856,0.04666666666666666,0.004288747346072194
0.07,single,50,208161499,1000,513,0.06627680311890838,0.04666666666666666,0.019610136452241717
0.08,single,1,3540642299,1000,502,0.035856573705179286,0.05333333333333329,-0.017476759628154002
0.08,single,2,414871644,1000,487,0.03490759753593429,0.05333333333333329,-0.018425735797399
0.08,single,3,3692590382,1000,522,0.04597701149425287,0.05333333333333329,-0.007356321839080415
0.08,single,4,2322575512,1000,514,0.06031128404669261,0.05333333333333329,0.00697795071335932
0.08,single,5,2647994074,1000,480,0.04791666666666667,0.05333333333333329,-0.005416666666666618
0.08,single,6,3022061958,1000,496,0.056451612903225805,0.05333333333333329,0.0031182795698925167
0.08,single,7,768550187,1000,492,0.06504065040650407,0.05333333333333329,0.011707317073170784
0.08,single,8,4119101361,1000,526,0.07034220532319392,0.05333333333333329,0.017008871989860633
0.08,single,9,2729916386,1000,490,0.053061224489795916,0.05333333333333329,-0.00027210884353737197
0.08,single,10,1307982386,1000,470,0.04468085106382979,0.05333333333333329,-0.008652482269503499
0.08,single,11,923340942,1000,478,0.043933054393305436,0.05333333333333329,-0.009400278940027852
0.08,single,12,4089241824,1000,475,0.05473684210526316,0.05333333333333329,0.001403508771929872
0.08,single,13,1682263656,1000,497,0.06841046277665996,0.05333333333333329,0.015077129443326676
0.08,single,14,57163321,1000,518,0.032818532818532815,0.05333333333333329,-0.020514800514800473
0.08,single,15,3601434176,1000,509,0.0412573673870334,0.05333333333333329,-0.012075965946299887
0.08,single,16,997581878,1000,490,0.04897959183673469,0.05333333333333329,-0.004353741496598597
0.08,single,17,1316672669,1000,498,0.05823293172690763,0.05333333333333329,0.004899598393574345
0.08,single,18,340888157,1000,518,0.055984555984555984,0.05333333333333329,0.0026512226512226955
0.08,single,19,2948305961,1000,515,0.05631067961165048,0.05333333333333329,0.0029773462783171945
0.08,single,20,1554699514,1000,490,0.044897959183673466,0.05333333333333329,-0.008435374149659822
0.08,single,21,3085009489,1000,485,0.0577319587628866,0.05333333333333329,0.004398625429553313
0.08,single,22,7981340,1000,521,0.04990403071017274,0.05333333333333329,-0.003429302623160546
0.08,single,23,296642250,1000,470,0.06595744680851064,0.05333333333333329,0.012624113475177348
0.08,single,24,2162452749,1000,512,0.04296875,0.05333333333333329,-0.010364583333333288
0.08,single,25,4058197970,1000,469,0.03837953091684435,0.05333333333333329,-0.014953802416488936
0.08,single,26,3697205192,1000,484,0.05785123966942149,0.05333333333333329,0.004517906336088201
0.08,single,27,1893341397,1000,528,0.06060606060606061,0.05333333333333329,0.0072727272727273196
0.08,single,28,2793990442,1000,500,0.038,0.05333333333333329,-0.015333333333333289
0.08,single,29,2616115235,1000,484,0.05165289256198347,0.05333333333333329,-0.0016804407713498157
0.08,single,30,3153504207,1000,500,0.058,0.05333333333333329,0.004666666666666715
0.08,single,31,1133754986,1000,521,0.046065259117082535,0.05333333333333329,-0.007268074216250753
0.08,single,32,3599614890,1000,501,0.03792415169660679,0.05333333333333329,-0.015409181636726499
0.08,single,33,2891763155,1000,497,0.0482897384305835,0.05333333333333329,-0.00504359490274979
0.08,single,34,559547506,1000,500,0.044,0.05333333333333329,-0.00933333333333329
0.08,single,35,442093674,1000,496,0.05443548387096774,0.05333333333333329,0.001102150537634454
0.08,single,36,1240327474,1000,490,0.09183673469387756,0.05333333333333329,0.03850340136054427
0.08,single,37,750677421,1000,497,0.04225352112676056,0.05333333333333329,-0.011079812206572726
0.08,single,38,261391200,1000,520,0.05961538461538462,0.05333333333333329,0.0062820512820513305
0.08,single,39,2598787596,1000,502,0.06772908366533864,0.05333333333333329,0.014395750332005353
0.08,single,40,354197199,1000,519,0.07129094412331406,0.05333333333333329,0.017957610789980774
0.08,single,41,2311330662,1000,508,0.0610236220472441,0.05333333333333329,0.007690288713910809
0.08,single,42,1250944215,1000,479,0.04384133611691023,0.05333333333333329,-0.009491997216423055
0.08,single,43,1331759592,1000,490,0.04693877551020408,0.05333333333333329,-0.006394557823129206
0.08,single,44,1978839942,1000,491,0.06720977596741344,0.05333333333333329,0.013876442634080152
0.08,single,45,2431408123,1000,522,0.05747126436781609,0.05333333333333329,0.004137931034482803
0.08,single,46,1139884115,1000,505,0.05742574257425743,0.05333333333333329,0.00409240924092414
0.08,single,47,3374445831,1000,513,0.05847953216374269,0.05333333333333329,0.005146198830409399
0.08,single,48,1557955167,1000,500,0.056,0.05333333333333329,0.002666666666666713
0.08,single,49,3695134177,1000,532,0.04887218045112782,0.05333333333333329,-0.004461152882205471
0.08,single,50,640139411,1000,496,0.05443548387096774,0.05333333333333329,0.001102150537634454
0.09,single,1,1941512633,1000,491,0.06313645621181263,0.06000000000000001,0.003136456211812619
0.09,single,2,1673556877,1000,508,0.07480314960629922,0.06000000000000001,0.014803149606299207
0.09,single,3,80447641,1000,483,0.07246376811594203,0.06000000000000001,0.01246376811594202
0.09,single,4,2152406530,1000,470,0.04893617021276596,0.06000000000000001,-0.011063829787234053
0.09,single,5,2976638326,1000,495,0.06060606060606061,0.06000000000000001,0.0006060606060605961
0.09,single,6,808582610,1000,493,0.05273833671399594,0.06000000000000001,-0.007261663286004069
0.09,single,7,1000498984,1000,509,0.060903732809430254,0.06000000000000001,0.0009037328094302424
0.09,single,8,1019791458,1000,490,0.04897959183673469,0.06000000000000001,-0.01102040816326532
0.09,single,9,2372923970,1000,479,0.06889352818371608,0.06000000000000001,0.008893528183716068
0.09,single,10,3327143595,1000,520,0.06923076923076923,0.06000000000000001,0.009230769230769223
0.09,single,11,811235141,1000,501,0.05788423153692615,0.06000000000000001,-0.002115768463073861
0.09,single,12,685547104,1000,520,0.051923076923076926,0.06000000000000001,-0.008076923076923086
0.09,single,13,2980940917,1000,521,0.04798464491362764,0.06000000000000001,-0.012015355086372373
0.09,single,14,1530480382,1000,494,0.04251012145748988,0.06000000000000001,-0.017489878542510134
0.09,single,15,213383724,1000,492,0.06910569105691057,0.06000000000000001,0.009105691056910559
0.09,single,16,2745317461,1000,529,0.062381852551984876,0.06000000000000001,0.0023818525519848643
0.09,single,17,2213844251,1000,495,0.048484848484848485,0.06000000000000001,-0.011515151515151527
0.09,single,18,790005578,1000,512,0.05078125,0.06000000000000001,-0.009218750000000012
0.09,single,19,1596777045,1000,506,0.05928853754940711,0.06000000000000001,-0.0007114624505928993
0.09,single,20,3486676993,1000,513,0.056530214424951264,0.06000000000000001,-0.0034697855750487477
0.09,single,21,1753202848,1000,495,0.05656565656565657,0.06000000000000001,-0.0034343434343434426
0.09,single,22,266196679,1000,493,0.0486815415821501,0.06000000000000001,-0.011318458417849911
0.09,single,23,2015644983,1000,514,0.07198443579766536,0.06000000000000001,0.011984435797665352
0.09,single,24,165212036,1000,506,0.05731225296442688,0.06000000000000001,-0.002687747035573132
0.09,single,25,2094027474,1000,529,0.052930056710775046,0.06000000000000001,-0.0070699432892249656
0.09,single,26,2220297440,1000,524,0.04961832061068702,0.06000000000000001,-0.01038167938931299
0.09,single,27,3071859492,1000,498,0.06224899598393574,0.06000000000000001,0.002248995983935728
0.09,single,28,1481158388,1000,514,0.058365758754863814,0.06000000000000001,-0.0016342412451361976
0.09,single,29,334606898,1000,540,0.044444444444444446,0.06000000000000001,-0.015555555555555566
0.09,single,30,3012860028,1000,515,0.05242718446601942,0.06000000000000001,-0.0075728155339805925
0.09,single,31,3745996206,1000,494,0.08097165991902834,0.06000000000000001,0.02097165991902833
0.09,single,32,2696341316,1000,488,0.05122950819672131,0.06000000000000001,-0.008770491803278699
0.09,single,33,2109316768,1000,503,0.07952286282306163,0.06000000000000001,0.01952286282306162
0.09,single,34,1585071501,1000,479,0.06263048016701461,0.06000000000000001,0.002630480167014601
0.09,single,35,3395808048,1000,485,0.08041237113402062,0.06000000000000001,0.020412371134020613
0.09,single,36,1449354637,1000,513,0.04873294346978557,0.06000000000000001,-0.01126705653021444
0.09,single,37,3001398095,1000,509,0.05108055009823183,0.06000000000000001,-0.008919449901768184
0.09,single,38,2423949060,1000,502,0.05976095617529881,0.06000000000000001,-0.00023904382470120444
0.09,single,39,365478724,1000,492,0.046747967479674794,0.06000000000000001,-0.013252032520325217
0.09,single,40,2427043936,1000,502,0.049800796812749,0.06000000000000001,-0.01019920318725101
0.09,single,41,3874191775,1000,515,0.05631067961165048,0.06000000000000001,-0.003689320388349529
0.09,single,42,4267030234,1000,492,0.06300813008130081,0.06000000000000001,0.003008130081300797
0.09,single,43,3932789339,1000,469,0.04051172707889126,0.06000000000000001,-0.019488272921108753
0.09,single,44,3309620276,1000,498,0.06827309236947791,0.06000000000000001,0.008273092369477902
0.09,single,45,2627496056,1000,497,0.06841046277665996,0.06000000000000001,0.008410462776659952
0.09,single,46,1952110825,1000,491,0.06313645621181263,0.06000000000000001,0.003136456211812619
0.09,single,47,90095978,1000,498,0.05220883534136546,0.06000000000000001,-0.007791164658634553
0.09,single,48,1285374919,1000,473,0.052854122621564484,0.06000000000000001,-0.007145877378435528
0.09,single,49,3602790026,1000,525,0.07809523809523809,0.06000000000000001,0.01809523809523808
0.09,single,50,481453722,1000,486,0.0720164609053498,0.06000000000000001,0.012016460905349788
0.1,single,1,2325920242,1000,497,0.06639839034205232,0.06666666666666665,-0.00026827632461433326
0.1,single,2,186157679,1000,511,0.0410958904109589,0.06666666666666665,-0.02557077625570775
0.1,single,3,2978070340,1000,519,0.08285163776493257,0.06666666666666665,0.016184971098265916
0.1,single,4,4159398485,1000,477,0.07547169811320754,0.06666666666666665,0.008805031446540892
0.1,single,5,440708882,1000,505,0.053465346534653464,0.06666666666666665,-0.013201320132013188
0.1,single,6,3277400977,1000,497,0.07645875251509054,0.06666666666666665,0.009792085848423893
0.1,single,7,3657026994,1000,464,0.07543103448275862,0.06666666666666665,0.008764367816091967
0.1,single,8,2021809500,1000,526,0.06844106463878327,0.06666666666666665,0.0017743979721166203
0.1,single,9,1912107291,1000,513,0.06432748538011696,0.06666666666666665,-0.0023391812865496964
0.1,single,10,1786305274,1000,503,0.07952286282306163,0.06666666666666665,0.01285619615639498
0.1,single,11,1393009774,1000,496,0.07258064516129033,0.06666666666666665,0.005913978494623676
0.1,single,12,1165953836,1000,525,0.06095238095238095,0.06666666666666665,-0.0057142857142856995
0.1,single,13,1537865593,1000,464,0.08405172413793104,0.06666666666666665,0.017385057471264384
0.1,single,14,2879867626,1000,515,0.07572815533980583,0.06666666666666665,0.009061488673139176
0.1,single,15,2724049264,1000,511,0.060665362035225046,0.06666666666666665,-0.006001304631441606
0.1,single,16,1792063715,1000,540,0.08148148148148149,0.06666666666666665,0.014814814814814836
0.1,single,17,2678573368,1000,493,0.08519269776876268,0.06666666666666665,0.018526031102096024
0.1,single,18,3823815918,1000,493,0.07302231237322515,0.06666666666666665,0.006355645706558499
0.1,single,19,26031575,1000,508,0.06496062992125984,0.06666666666666665,-0.0017060367454068137
0.1,single,20,674070151,1000,507,0.0611439842209073,0.06666666666666665,-0.005522682445759354
0.1,single,21,382738326,1000,492,0.056910569105691054,0.06666666666666665,-0.009756097560975598
0.1,single,22,1156649072,1000,511,0.07045009784735812,0.06666666666666665,0.0037834311806914656
0.1,single,23,1664723874,1000,514,0.07392996108949416,0.06666666666666665,0.007263294422827513
0.1,single,24,2775399268,1000,443,0.08803611738148984,0.06666666666666665,0.021369450714823185
0.1,single,25,114070335,1000,514,0.058365758754863814,0.06666666666666665,-0.008300907911802838
0.1,single,26,3287573796,1000,491,0.07739307535641547,0.06666666666666665,0.01072640868974882
0.1,single,27,4212055576,1000,492,0.08333333333333333,0.06666666666666665,0.016666666666666677
0.1,single,28,878789483,1000,494,0.0931174089068826,0.06666666666666665,0.026450742240215944
0.1,single,29,751699395,1000,519,0.08285163776493257,0.06666666666666665,0.016184971098265916
0.1,single,30,4220588954,1000,498,0.060240963855421686,0.06666666666666665,-0.0064257028112449655
0.1,single,31,1836834048,1000,507,0.05719921104536489,0.06666666666666665,-0.00946745562130176
0.1,single,32,744264586,1000,500,0.072,0.06666666666666665,0.005333333333333343
0.1,single,33,4256502625,1000,498,0.08032128514056225,0.06666666666666665,0.013654618473895597
0.1,single,34,789234381,1000,518,0.07915057915057915,0.06666666666666665,0.012483912483912493
0.1,single,35,296751803,1000,508,0.051181102362204724,0.06666666666666665,-0.015485564304461928
0.1,single,36,2532221504,1000,501,0.0499001996007984,0.06666666666666665,-0.01676646706586825
0.1,single,37,2288758332,1000,502,0.043824701195219126,0.06666666666666665,-0.022841965471447526
0.1,single,38,3055428093,1000,497,0.07243460764587525,0.06666666666666665,0.005767940979208602
0.1,single,39,171625001,1000,498,0.06626506024096386,0.06666666666666665,-0.00040160642570279126
0.1,single,40,486577887,1000,486,0.07818930041152264,0.06666666666666665,0.011522633744855987
0.1,single,41,3017392354,1000,499,0.08817635270541083,0.06666666666666665,0.021509686038744175
0.1,single,42,3715861973,1000,527,0.06641366223908918,0.06666666666666665,-0.00025300442757747454
0.1,single,43,3693266260,1000,517,0.05222437137330754,0.06666666666666665,-0.014442295293359109
0.1,single,44,914915568,1000,526,0.045627376425855515,0.06666666666666665,-0.021039290240811137
0.1,single,45,2053776618,1000,510,0.08235294117647059,0.06666666666666665,0.015686274509803935
0.1,single,46,1671410599,1000,506,0.0691699604743083,0.06666666666666665,0.0025032938076416517
0.1,single,47,1881965335,1000,498,0.08433734939759036,0.06666666666666665,0.017670682730923704
0.1,single,48,2206266535,1000,517,0.08704061895551257,0.06666666666666665,0.02037395228884592
0.1,single,49,1806144183,1000,501,0.0658682634730539,0.06666666666666665,-0.0007984031936127539
0.1,single,50,3603815148,1000,473,0.0613107822410148,0.06666666666666665,-0.005355884425651852
0.01,dual,1,193135606,1000,514,0.011673151750972763,0.011599999999999938,7.315175097282432e-05
0.01,dual,2,501010146,1000,503,0.007952286282306162,0.011599999999999938,-0.0036477137176937763
0.01,dual,3,4259303182,1000,508,0.00984251968503937,0.011599999999999938,-0.0017574803149605685
0.01,dual,4,1124744476,1000,503,0.015904572564612324,0.011599999999999938,0.004304572564612386
0.01,dual,5,1826933376,1000,487,0.01026694045174538,0.011599999999999938,-0.001333059548254559
0.01,dual,6,2770843062,1000,508,0.015748031496062992,0.011599999999999938,0.004148031496063053
0.01,dual,7,4258477137,1000,523,0.009560229445506692,0.011599999999999938,-0.0020397705544932462
0.01,dual,8,498560212,1000,502,0.01195219123505976,0.011599999999999938,0.00035219123505982226
0.01,dual,9,1082926852,1000,483,0.010351966873706004,0.011599999999999938,-0.0012480331262939345
0.01,dual,10,2124437933,1000,560,0.008928571428571428,0.011599999999999938,-0.0026714285714285104
0.01,dual,11,4223563219,1000,481,0.010395010395010396,0.011599999999999938,-0.001204989604989543
0.01,dual,12,1553264383,1000,487,0.014373716632443531,0.011599999999999938,0.002773716632443593
0.01,dual,13,2946272326,1000,519,0.007707129094412331,0.011599999999999938,-0.003892870905587607
0.01,dual,14,1250931011,1000,492,0.012195121951219513,0.011599999999999938,0.0005951219512195741
0.01,dual,15,372244041,1000,493,0.014198782961460446,0.011599999999999938,0.0025987829614605076
0.01,dual,16,2246153675,1000,521,0.015355086372360844,0.011599999999999938,0.0037550863723609055
0.01,dual,17,778880817,1000,521,0.009596928982725527,0.011599999999999938,-0.0020030710172744114
0.01,dual,18,4213748816,1000,495,0.00808080808080808,0.011599999999999938,-0.0035191919191918577
0.01,dual,19,476317651,1000,521,0.0019193857965451055,0.011599999999999938,-0.009680614203454833
0.01,dual,20,2428361596,1000,521,0.011516314779270634,0.011599999999999938,-8.368522072930464e-05
0.01,dual,21,2834593937,1000,506,0.01383399209486166,0.011599999999999938,0.0022339920948617215
0.01,dual,22,2271464273,1000,482,0.008298755186721992,0.011599999999999938,-0.0033012448132779468
0.01,dual,23,691852739,1000,525,0.011428571428571429,0.011599999999999938,-0.00017142857142850992
0.01,dual,24,3566812483,1000,495,0.010101010101010102,0.011599999999999938,-0.0014989898989898366
0.01,dual,25,1765140806,1000,517,0.02127659574468085,0.011599999999999938,0.009676595744680912
0.01,dual,26,4049391541,1000,479,0.016701461377870562,0.011599999999999938,0.0051014613778706235
0.01,dual,27,3969439970,1000,513,0.017543859649122806,0.011599999999999938,0.0059438596491228676
0.01,dual,28,3381768627,1000,540,0.018518518518518517,0.011599999999999938,0.006918518518518579
0.01,dual,29,1806012013,1000,491,0.012219959266802444,0.011599999999999938,0.0006199592668025052
0.01,dual,30,236655208,1000,495,0.020202020202020204,0.011599999999999938,0.008602020202020265
0.01,dual,31,678988804,1000,498,0.008032128514056224,0.011599999999999938,-0.0035678714859437143
0.01,dual,32,2136511690,1000,507,0.015779092702169626,0.011599999999999938,0.0041790927021696875
0.01,dual,33,2988634976,1000,482,0.01037344398340249,0.011599999999999938,-0.0012265560165974493
0.01,dual,34,490467252,1000,533,0.01876172607879925,0.011599999999999938,0.007161726078799313
0.01,dual,35,475321548,1000,484,0.010330578512396695,0.011599999999999938,-0.001269421487603244
0.01,dual,36,591306613,1000,489,0.014314928425357873,0.011599999999999938,0.0027149284253579348
0.01,dual,37,4293936293,1000,499,0.012024048096192385,0.011599999999999938,0.00042404809619244616
0.01,dual,38,433678982,1000,490,0.022448979591836733,0.011599999999999938,0.010848979591836795
0.01,dual,39,254434849,1000,524,0.01717557251908397,0.011599999999999938,0.005575572519084032
0.01,dual,40,3764122116,1000,491,0.008146639511201629,0.011599999999999938,-0.00345336048879831
0.01,dual,41,3775341834,1000,513,0.01949317738791423,0.011599999999999938,0.00789317738791429
0.01,dual,42,2295161790,1000,499,0.02004008016032064,0.011599999999999938,0.008440080160320702
0.01,dual,43,1340675953,1000,522,0.017241379310344827,0.011599999999999938,0.005641379310344889
0.01,dual,44,4228800679,1000,462,0.008658008658008658,0.011599999999999938,-0.0029419913419912805
0.01,dual,45,710981592,1000,496,0.010080645161290322,0.011599999999999938,-0.0015193548387096162
0.01,dual,46,511236393,1000,489,0.0081799591002045,0.011599999999999938,-0.0034200408997954387
0.01,dual,47,1292947281,1000,497,0.006036217303822937,0.011599999999999938,-0.005563782696177001
0.01,dual,48,2402102091,1000,505,0.007920792079207921,0.011599999999999938,-0.0036792079207920176
0.01,dual,49,1836930133,1000,500,0.01,0.011599999999999938,-0.0015999999999999383
0.01,dual,50,3577390046,1000,506,0.009881422924901186,0.011599999999999938,-0.0017185770750987525
0.02,dual,1,1678078846,1000,492,0.01016260162601626,0.02306666666666668,-0.01290406504065042
0.02,dual,2,2699585592,1000,506,0.017786561264822136,0.02306666666666668,-0.005280105401844544
0.02,dual,3,2724668770,1000,508,0.01968503937007874,0.02306666666666668,-0.00338162729658794
0.02,dual,4,573465843,1000,482,0.012448132780082987,0.02306666666666668,-0.010618533886583693
0.02,dual,5,212079497,1000,499,0.03006012024048096,0.02306666666666668,0.006993453573814281
0.02,dual,6,984074616,1000,487,0.01642710472279261,0.02306666666666668,-0.006639561943874071
0.02,dual,7,1307642389,1000,498,0.018072289156626505,0.02306666666666668,-0.0049943775100401745
0.02,dual,8,687939736,1000,477,0.016771488469601678,0.02306666666666668,-0.006295178197065002
0.02,dual,9,3127913085,1000,494,0.022267206477732792,0.02306666666666668,-0.0007994601889338877
0.02,dual,10,1439181775,1000,517,0.019342359767891684,0.02306666666666668,-0.0037243068987749955
0.02,dual,11,1798552244,1000,518,0.017374517374517374,0.02306666666666668,-0.005692149292149305
0.02,dual,12,1507260406,1000,488,0.02663934426229508,0.02306666666666668,0.0035726775956284006
0.02,dual,13,2794955178,1000,495,0.022222222222222223,0.02306666666666668,-0.0008444444444444567
0.02,dual,14,3739302040,1000,483,0.024844720496894408,0.02306666666666668,0.0017780538302277285
0.02,dual,15,3968829750,1000,464,0.03017241379310345,0.02306666666666668,0.00710574712643677
0.02,dual,16,2134518514,1000,511,0.019569471624266144,0.02306666666666668,-0.003497195042400536
0.02,dual,17,4070250135,1000,513,0.021442495126705652,0.02306666666666668,-0.001624171539961028
0.02,dual,18,1792418781,1000,491,0.03054989816700611,0.02306666666666668,0.0074832315003394295
0.02,dual,19,4046517163,1000,522,0.032567049808429116,0.02306666666666668,0.009500383141762436
0.02,dual,20,1598216252,1000,505,0.011881188118811881,0.02306666666666668,-0.011185478547854798
0.02,dual,21,3206958810,1000,499,0.02404809619238477,0.02306666666666668,0.0009814295257180895
0.02,dual,22,3307576552,1000,490,0.018367346938775512,0.02306666666666668,-0.004699319727891168
0.02,dual,23,1585347749,1000,479,0.020876826722338204,0.02306666666666668,-0.0021898399443284755
0.02,dual,24,2260050727,1000,506,0.03162055335968379,0.02306666666666668,0.008553886693017113
0.02,dual,25,2419873596,1000,488,0.010245901639344262,0.02306666666666668,-0.012820765027322418
0.02,dual,26,863734220,1000,511,0.011741682974559686,0.02306666666666668,-0.011324983692106994
0.02,dual,27,3827926869,1000,467,0.023554603854389723,0.02306666666666668,0.00048793718772304276
0.02,dual,28,3652179294,1000,501,0.021956087824351298,0.02306666666666668,-0.0011105788423153816
0.02,dual,29,969127440,1000,501,0.017964071856287425,0.02306666666666668,-0.005102594810379255
0.02,dual,30,3647319730,1000,469,0.017057569296375266,0.02306666666666668,-0.0060090973702914136
0.02,dual,31,893809274,1000,492,0.028455284552845527,0.02306666666666668,0.005388617886178847
0.02,dual,32,1601919165,1000,502,0.035856573705179286,0.02306666666666668,0.012789907038512606
0.02,dual,33,1377616162,1000,497,0.018108651911468814,0.02306666666666668,-0.004958014755197866
0.02,dual,34,1680802441,1000,477,0.012578616352201259,0.02306666666666668,-0.010488050314465421
0.02,dual,35,2193515198,1000,471,0.014861995753715499,0.02306666666666668,-0.00820467091295118
0.02,dual,36,1623434126,1000,518,0.02702702702702703,0.02306666666666668,0.003960360360360349
0.02,dual,37,3786880264,1000,507,0.023668639053254437,0.02306666666666668,0.0006019723865877576
0.02,dual,38,264082084,1000,470,0.02127659574468085,0.02306666666666668,-0.0017900709219858292
0.02,dual,39,380730066,1000,506,0.025691699604743084,0.02306666666666668,0.002625032938076404
0.02,dual,40,3689737370,1000,499,0.03406813627254509,0.02306666666666668,0.01100146960587841
0.02,dual,41,4225990119,1000,503,0.017892644135188866,0.02306666666666668,-0.0051740225314778135
0.02,dual,42,3351218162,1000,510,0.03137254901960784,0.02306666666666668,0.008305882352941163
0.02,dual,43,209685797,1000,503,0.03578528827037773,0.02306666666666668,0.012718621603711053
0.02,dual,44,509568193,1000,519,0.02119460500963391,0.02306666666666668,-0.0018720616570327697
0.02,dual,45,3486980125,1000,502,0.037848605577689244,0.02306666666666668,0.014781938911022564
0.02,dual,46,3450119066,1000,499,0.03006012024048096,0.02306666666666668,0.006993453573814281
0.02,dual,47,3826440177,1000,491,0.018329938900203666,0.02306666666666668,-0.004736727766463014
0.02,dual,48,1337460783,1000,494,0.018218623481781375,0.02306666666666668,-0.004848043184885305
0.02,dual,49,1095342441,1000,473,0.016913319238900635,0.02306666666666668,-0.006153347427766045
0.02,dual,50,912337101,1000,489,0.03680981595092025,0.02306666666666668,0.013743149284253568
0.03,dual,1,2972968347,1000,485,0.032989690721649485,0.03440000000000006,-0.0014103092783505772
0.03,dual,2,70538039,1000,498,0.03413654618473896,0.03440000000000006,-0.00026345381526110545
0.03,dual,3,153128507,1000,496,0.02620967741935484,0.03440000000000006,-0.008190322580645223
0.03,dual,4,1086631961,1000,481,0.035343035343035345,0.03440000000000006,0.0009430353430352825
0.03,dual,5,2127126728,1000,501,0.03792415169660679,0.03440000000000006,0.003524151696606727
0.03,dual,6,3036023326,1000,500,0.052,0.03440000000000006,0.017599999999999935
0.03,dual,7,424258847,1000,520,0.023076923076923078,0.03440000000000006,-0.011323076923076984
0.03,dual,8,1763058670,1000,520,0.032692307692307694,0.03440000000000006,-0.0017076923076923683
0.03,dual,9,2843227524,1000,487,0.043121149897330596,0.03440000000000006,0.008721149897330534
0.03,dual,10,2308407659,1000,529,0.034026465028355386,0.03440000000000006,-0.0003735349716446762
0.03,dual,11,1440194007,1000,477,0.04612159329140461,0.03440000000000006,0.011721593291404549
0.03,dual,12,1871500230,1000,512,0.029296875,0.03440000000000006,-0.0051031250000000625
0.03,dual,13,2185740148,1000,495,0.028282828282828285,0.03440000000000006,-0.006117171717171778
0.03,dual,14,1873794779,1000,492,0.04065040650406504,0.03440000000000006,0.006250406504064977
0.03,dual,15,1310667788,1000,500,0.05,0.03440000000000006,0.01559999999999994
0.03,dual,16,2277050625,1000,501,0.021956087824351298,0.03440000000000006,-0.012443912175648764
0.03,dual,17,3187697102,1000,509,0.03929273084479371,0.03440000000000006,0.00489273084479365
0.03,dual,18,2353813507,1000,527,0.026565464895635674,0.03440000000000006,-0.007834535104364389
0.03,dual,19,1350102156,1000,503,0.03777335984095427,0.03440000000000006,0.0033733598409542084
0.03,dual,20,1799090509,1000,505,0.027722772277227723,0.03440000000000006,-0.006677227722772339
0.03,dual,21,2658285975,1000,496,0.04435483870967742,0.03440000000000006,0.009954838709677359
0.03,dual,22,2857615910,1000,505,0.027722772277227723,0.03440000000000006,-0.006677227722772339
0.03,dual,23,3677821387,1000,523,0.036328871892925434,0.03440000000000006,0.0019288718929253712
0.03,dual,24,1126142293,1000,495,0.046464646464646465,0.03440000000000006,0.012064646464646403
0.03,dual,25,3967969290,1000,524,0.04198473282442748,0.03440000000000006,0.007584732824427419
0.03,dual,26,3949638878,1000,497,0.03822937625754527,0.03440000000000006,0.0038293762575452098
0.03,dual,27,3134708650,1000,506,0.015810276679841896,0.03440000000000006,-0.018589723320158166
0.03,dual,28,2445774641,1000,498,0.028112449799196786,0.03440000000000006,-0.006287550200803276
0.03,dual,29,671714290,1000,479,0.037578288100208766,0.03440000000000006,0.0031782881002087038
0.03,dual,30,3404662626,1000,496,0.024193548387096774,0.03440000000000006,-0.010206451612903289
0.03,dual,31,2226046657,1000,501,0.033932135728542916,0.03440000000000006,-0.0004678642714571468
0.03,dual,32,367433237,1000,508,0.025590551181102362,0.03440000000000006,-0.0088094488188977
0.03,dual,33,2177073078,1000,505,0.03762376237623762,0.03440000000000006,0.00322376237623756
0.03,dual,34,1794320332,1000,492,0.032520325203252036,0.03440000000000006,-0.0018796747967480265
0.03,dual,35,3701770914,1000,505,0.027722772277227723,0.03440000000000006,-0.006677227722772339
0.03,dual,36,1299854484,1000,476,0.025210084033613446,0.03440000000000006,-0.009189915966386616
0.03,dual,37,3822482351,1000,508,0.02952755905511811,0.03440000000000006,-0.004872440944881953
0.03,dual,38,1716898915,1000,467,0.04068522483940043,0.03440000000000006,0.006285224839400368
0.03,dual,39,4072096371,1000,517,0.03288201160541586,0.03440000000000006,-0.0015179883945842035
0.03,dual,40,3330508669,1000,501,0.02594810379241517,0.03440000000000006,-0.008451896207584894
0.03,dual,41,4088392754,1000,521,0.05182341650671785,0.03440000000000006,0.01742341650671779
0.03,dual,42,454080305,1000,457,0.0350109409190372,0.03440000000000006,0.0006109409190371354
0.03,dual,43,4005132079,1000,541,0.022181146025878003,0.03440000000000006,-0.012218853974122059
0.03,dual,44,398462693,1000,479,0.04592901878914405,0.03440000000000006,0.011529018789143988
0.03,dual,45,1178509783,1000,505,0.03564356435643564,0.03440000000000006,0.001243564356435578
0.03,dual,46,2507699931,1000,511,0.03718199608610567,0.03440000000000006,0.0027819960861056106
0.03,dual,47,980073736,1000,504,0.025793650793650792,0.03440000000000006,-0.00860634920634927
0.03,dual,48,3648074127,1000,501,0.031936127744510975,0.03440000000000006,-0.002463872255489087
0.03,dual,49,1829677358,1000,475,0.031578947368421054,0.03440000000000006,-0.002821052631579009
0.03,dual,50,1979378582,1000,488,0.02459016393442623,0.03440000000000006,-0.009809836065573833
0.04,dual,1,20292418,1000,504,0.03571428571428571,0.045599999999999974,-0.009885714285714262
0.04,dual,2,3841708423,1000,486,0.03497942386831276,0.045599999999999974,-0.010620576131687216
0.04,dual,3,1446248650,1000,489,0.044989775051124746,0.045599999999999974,-0.0006102249488752279
0.04,dual,4,3684091774,1000,484,0.04132231404958678,0.045599999999999974,-0.004277685950413196
0.04,dual,5,3053041211,1000,506,0.03557312252964427,0.045599999999999974,-0.010026877470355702
0.04,dual,6,636851824,1000,496,0.04032258064516129,0.045599999999999974,-0.005277419354838685
0.04,dual,7,4215528152,1000,504,0.03968253968253968,0.045599999999999974,-0.0059174603174602936
0.04,dual,8,3991731896,1000,499,0.04008016032064128,0.045599999999999974,-0.005519839679358693
0.04,dual,9,2421824324,1000,491,0.04073319755600815,0.045599999999999974,-0.004866802443991826
0.04,dual,10,1763784344,1000,523,0.03441682600382409,0.045599999999999974,-0.011183173996175882
0.04,dual,11,3405455564,1000,470,0.0425531914893617,0.045599999999999974,-0.003046808510638273
0.04,dual,12,535412456,1000,492,0.052845528455284556,0.045599999999999974,0.007245528455284582
0.04,dual,13,3201414176,1000,493,0.034482758620689655,0.045599999999999974,-0.01111724137931032
0.04,dual,14,373530263,1000,504,0.03968253968253968,0.045599999999999974,-0.0059174603174602936
0.04,dual,15,666628808,1000,520,0.04038461538461539,0.045599999999999974,-0.005215384615384587
0.04,dual,16,1140019023,1000,513,0.056530214424951264,0.045599999999999974,0.01093021442495129
0.04,dual,17,2012258082,1000,495,0.03232323232323232,0.045599999999999974,-0.01327676767676765
0.04,dual,18,2638698660,1000,481,0.035343035343035345,0.045599999999999974,-0.010256964656964629
0.04,dual,19,2501723138,1000,488,0.05737704918032787,0.045599999999999974,0.011777049180327896
0.04,dual,20,2214135133,1000,473,0.03805496828752643,0.045599999999999974,-0.007545031712473546
0.04,dual,21,327052338,1000,493,0.04665314401622718,0.045599999999999974,0.001053144016227206
0.04,dual,22,50562984,1000,499,0.05410821643286573,0.045599999999999974,0.008508216432865756
0.04,dual,23,536060584,1000,473,0.040169133192389,0.045599999999999974,-0.005430866807610971
0.04,dual,24,1436851754,1000,515,0.038834951456310676,0.045599999999999974,-0.006765048543689298
0.04,dual,25,2986389568,1000,502,0.043824701195219126,0.045599999999999974,-0.0017752988047808477
0.04,dual,26,885530655,1000,488,0.05737704918032787,0.045599999999999974,0.011777049180327896
0.04,dual,27,3761351471,1000,518,0.03667953667953668,0.045599999999999974,-0.008920463320463291
0.04,dual,28,3370869760,1000,501,0.04790419161676647,0.045599999999999974,0.002304191616766496
0.04,dual,29,4263640274,1000,492,0.042682926829268296,0.045599999999999974,-0.002917073170731678
0.04,dual,30,1612234153,1000,507,0.0650887573964497,0.045599999999999974,0.01948875739644973
0.04,dual,31,2743746923,1000,489,0.04294478527607362,0.045599999999999974,-0.0026552147239263524
0.04,dual,32,2734980351,1000,485,0.041237113402061855,0.045599999999999974,-0.004362886597938119
0.04,dual,33,573779291,1000,486,0.06378600823045268,0.045599999999999974,0.018186008230452702
0.04,dual,34,3457701869,1000,495,0.050505050505050504,0.045599999999999974,0.00490505050505053
0.04,dual,35,4207104852,1000,472,0.036016949152542374,0.045599999999999974,-0.0095830508474576
0.04,dual,36,3900532434,1000,518,0.05019305019305019,0.045599999999999974,0.004593050193050216
0.04,dual,37,399098290,1000,490,0.0326530612244898,0.045599999999999974,-0.012946938775510175
0.04,dual,38,194689101,1000,507,0.03747534516765286,0.045599999999999974,-0.008124654832347117
0.04,dual,39,2013944428,1000,496,0.028225806451612902,0.045599999999999974,-0.01737419354838707
0.04,dual,40,3406961547,1000,485,0.041237113402061855,0.045599999999999974,-0.004362886597938119
0.04,dual,41,2554902225,1000,503,0.041749502982107355,0.045599999999999974,-0.0038504970178926193
0.04,dual,42,3369612549,1000,491,0.048879837067209775,0.045599999999999974,0.003279837067209801
0.04,dual,43,514522217,1000,485,0.04329896907216495,0.045599999999999974,-0.0023010309278350266
0.04,dual,44,946558064,1000,519,0.04238921001926782,0.045599999999999974,-0.003210789980732154
0.04,dual,45,3995859893,1000,511,0.0410958904109589,0.045599999999999974,-0.004504109589041072
0.04,dual,46,2818921818,1000,488,0.040983606557377046,0.045599999999999974,-0.004616393442622928
0.04,dual,47,555159312,1000,496,0.0625,0.045599999999999974,0.016900000000000026
0.04,dual,48,2614436383,1000,497,0.03621730382293763,0.045599999999999974,-0.009382696177062347
0.04,dual,49,1908788713,1000,486,0.05555555555555555,0.045599999999999974,0.009955555555555579
0.04,dual,50,317173583,1000,505,0.055445544554455446,0.045599999999999974,0.009845544554455472
0.05,dual,1,2372375573,1000,492,0.042682926829268296,0.05666666666666659,-0.013983739837398292
0.05,dual,2,796238561,1000,508,0.04330708661417323,0.05666666666666659,-0.01335958005249336
0.05,dual,3,1957853646,1000,538,0.07434944237918216,0.05666666666666659,0.017682775712515572
0.05,dual,4,3113073214,1000,514,0.06031128404669261,0.05666666666666659,0.0036446173800260204
0.05,dual,5,2168487348,1000,497,0.052313883299798795,0.05666666666666659,-0.004352783366867792
0.05,dual,6,1103443998,1000,497,0.056338028169014086,0.05666666666666659,-0.0003286384976525017
0.05,dual,7,902293517,1000,503,0.0437375745526839,0.05666666666666659,-0.012929092113982688
0.05,dual,8,38415197,1000,483,0.053830227743271224,0.05666666666666659,-0.002836438923395364
0.05,dual,9,3644478269,1000,501,0.06387225548902195,0.05666666666666659,0.007205588822355363
0.05,dual,10,423141377,1000,483,0.07867494824016563,0.05666666666666659,0.022008281573499044
0.05,dual,11,3226275390,1000,489,0.05112474437627812,0.05666666666666659,-0.005541922290388468
0.05,dual,12,3473080853,1000,471,0.06581740976645435,0.05666666666666659,0.009150743099787764
0.05,dual,13,1824604476,1000,512,0.046875,0.05666666666666659,-0.009791666666666587
0.05,dual,14,1079874797,1000,507,0.045364891518737675,0.05666666666666659,-0.011301775147928912
0.05,dual,15,4291179280,1000,524,0.06297709923664122,0.05666666666666659,0.006310432569974628
0.05,dual,16,3838184356,1000,502,0.04780876494023904,0.05666666666666659,-0.008857901726427544
0.05,dual,17,603383157,1000,478,0.05439330543933055,0.05666666666666659,-0.0022733612273360404
0.05,dual,18,2963674309,1000,518,0.0444015444015444,0.05666666666666659,-0.012265122265122184
0.05,dual,19,3903985186,1000,516,0.060077519379844964,0.05666666666666659,0.0034108527131783764
0.05,dual,20,736255395,1000,502,0.06573705179282868,0.05666666666666659,0.009070385126162095
0.05,dual,21,3129264274,1000,513,0.06042884990253411,0.05666666666666659,0.0037621832358675222
0.05,dual,22,3685719828,1000,501,0.05189620758483034,0.05666666666666659,-0.004770459081836251
0.05,dual,23,852956324,1000,478,0.05439330543933055,0.05666666666666659,-0.0022733612273360404
0.05,dual,24,1138911926,1000,492,0.06504065040650407,0.05666666666666659,0.008373983739837484
0.05,dual,25,594436294,1000,475,0.04631578947368421,0.05666666666666659,-0.010350877192982375
0.05,dual,26,4242941943,1000,503,0.061630218687872766,0.05666666666666659,0.004963552021206179
0.05,dual,27,3083776967,1000,508,0.047244094488188976,0.05666666666666659,-0.009422572178477612
0.05,dual,28,158460244,1000,482,0.06016597510373444,0.05666666666666659,0.0034993084370678537
0.05,dual,29,2932290919,1000,471,0.07218683651804671,0.05666666666666659,0.01552016985138012
0.05,dual,30,946334285,1000,500,0.062,0.05666666666666659,0.005333333333333412
0.05,dual,31,2912582615,1000,512,0.0546875,0.05666666666666659,-0.0019791666666665875
0.05,dual,32,3298272745,1000,506,0.06719367588932806,0.05666666666666659,0.010527009222661476
0.05,dual,33,3029819993,1000,492,0.04878048780487805,0.05666666666666659,-0.007886178861788537
0.05,dual,34,757938621,1000,486,0.0720164609053498,0.05666666666666659,0.015349794238683212
0.05,dual,35,3136955496,1000,496,0.0625,0.05666666666666659,0.0058333333333334125
0.05,dual,36,57172511,1000,484,0.06198347107438017,0.05666666666666659,0.0053168044077135795
0.05,dual,37,2963628201,1000,462,0.05411255411255411,0.05666666666666659,-0.0025541125541124754
0.05,dual,38,625258310,1000,498,0.05823293172690763,0.05666666666666659,0.0015662650602410455
0.05,dual,39,1931406059,1000,498,0.060240963855421686,0.05666666666666659,0.003574297188755099
0.05,dual,40,3487530897,1000,529,0.06049149338374291,0.05666666666666659,0.0038248267170763253
0.05,dual,41,1987542822,1000,522,0.04980842911877394,0.05666666666666659,-0.006858237547892644
0.05,dual,42,1581351571,1000,523,0.05353728489483748,0.05666666666666659,-0.003129381771829108
0.05,dual,43,2479066401,1000,511,0.05283757338551859,0.05666666666666659,-0.0038290932811479994
0.05,dual,44,2815545610,1000,528,0.0625,0.05666666666666659,0.0058333333333334125
0.05,dual,45,2096690595,1000,511,0.07240704500978473,0.05666666666666659,0.015740378343118144
0.05,dual,46,4107815423,1000,510,0.029411764705882353,0.05666666666666659,-0.027254901960784235
0.05,dual,47,2322028123,1000,489,0.07975460122699386,0.05666666666666659,0.023087934560327275
0.05,dual,48,4062194665,1000,510,0.0392156862745098,0.05666666666666659,-0.017450980392156784
0.05,dual,49,3101630693,1000,509,0.0550098231827112,0.05666666666666659,-0.0016568434839553878
0.05,dual,50,1699220657,1000,486,0.06172839506172839,0.05666666666666659,0.005061728395061804
0.06,dual,1,714312201,1000,503,0.07157057654075547,0.0676,0.003970576540755472
0.06,dual,2,932110474,1000,484,0.09504132231404959,0.0676,0.027441322314049596
0.06,dual,3,132310261,1000,521,0.0690978886756238,0.0676,0.0014978886756238097
0.06,dual,4,1690529622,1000,478,0.07531380753138076,0.0676,0.007713807531380762
0.06,dual,5,226116142,1000,485,0.07010309278350516,0.0676,0.002503092783505162
0.06,dual,6,2837616096,1000,494,0.08704453441295547,0.0676,0.019444534412955475
0.06,dual,7,1223811958,1000,493,0.0973630831643002,0.0676,0.029763083164300208
0.06,dual,8,3820082541,1000,499,0.07414829659318638,0.0676,0.006548296593186384
0.06,dual,9,885831520,1000,492,0.07113821138211382,0.0676,0.003538211382113826
0.06,dual,10,2972407964,1000,501,0.06786427145708583,0.0676,0.0002642714570858379
0.06,dual,11,1918239609,1000,505,0.06732673267326733,0.0676,-0.0002732673267326624
0.06,dual,12,429269225,1000,499,0.07414829659318638,0.0676,0.006548296593186384
0.06,dual,13,2939687331,1000,511,0.08023483365949119,0.0676,0.012634833659491196
0.06,dual,14,739934779,1000,502,0.0796812749003984,0.0676,0.012081274900398412
0.06,dual,15,2495209617,1000,464,0.0603448275862069,0.0676,-0.007255172413793094
0.06,dual,16,954620969,1000,491,0.07739307535641547,0.0676,0.009793075356415479
0.06,dual,17,336496416,1000,500,0.06,0.0676,-0.007599999999999996
0.06,dual,18,223625436,1000,464,0.0668103448275862,0.0676,-0.0007896551724137918
0.06,dual,19,197501499,1000,511,0.07436399217221135,0.0676,0.006763992172211353
0.06,dual,20,3629396077,1000,470,0.0851063829787234,0.0676,0.01750638297872341
0.06,dual,21,2907905175,1000,491,0.05702647657841141,0.0676,-0.010573523421588585
0.06,dual,22,71694047,1000,529,0.06427221172022685,0.0676,-0.0033277882797731473
0.06,dual,23,2352082070,1000,483,0.07867494824016563,0.0676,0.011074948240165639
0.06,dual,24,2413512235,1000,483,0.06832298136645963,0.0676,0.000722981366459638
0.06,dual,25,2406237312,1000,498,0.07028112449799197,0.0676,0.002681124497991974
0.06,dual,26,922124405,1000,517,0.08317214700193423,0.0676,0.015572147001934239
0.06,dual,27,3109875024,1000,513,0.05263157894736842,0.0676,-0.014968421052631575
0.06,dual,28,2128529287,1000,485,0.09072164948453608,0.0676,0.023121649484536086
0.06,dual,29,1616502418,1000,514,0.06420233463035019,0.0676,-0.003397665369649805
0.06,dual,30,1290093403,1000,473,0.06976744186046512,0.0676,0.002167441860465122
0.06,dual,31,2905302086,1000,511,0.05870841487279843,0.0676,-0.008891585127201562
0.06,dual,32,841223087,1000,521,0.05950095969289827,0.0676,-0.00809904030710172
0.06,dual,33,2726153678,1000,488,0.06147540983606557,0.0676,-0.006124590163934421
0.06,dual,34,3181465537,1000,519,0.05202312138728324,0.0676,-0.015576878612716755
0.06,dual,35,1845419550,1000,507,0.0611439842209073,0.0676,-0.006456015779092696
0.06,dual,36,285436267,1000,511,0.05675146771037182,0.0676,-0.010848532289628177
0.06,dual,37,2924841109,1000,448,0.08482142857142858,0.0676,0.017221428571428582
0.06,dual,38,2935615812,1000,495,0.08080808080808081,0.0676,0.013208080808080822
0.06,dual,39,2976166599,1000,535,0.04672897196261682,0.0676,-0.020871028037383173
0.06,dual,40,1790987884,1000,498,0.060240963855421686,0.0676,-0.007359036144578307
0.06,dual,41,2035899020,1000,499,0.06613226452905811,0.0676,-0.0014677354709418805
0.06,dual,42,2617263197,1000,453,0.059602649006622516,0.0676,-0.007997350993377478
0.06,dual,43,2920380561,1000,509,0.043222003929273084,0.0676,-0.02437799607072691
0.06,dual,44,2161595125,1000,490,0.061224489795918366,0.0676,-0.0063755102040816275
0.06,dual,45,2189920732,1000,492,0.06504065040650407,0.0676,-0.0025593495934959215
0.06,dual,46,349120745,1000,507,0.0650887573964497,0.0676,-0.00251124260355029
0.06,dual,47,1096809599,1000,526,0.06273764258555133,0.0676,-0.0048623574144486675
0.06,dual,48,435705631,1000,485,0.07010309278350516,0.0676,0.002503092783505162
0.06,dual,49,3080883314,1000,491,0.059063136456211814,0.0676,-0.00853686354378818
0.06,dual,50,2437209480,1000,493,0.07302231237322515,0.0676,0.005422312373225158
0.07,dual,1,1411582568,1000,495,0.07272727272727272,0.07839999999999994,-0.005672727272727218
0.07,dual,2,935943691,1000,497,0.06841046277665996,0.07839999999999994,-0.009989537223339978
0.07,dual,3,1188025070,1000,522,0.10344827586206896,0.07839999999999994,0.025048275862069022
0.07,dual,4,2600064124,1000,483,0.07660455486542443,0.07839999999999994,-0.0017954451345755101
0.07,dual,5,4210272317,1000,492,0.08536585365853659,0.07839999999999994,0.00696585365853665
0.07,dual,6,2270099707,1000,514,0.07392996108949416,0.07839999999999994,-0.0044700389105057775
0.07,dual,7,135981394,1000,506,0.08893280632411067,0.07839999999999994,0.01053280632411073
0.07,dual,8,3241090320,1000,508,0.06299212598425197,0.07839999999999994,-0.015407874015747974
0.07,dual,9,3565053585,1000,505,0.06732673267326733,0.07839999999999994,-0.011073267326732611
0.07,dual,10,1135170469,1000,506,0.0691699604743083,0.07839999999999994,-0.009230039525691638
0.07,dual,11,3769094672,1000,515,0.062135922330097085,0.07839999999999994,-0.016264077669902857
0.07,dual,12,2591081052,1000,505,0.07920792079207921,0.07839999999999994,0.0008079207920792669
0.07,dual,13,3369415806,1000,498,0.09839357429718876,0.07839999999999994,0.019993574297188815
0.07,dual,14,3272276595,1000,489,0.09202453987730061,0.07839999999999994,0.013624539877300668
0.07,dual,15,2099809549,1000,509,0.10019646365422397,0.07839999999999994,0.021796463654224024
0.07,dual,16,1490391477,1000,506,0.08300395256916997,0.07839999999999994,0.004603952569170025
0.07,dual,17,2390166068,1000,495,0.08080808080808081,0.07839999999999994,0.002408080808080873
0.07,dual,18,2844178905,1000,491,0.07128309572301425,0.07839999999999994,-0.007116904276985692
0.07,dual,19,1233097874,1000,487,0.07392197125256673,0.07839999999999994,-0.0044780287474332076
0.07,dual,20,1102798784,1000,497,0.07042253521126761,0.07839999999999994,-0.007977464788732333
0.07,dual,21,1443382891,1000,467,0.07922912205567452,0.07839999999999994,0.0008291220556745776
0.07,dual,22,1864321804,1000,507,0.08086785009861933,0.07839999999999994,0.002467850098619384
0.07,dual,23,434982855,1000,496,0.07862903225806452,0.07839999999999994,0.00022903225806457372
0.07,dual,24,3999276331,1000,492,0.08333333333333333,0.07839999999999994,0.004933333333333387
0.07,dual,25,3632415902,1000,507,0.07692307692307693,0.07839999999999994,-0.0014769230769230146
0.07,dual,26,506053855,1000,528,0.07575757575757576,0.07839999999999994,-0.0026424242424241823
0.07,dual,27,2971480135,1000,500,0.066,0.07839999999999994,-0.012399999999999939
0.07,dual,28,3393133436,1000,500,0.07,0.07839999999999994,-0.008399999999999935
0.07,dual,29,349604590,1000,519,0.08863198458574181,0.07839999999999994,0.010231984585741871
0.07,dual,30,3427739100,1000,486,0.07407407407407407,0.07839999999999994,-0.004325925925925872
0.07,dual,31,2262935045,1000,506,0.07312252964426877,0.07839999999999994,-0.005277470355731173
0.07,dual,32,874887693,1000,506,0.04940711462450593,0.07839999999999994,-0.028992885375494014
0.07,dual,33,3060158374,1000,494,0.08299595141700405,0.07839999999999994,0.004595951417004113
0.07,dual,34,1393635788,1000,499,0.08216432865731463,0.07839999999999994,0.003764328657314686
0.07,dual,35,3085791982,1000,512,0.060546875,0.07839999999999994,-0.017853124999999942
0.07,dual,36,3233666336,1000,513,0.07602339181286549,0.07839999999999994,-0.002376608187134449
0.07,dual,37,500039951,1000,504,0.08134920634920635,0.07839999999999994,0.0029492063492064097
0.07,dual,38,3496552380,1000,503,0.07157057654075547,0.07839999999999994,-0.006829423459244477
0.07,dual,39,3213959478,1000,509,0.0825147347740668,0.07839999999999994,0.004114734774066861
0.07,dual,40,569268565,1000,508,0.08858267716535433,0.07839999999999994,0.010182677165354384
0.07,dual,41,2484924287,1000,501,0.08582834331337326,0.07839999999999994,0.007428343313373317
0.07,dual,42,2038996021,1000,510,0.06470588235294118,0.07839999999999994,-0.01369411764705876
0.07,dual,43,2556469894,1000,523,0.0841300191204589,0.07839999999999994,0.005730019120458951
0.07,dual,44,1785260309,1000,522,0.05938697318007663,0.07839999999999994,-0.019013026819923312
0.07,dual,45,3826665625,1000,501,0.09580838323353294,0.07839999999999994,0.017408383233532998
0.07,dual,46,906150859,1000,515,0.07961165048543689,0.07839999999999994,0.0012116504854369492
0.07,dual,47,1802754926,1000,490,0.07142857142857142,0.07839999999999994,-0.006971428571428517
0.07,dual,48,3014013704,1000,517,0.07736943907156674,0.07839999999999994,-0.0010305609284332051
0.07,dual,49,525594203,1000,522,0.07662835249042145,0.07839999999999994,-0.0017716475095784917
0.07,dual,50,700066903,1000,507,0.10059171597633136,0.07839999999999994,0.02219171597633142
0.08,dual,1,1867349631,1000,507,0.08875739644970414,0.08906666666666663,-0.00030927021696249
0.08,dual,2,1466031902,1000,511,0.10567514677103718,0.08906666666666663,0.01660848010437055
0.08,dual,3,1227843725,1000,509,0.0962671905697446,0.08906666666666663,0.007200523903077974
0.08,dual,4,1695298315,1000,501,0.07784431137724551,0.08906666666666663,-0.011222355289421115
0.08,dual,5,1056503989,1000,496,0.0967741935483871,0.08906666666666663,0.007707526881720467
0.08,dual,6,3276781348,1000,532,0.08646616541353383,0.08906666666666663,-0.0026005012531327976
0.08,dual,7,689274310,1000,488,0.08811475409836066,0.08906666666666663,-0.0009519125683059709
0.08,dual,8,2834474311,1000,502,0.08366533864541832,0.08906666666666663,-0.005401328021248306
0.08,dual,9,39579799,1000,476,0.11134453781512606,0.08906666666666663,0.02227787114845943
0.08,dual,10,3168423924,1000,524,0.09923664122137404,0.08906666666666663,0.010169974554707417
0.08,dual,11,1225811502,1000,503,0.09343936381709742,0.08906666666666663,0.004372697150430788
0.08,dual,12,2789397359,1000,531,0.07721280602636535,0.08906666666666663,-0.011853860640301278
0.08,dual,13,827326222,1000,492,0.08739837398373984,0.08906666666666663,-0.0016682926829267863
0.08,dual,14,2676076225,1000,515,0.0854368932038835,0.08906666666666663,-0.003629773462783134
0.08,dual,15,2356530831,1000,487,0.08418891170431211,0.08906666666666663,-0.0048777549623545136
0.08,dual,16,4283210831,1000,513,0.08966861598440545,0.08906666666666663,0.0006019493177388258
0.08,dual,17,1678881093,1000,490,0.08979591836734693,0.08906666666666663,0.0007292517006803056
0.08,dual,18,2412315180,1000,486,0.09876543209876543,0.08906666666666663,0.0096987654320988
0.08,dual,19,2107398289,1000,510,0.0784313725490196,0.08906666666666663,-0.01063529411764702
0.08,dual,20,3273346533,1000,472,0.09110169491525423,0.08906666666666663,0.002035028248587603
0.08,dual,21,4077578844,1000,505,0.0891089108910891,0.08906666666666663,4.224422442247744e-05
0.08,dual,22,3263192177,1000,502,0.09760956175298804,0.08906666666666663,0.008542895086321417
0.08,dual,23,812356249,1000,511,0.07827788649706457,0.08906666666666663,-0.010788780169602052
0.08,dual,24,3037780816,1000,494,0.08704453441295547,0.08906666666666663,-0.002022132253711159
0.08,dual,25,171696508,1000,473,0.1014799154334038,0.08906666666666663,0.012413248766737175
0.08,dual,26,4241648695,1000,527,0.11005692599620494,0.08906666666666663,0.02099025932953831
0.08,dual,27,2184617665,1000,514,0.0933852140077821,0.08906666666666663,0.004318547341115475
0.08,dual,28,3836734803,1000,486,0.09670781893004116,0.08906666666666663,0.007641152263374529
0.08,dual,29,4083697066,1000,508,0.08464566929133858,0.08906666666666663,-0.004420997375328042
0.08,dual,30,1813176146,1000,502,0.09561752988047809,0.08906666666666663,0.006550863213811459
0.08,dual,31,2746300709,1000,499,0.09018036072144289,0.08906666666666663,0.0011136940547762653
0.08,dual,32,1720249499,1000,498,0.0823293172690763,0.08906666666666663,-0.006737349397590325
0.08,dual,33,3691643607,1000,483,0.09109730848861283,0.08906666666666663,0.0020306418219462052
0.08,dual,34,2714242098,1000,492,0.09349593495934959,0.08906666666666663,0.004429268292682961
0.08,dual,35,3715179783,1000,506,0.09881422924901186,0.08906666666666663,0.009747562582345229
0.08,dual,36,3686182937,1000,532,0.08646616541353383,0.08906666666666663,-0.0026005012531327976
0.08,dual,37,3335979562,1000,521,0.08637236084452975,0.08906666666666663,-0.0026943058221368804
0.08,dual,38,2086312656,1000,482,0.07883817427385892,0.08906666666666663,-0.010228492392807709
0.08,dual,39,2815779005,1000,464,0.07112068965517242,0.08906666666666663,-0.01794597701149421
0.08,dual,40,673788188,1000,506,0.08893280632411067,0.08906666666666663,-0.00013386034255595536
0.08,dual,41,4086325580,1000,469,0.06396588486140725,0.08906666666666663,-0.025100781805259376
0.08,dual,42,2070553584,1000,498,0.09036144578313253,0.08906666666666663,0.0012947791164659023
0.08,dual,43,86213697,1000,487,0.09240246406570841,0.08906666666666663,0.003335797399041787
0.08,dual,44,4088431476,1000,495,0.09090909090909091,0.08906666666666663,0.0018424242424242843
0.08,dual,45,3111859058,1000,515,0.0970873786407767,0.08906666666666663,0.00802071197411007
0.08,dual,46,1229953575,1000,464,0.08836206896551724,0.08906666666666663,-0.0007045977011493898
0.08,dual,47,23455638,1000,521,0.07293666026871401,0.08906666666666663,-0.016130006397952618
0.08,dual,48,2916363579,1000,503,0.10139165009940358,0.08906666666666663,0.012324983432736955
0.08,dual,49,2480200007,1000,518,0.09073359073359073,0.08906666666666663,0.0016669240669241053
0.08,dual,50,2453329325,1000,499,0.08817635270541083,0.08906666666666663,-0.0008903139612558009
0.09,dual,1,3197297388,1000,508,0.08464566929133858,0.0996,-0.014954330708661409
0.09,dual,2,3926389466,1000,486,0.1111111111111111,0.0996,0.01151111111111111
0.09,dual,3,792119487,1000,463,0.07775377969762419,0.0996,-0.021846220302375804
0.09,dual,4,2694263752,1000,494,0.11740890688259109,0.0996,0.017808906882591097
0.09,dual,5,891853327,1000,519,0.12716763005780346,0.0996,0.027567630057803466
0.09,dual,6,2198949233,1000,498,0.12449799196787148,0.0996,0.024897991967871486
0.09,dual,7,773876058,1000,487,0.12525667351129363,0.0996,0.025656673511293637
0.09,dual,8,2484793906,1000,487,0.10061601642710473,0.0996,0.001016016427104735
0.09,dual,9,3873600749,1000,484,0.08264462809917356,0.0996,-0.016955371900826438
0.09,dual,10,1824810832,1000,508,0.08267716535433071,0.0996,-0.01692283464566928
0.09,dual,11,3535074428,1000,494,0.08906882591093117,0.0996,-0.010531174089068826
0.09,dual,12,3003114611,1000,509,0.10412573673870335,0.0996,0.004525736738703351
0.09,dual,13,4202417699,1000,518,0.11196911196911197,0.0996,0.012369111969111973
0.09,dual,14,3852067075,1000,509,0.08644400785854617,0.0996,-0.013155992141453826
0.09,dual,15,3203555631,1000,480,0.11666666666666667,0.0996,0.017066666666666674
0.09,dual,16,3548430507,1000,488,0.10245901639344263,0.0996,0.0028590163934426316
0.09,dual,17,994318582,1000,496,0.09879032258064516,0.0996,-0.0008096774193548373
0.09,dual,18,1354339837,1000,488,0.11065573770491803,0.0996,0.011055737704918037
0.09,dual,19,3058016516,1000,510,0.10980392156862745,0.0996,0.010203921568627455
0.09,dual,20,717270643,1000,518,0.10424710424710425,0.0996,0.004647104247104253
0.09,dual,21,978340459,1000,518,0.10231660231660232,0.0996,0.002716602316602326
0.09,dual,22,1269061558,1000,506,0.08300395256916997,0.0996,-0.016596047430830027
0.09,dual,23,2517569433,1000,480,0.08541666666666667,0.0996,-0.014183333333333326
0.09,dual,24,225339303,1000,485,0.11134020618556702,0.0996,0.011740206185567023
0.09,dual,25,3430403024,1000,491,0.1120162932790224,0.0996,0.012416293279022411
0.09,dual,26,411065518,1000,508,0.0984251968503937,0.0996,-0.0011748031496062877
0.09,dual,27,540383150,1000,516,0.09883720930232558,0.0996,-0.0007627906976744175
0.09,dual,28,1940109497,1000,528,0.10416666666666667,0.0996,0.004566666666666677
0.09,dual,29,1873996794,1000,494,0.07489878542510121,0.0996,-0.02470121457489878
0.09,dual,30,1123932353,1000,513,0.10916179337231968,0.0996,0.009561793372319688
0.09,dual,31,960656724,1000,511,0.10763209393346379,0.0996,0.008032093933463796
0.09,dual,32,3947489277,1000,502,0.10358565737051793,0.0996,0.003985657370517939
0.09,dual,33,2836110944,1000,480,0.10833333333333334,0.0996,0.008733333333333343
0.09,dual,34,983216029,1000,494,0.08299595141700405,0.0996,-0.01660404858299594
0.09,dual,35,3774873356,1000,490,0.10816326530612246,0.0996,0.008563265306122461
0.09,dual,36,2480176816,1000,494,0.08299595141700405,0.0996,-0.01660404858299594
0.09,dual,37,855878986,1000,488,0.10860655737704918,0.0996,0.009006557377049182
0.09,dual,38,2571376989,1000,514,0.09533073929961089,0.0996,-0.004269260700389105
0.09,dual,39,749767186,1000,512,0.099609375,0.0996,9.375000000005906e-06
0.09,dual,40,694938023,1000,498,0.10642570281124498,0.0996,0.006825702811244991
0.09,dual,41,3051697496,1000,498,0.10642570281124498,0.0996,0.006825702811244991
0.09,dual,42,95214960,1000,496,0.08669354838709678,0.0996,-0.012906451612903214
0.09,dual,43,745232966,1000,513,0.09941520467836257,0.0996,-0.0001847953216374265
0.09,dual,44,1053783623,1000,487,0.09856262833675565,0.0996,-0.0010373716632443436
0.09,dual,45,2648406410,1000,523,0.09751434034416825,0.0996,-0.0020856596558317397
0.09,dual,46,515215587,1000,497,0.09456740442655935,0.0996,-0.005032595573440643
0.09,dual,47,3793253676,1000,483,0.09937888198757763,0.0996,-0.00022111801242236107
0.09,dual,48,2177081555,1000,498,0.1144578313253012,0.0996,0.014857831325301205
0.09,dual,49,2795279386,1000,495,0.09090909090909091,0.0996,-0.008690909090909082
0.09,dual,50,3500711841,1000,523,0.08221797323135756,0.0996,-0.017382026768642436
0.1,dual,1,3191208080,1000,517,0.10058027079303675,0.10999999999999993,-0.009419729206963184
0.1,dual,2,3036723969,1000,503,0.1073558648111332,0.10999999999999993,-0.0026441351888667336
0.1,dual,3,2666207113,1000,492,0.11991869918699187,0.10999999999999993,0.009918699186991939
0.1,dual,4,2755266424,1000,511,0.11350293542074363,0.10999999999999993,0.0035029354207437025
0.1,dual,5,3743910654,1000,522,0.13793103448275862,0.10999999999999993,0.027931034482758688
0.1,dual,6,510431931,1000,479,0.07724425887265135,0.10999999999999993,-0.03275574112734858
0.1,dual,7,355524981,1000,472,0.1228813559322034,0.10999999999999993,0.012881355932203464
0.1,dual,8,1111697844,1000,515,0.09902912621359224,0.10999999999999993,-0.010970873786407695
0.1,dual,9,3480371421,1000,461,0.0911062906724512,0.10999999999999993,-0.018893709327548733
0.1,dual,10,260467995,1000,515,0.1087378640776699,0.10999999999999993,-0.0012621359223300294
0.1,dual,11,3347943781,1000,536,0.0914179104477612,0.10999999999999993,-0.018582089552238737
0.1,dual,12,3105206173,1000,496,0.11491935483870967,0.10999999999999993,0.004919354838709741
0.1,dual,13,464301853,1000,493,0.11561866125760649,0.10999999999999993,0.005618661257606558
0.1,dual,14,4092601339,1000,518,0.11969111969111969,0.10999999999999993,0.009691119691119757
0.1,dual,15,2826528478,1000,513,0.1111111111111111,0.10999999999999993,0.0011111111111111738
0.1,dual,16,3601484942,1000,485,0.11958762886597939,0.10999999999999993,0.009587628865979456
0.1,dual,17,4238727029,1000,498,0.11244979919678715,0.10999999999999993,0.002449799196787214
0.1,dual,18,1305347912,1000,484,0.10330578512396695,0.10999999999999993,-0.006694214876032986
0.1,dual,19,3061138497,1000,455,0.10989010989010989,0.10999999999999993,-0.00010989010989004289
0.1,dual,20,2265568423,1000,491,0.1079429735234216,0.10999999999999993,-0.002057026476578336
0.1,dual,21,2624007862,1000,487,0.13347022587268995,0.10999999999999993,0.023470225872690015
0.1,dual,22,1588850553,1000,500,0.098,0.10999999999999993,-0.011999999999999927
0.1,dual,23,33340615,1000,496,0.10887096774193548,0.10999999999999993,-0.0011290322580644468
0.1,dual,24,2383381327,1000,521,0.11900191938579655,0.10999999999999993,0.009001919385796614
0.1,dual,25,2664213986,1000,526,0.12167300380228137,0.10999999999999993,0.011673003802281437
0.1,dual,26,703186763,1000,503,0.11530815109343936,0.10999999999999993,0.005308151093439434
0.1,dual,27,1108170794,1000,504,0.11904761904761904,0.10999999999999993,0.00904761904761911
0.1,dual,28,1098552687,1000,498,0.09437751004016064,0.10999999999999993,-0.015622489959839295
0.1,dual,29,2461418393,1000,485,0.09278350515463918,0.10999999999999993,-0.017216494845360752
0.1,dual,30,1342159706,1000,494,0.09109311740890688,0.10999999999999993,-0.01890688259109305
0.1,dual,31,339607150,1000,520,0.08653846153846154,0.10999999999999993,-0.023461538461538395
0.1,dual,32,390408251,1000,503,0.10934393638170974,0.10999999999999993,-0.0006560636182901952
0.1,dual,33,3140603786,1000,518,0.12934362934362933,0.10999999999999993,0.019343629343629404
0.1,dual,34,1436389518,1000,501,0.10778443113772455,0.10999999999999993,-0.002215568862275377
0.1,dual,35,383160988,1000,501,0.10578842315369262,0.10999999999999993,-0.0042115768463073106
0.1,dual,36,1938137491,1000,518,0.12548262548262548,0.10999999999999993,0.01548262548262555
0.1,dual,37,3824162700,1000,498,0.10642570281124498,0.10999999999999993,-0.0035742971887549463
0.1,dual,38,1549708928,1000,478,0.10669456066945607,0.10999999999999993,-0.0033054393305438634
0.1,dual,39,3041441685,1000,494,0.09919028340080972,0.10999999999999993,-0.010809716599190208
0.1,dual,40,299733431,1000,495,0.10909090909090909,0.10999999999999993,-0.0009090909090908456
0.1,dual,41,2698893184,1000,490,0.12448979591836734,0.10999999999999993,0.01448979591836741
0.1,dual,42,207306732,1000,486,0.13580246913580246,0.10999999999999993,0.02580246913580253
0.1,dual,43,3453212505,1000,493,0.09330628803245436,0.10999999999999993,-0.01669371196754557
0.1,dual,44,1520193567,1000,509,0.11984282907662082,0.10999999999999993,0.009842829076620888
0.1,dual,45,1490759097,1000,500,0.118,0.10999999999999993,0.008000000000000063
0.1,dual,46,2877775660,1000,513,0.10331384015594541,0.10999999999999993,-0.006686159844054518
0.1,dual,47,1420669547,1000,489,0.12269938650306748,0.10999999999999993,0.012699386503067553
0.1,dual,48,3393983913,1000,492,0.10365853658536585,0.10999999999999993,-0.006341463414634083
0.1,dual,49,3868935169,1000,511,0.13307240704500978,0.10999999999999993,0.023072407045009846
0.1,dual,50,3253159551,1000,496,0.14112903225806453,0.10999999999999993,0.0311290322580646
0.01,triple,1,1810369678,1000,513,0.005847953216374269,0.015278370203426324,-0.009430416987052055
0.01,triple,2,619476111,1000,506,0.017786561264822136,0.015278370203426324,0.002508191061395812
0.01,triple,3,1129726287,1000,510,0.013725490196078431,0.015278370203426324,-0.0015528800073478927
0.01,triple,4,2938678413,1000,515,0.02330097087378641,0.015278370203426324,0.008022600670360085
0.01,triple,5,3615499355,1000,499,0.01002004008016032,0.015278370203426324,-0.005258330123266004
0.01,triple,6,2897565830,1000,487,0.01642710472279261,0.015278370203426324,0.0011487345193662846
0.01,triple,7,3560681215,1000,503,0.019880715705765408,0.015278370203426324,0.004602345502339084
0.01,triple,8,2373714877,1000,486,0.0102880658436214,0.015278370203426324,-0.004990304359804925
0.01,triple,9,3149348549,1000,490,0.018367346938775512,0.015278370203426324,0.003088976735349188
0.01,triple,10,3303303180,1000,515,0.009708737864077669,0.015278370203426324,-0.005569632339348655
0.01,triple,11,848552156,1000,491,0.020366598778004074,0.015278370203426324,0.00508822857457775
0.01,triple,12,3908860407,1000,472,0.019067796610169493,0.015278370203426324,0.003789426406743169
0.01,triple,13,568952792,1000,476,0.025210084033613446,0.015278370203426324,0.009931713830187122
0.01,triple,14,1918128869,1000,493,0.018255578093306288,0.015278370203426324,0.002977207889879964
0.01,triple,15,2313380155,1000,519,0.02119460500963391,0.015278370203426324,0.005916234806207586
0.01,triple,16,1871005712,1000,492,0.016260162601626018,0.015278370203426324,0.0009817923981996941
0.01,triple,17,2530456584,1000,494,0.010121457489878543,0.015278370203426324,-0.005156912713547781
0.01,triple,18,945815441,1000,513,0.017543859649122806,0.015278370203426324,0.002265489445696482
0.01,triple,19,2921761176,1000,497,0.014084507042253521,0.015278370203426324,-0.0011938631611728024
0.01,triple,20,3833056630,1000,510,0.025490196078431372,0.015278370203426324,0.010211825875005048
0.01,triple,21,561819779,1000,513,0.017543859649122806,0.015278370203426324,0.002265489445696482
0.01,triple,22,1711403854,1000,485,0.020618556701030927,0.015278370203426324,0.005340186497604604
0.01,triple,23,3044839594,1000,511,0.0136986301369863,0.015278370203426324,-0.0015797400664400232
0.01,triple,24,4136926152,1000,503,0.009940357852882704,0.015278370203426324,-0.00533801235054362
0.01,triple,25,2383419139,1000,527,0.018975332068311195,0.015278370203426324,0.0036969618648848707
0.01,triple,26,1118690795,1000,500,0.018,0.015278370203426324,0.002721629796573675
0.01,triple,27,2424454469,1000,490,0.012244897959183673,0.015278370203426324,-0.003033472244242651
0.01,triple,28,1765611023,1000,507,0.023668639053254437,0.015278370203426324,0.008390268849828113
0.01,triple,29,652669273,1000,499,0.01603206412825651,0.015278370203426324,0.0007536939248301879
0.01,triple,30,3574415851,1000,527,0.015180265654648957,0.015278370203426324,-9.81045487773672e-05
0.01,triple,31,585477095,1000,476,0.014705882352941176,0.015278370203426324,-0.0005724878504851476
0.01,triple,32,4208612546,1000,537,0.020484171322160148,0.015278370203426324,0.005205801118733824
0.01,triple,33,2504997897,1000,501,0.031936127744510975,0.015278370203426324,0.01665775754108465
0.01,triple,34,2217256542,1000,524,0.011450381679389313,0.015278370203426324,-0.003827988524037011
0.01,triple,35,2082673536,1000,477,0.012578616352201259,0.015278370203426324,-0.0026997538512250653
0.01,triple,36,2435412364,1000,506,0.023715415019762844,0.015278370203426324,0.00843704481633652
0.01,triple,37,2374826454,1000,490,0.018367346938775512,0.015278370203426324,0.003088976735349188
0.01,triple,38,4033137299,1000,515,0.011650485436893204,0.015278370203426324,-0.0036278847665331196
0.01,triple,39,2835875074,1000,511,0.01761252446183953,0.015278370203426324,0.0023341542584132055
0.01,triple,40,2201939400,1000,523,0.01338432122370937,0.015278370203426324,-0.001894048979716954
0.01,triple,41,2812597136,1000,479,0.006263048016701462,0.015278370203426324,-0.009015322186724862
0.01,triple,42,1473416605,1000,499,0.012024048096192385,0.015278370203426324,-0.003254322107233939
0.01,triple,43,808433928,1000,490,0.004081632653061225,0.015278370203426324,-0.011196737550365099
0.01,triple,44,2805819622,1000,511,0.015655577299412915,0.015278370203426324,0.00037720709598659113
0.01,triple,45,1404871124,1000,481,0.008316008316008316,0.015278370203426324,-0.006962361887418007
0.01,triple,46,1633587112,1000,514,0.01556420233463035,0.015278370203426324,0.00028583213120402656
0.01,triple,47,3501565257,1000,488,0.014344262295081968,0.015278370203426324,-0.0009341079083443563
0.01,triple,48,453756953,1000,509,0.021611001964636542,0.015278370203426324,0.006332631761210218
0.01,triple,49,4139089397,1000,478,0.03347280334728033,0.015278370203426324,0.018194433143854008
0.01,triple,50,3392468073,1000,483,0.016563146997929608,0.015278370203426324,0.001284776794503284
0.02,triple,1,1072666779,1000,506,0.023715415019762844,0.03028113161408483,-0.006565716594321987
0.02,triple,2,1549317265,1000,480,0.025,0.03028113161408483,-0.0052811316140848295
0.02,triple,3,1731169665,1000,504,0.02976190476190476,0.03028113161408483,-0.0005192268521800707
0.02,triple,4,3180014991,1000,500,0.038,0.03028113161408483,0.007718868385915168
0.02,triple,5,3803501019,1000,512,0.01953125,0.03028113161408483,-0.010749881614084831
0.02,triple,6,1965440404,1000,527,0.04174573055028463,0.03028113161408483,0.011464598936199801
0.02,triple,7,2355881869,1000,511,0.0273972602739726,0.03028113161408483,-0.0028838713401122297
0.02,triple,8,3547743106,1000,502,0.0199203187250996,0.03028113161408483,-0.01036081288898523
0.02,triple,9,3630880367,1000,493,0.030425963488843813,0.03028113161408483,0.00014483187475898204
0.02,triple,10,4070600900,1000,506,0.039525691699604744,0.03028113161408483,0.009244560085519913
0.02,triple,11,3224280914,1000,486,0.0205761316872428,0.03028113161408483,-0.009704999926842033
0.02,triple,12,4172179714,1000,503,0.033797216699801194,0.03028113161408483,0.0035160850857163632
0.02,triple,13,2283328038,1000,465,0.030107526881720432,0.03028113161408483,-0.0001736047323643991
0.02,triple,14,1861633433,1000,511,0.033268101761252444,0.03028113161408483,0.0029869701471676134
0.02,triple,15,2233548670,1000,483,0.037267080745341616,0.03028113161408483,0.006985949131256785
0.02,triple,16,2753813868,1000,502,0.027888446215139442,0.03028113161408483,-0.002392685398945389
0.02,triple,17,22344101,1000,488,0.02663934426229508,0.03028113161408483,-0.0036417873517897506
0.02,triple,18,704908197,1000,476,0.03361344537815126,0.03028113161408483,0.003332313764066428
0.02,triple,19,2869622635,1000,488,0.030737704918032786,0.03028113161408483,0.0004565733039479554
0.02,triple,20,1666251231,1000,514,0.03696498054474708,0.03028113161408483,0.006683848930662251
0.02,triple,21,488688653,1000,501,0.031936127744510975,0.03028113161408483,0.0016549961304261444
0.02,triple,22,1907513720,1000,491,0.026476578411405296,0.03028113161408483,-0.003804553202679535
0.02,triple,23,2378300325,1000,517,0.03481624758220503,0.03028113161408483,0.004535115968120198
0.02,triple,24,788381019,1000,486,0.0411522633744856,0.03028113161408483,0.010871131760400766
0.02,triple,25,2884797497,1000,506,0.029644268774703556,0.03028113161408483,-0.0006368628393812747
0.02,triple,26,3921529018,1000,500,0.02,0.03028113161408483,-0.01028113161408483
0.02,triple,27,3505173370,1000,501,0.015968063872255488,0.03028113161408483,-0.014313067741829343
0.02,triple,28,3107579965,1000,489,0.03067484662576687,0.03028113161408483,0.0003937150116820401
0.02,triple,29,678227587,1000,493,0.038539553752535496,0.03028113161408483,0.008258422138450666
0.02,triple,30,3784273463,1000,502,0.025896414342629483,0.03028113161408483,-0.0043847172714553476
0.02,triple,31,1711042247,1000,495,0.026262626262626262,0.03028113161408483,-0.004018505351458569
0.02,triple,32,3735551983,1000,521,0.046065259117082535,0.03028113161408483,0.015784127502997704
0.02,triple,33,89173218,1000,510,0.027450980392156862,0.03028113161408483,-0.0028301512219279686
0.02,triple,34,4015226344,1000,509,0.01768172888015717,0.03028113161408483,-0.01259940273392766
0.02,triple,35,1825854465,1000,497,0.028169014084507043,0.03028113161408483,-0.002112117529577788
0.02,triple,36,556155298,1000,481,0.02494802494802495,0.03028113161408483,-0.0053331066660598815
0.02,triple,37,2544470453,1000,517,0.0425531914893617,0.03028113161408483,0.01227205987527687
0.02,triple,38,3444503906,1000,512,0.03515625,0.03028113161408483,0.004875118385915169
0.02,triple,39,2521917824,1000,487,0.03490759753593429,0.03028113161408483,0.004626465921849458
0.02,triple,40,3408867265,1000,496,0.034274193548387094,0.03028113161408483,0.003993061934302263
0.02,triple,41,1601530263,1000,503,0.027833001988071572,0.03028113161408483,-0.002448129626013259
0.02,triple,42,1672274440,1000,488,0.040983606557377046,0.03028113161408483,0.010702474943292215
0.02,triple,43,491592549,1000,513,0.023391812865497075,0.03028113161408483,-0.006889318748587756
0.02,triple,44,937303698,1000,489,0.028629856850715747,0.03028113161408483,-0.0016512747633690844
0.02,triple,45,1329153930,1000,508,0.03937007874015748,0.03028113161408483,0.009088947126072649
0.02,triple,46,2603406047,1000,499,0.04208416833667335,0.03028113161408483,0.011803036722588516
0.02,triple,47,3512807791,1000,479,0.033402922755741124,0.03028113161408483,0.003121791141656293
0.02,triple,48,745180703,1000,493,0.02028397565922921,0.03028113161408483,-0.009997155954855622
0.02,triple,49,3937890934,1000,513,0.031189083820662766,0.03028113161408483,0.0009079522065779354
0.02,triple,50,2006897625,1000,533,0.028142589118198873,0.03028113161408483,-0.0021385424958859575
0.03,triple,1,2838456814,1000,497,0.0482897384305835,0.04500976799147992,0.00327997043910358
0.03,triple,2,3642610531,1000,525,0.045714285714285714,0.04500976799147992,0.0007045177228057961
0.03,triple,3,4048040464,1000,490,0.036734693877551024,0.04500976799147992,-0.008275074113928894
0.03,triple,4,300880751,1000,511,0.03718199608610567,0.04500976799147992,-0.007827771905374245
0.03,triple,5,3154004690,1000,491,0.032586558044806514,0.04500976799147992,-0.012423209946673404
0.03,triple,6,4073590199,1000,513,0.06237816764132553,0.04500976799147992,0.017368399649845614
0.03,triple,7,3586370037,1000,492,0.06707317073170732,0.04500976799147992,0.022063402740227403
0.03,triple,8,2551290540,1000,508,0.04133858267716536,0.04500976799147992,-0.003671185314314561
0.03,triple,9,1858761199,1000,519,0.03275529865125241,0.04500976799147992,-0.01225446934022751
0.03,triple,10,175883754,1000,494,0.058704453441295545,0.04500976799147992,0.013694685449815627
0.03,triple,11,3208607649,1000,483,0.047619047619047616,0.04500976799147992,0.0026092796275676983
0.03,triple,12,1906944681,1000,491,0.06517311608961303,0.04500976799147992,0.02016334809813311
0.03,triple,13,3015133875,1000,498,0.04618473895582329,0.04500976799147992,0.0011749709643433734
0.03,triple,14,2130355131,1000,493,0.028397565922920892,0.04500976799147992,-0.016612202068559026
0.03,triple,15,1175730372,1000,505,0.033663366336633666,0.04500976799147992,-0.011346401654846253
0.03,triple,16,2796531489,1000,509,0.0412573673870334,0.04500976799147992,-0.0037524006044465166
0.03,triple,17,2212162097,1000,486,0.04526748971193416,0.04500976799147992,0.00025772172045424036
0.03,triple,18,3111493114,1000,504,0.04365079365079365,0.04500976799147992,-0.0013589743406862698
0.03,triple,19,1618328672,1000,521,0.04798464491362764,0.04500976799147992,0.0029748769221477206
0.03,triple,20,3702739954,1000,502,0.049800796812749,0.04500976799147992,0.004791028821269083
0.03,triple,21,1510560541,1000,503,0.0437375745526839,0.04500976799147992,-0.0012721934387960182
0.03,triple,22,1034172262,1000,482,0.03112033195020747,0.04500976799147992,-0.013889436041272449
0.03,triple,23,407088189,1000,478,0.0502092050209205,0.04500976799147992,0.005199437029440583
0.03,triple,24,1225036474,1000,514,0.038910505836575876,0.04500976799147992,-0.006099262154904042
0.03,triple,25,3581927403,1000,515,0.05631067961165048,0.04500976799147992,0.011300911620170564
0.03,triple,26,1922137823,1000,490,0.03469387755102041,0.04500976799147992,-0.01031589044045951
0.03,triple,27,3270512390,1000,508,0.05708661417322835,0.04500976799147992,0.012076846181748431
0.03,triple,28,910754377,1000,487,0.039014373716632446,0.04500976799147992,-0.005995394274847472
0.03,triple,29,3835737921,1000,486,0.04526748971193416,0.04500976799147992,0.00025772172045424036
0.03,triple,30,2280488232,1000,512,0.048828125,0.04500976799147992,0.003818357008520082
0.03,triple,31,550320747,1000,515,0.04271844660194175,0.04500976799147992,-0.0022913213895381715
0.03,triple,32,3043169187,1000,497,0.04627766599597585,0.04500976799147992,0.0012678980044959348
0.03,triple,33,2940638985,1000,507,0.03747534516765286,0.04500976799147992,-0.007534422823827061
0.03,triple,34,3745148569,1000,467,0.034261241970021415,0.04500976799147992,-0.010748526021458503
0.03,triple,35,2201445478,1000,532,0.03383458646616541,0.04500976799147992,-0.011175181525314506
0.03,triple,36,2562803079,1000,501,0.043912175648702596,0.04500976799147992,-0.0010975923427773218
0.03,triple,37,1144354970,1000,529,0.052930056710775046,0.04500976799147992,0.007920288719295128
0.03,triple,38,3337533142,1000,472,0.038135593220338986,0.04500976799147992,-0.006874174771140933
0.03,triple,39,973806286,1000,524,0.04198473282442748,0.04500976799147992,-0.0030250351670524367
0.03,triple,40,3354157709,1000,500,0.054,0.04500976799147992,0.008990232008520081
0.03,triple,41,669077672,1000,491,0.05295315682281059,0.04500976799147992,0.007943388831330674
0.03,triple,42,3833379703,1000,498,0.050200803212851405,0.04500976799147992,0.005191035221371487
0.03,triple,43,1739918915,1000,500,0.056,0.04500976799147992,0.010990232008520083
0.03,triple,44,587048691,1000,484,0.030991735537190084,0.04500976799147992,-0.014018032454289835
0.03,triple,45,826547843,1000,476,0.05042016806722689,0.04500976799147992,0.005410400075746974
0.03,triple,46,4141717697,1000,465,0.05591397849462366,0.04500976799147992,0.01090421050314374
0.03,triple,47,3266552384,1000,525,0.04380952380952381,0.04500976799147992,-0.001200244181956106
0.03,triple,48,3586686045,1000,512,0.0625,0.04500976799147992,0.017490232008520082
0.03,triple,49,1703575903,1000,477,0.05660377358490566,0.04500976799147992,0.011594005593425744
0.03,triple,50,4038513580,1000,491,0.05702647657841141,0.04500976799147992,0.01201670858693149
0.04,triple,1,4181340615,1000,510,0.07254901960784314,0.059465773335203684,0.01308324627263946
0.04,triple,2,3505506784,1000,489,0.053169734151329244,0.059465773335203684,-0.00629603918387444
0.04,triple,3,2324865033,1000,520,0.05384615384615385,0.059465773335203684,-0.005619619489049835
0.04,triple,4,3895728639,1000,503,0.05168986083499006,0.059465773335203684,-0.007775912500213623
0.04,triple,5,4117188557,1000,521,0.07485604606525911,0.059465773335203684,0.01539027273005543
0.04,triple,6,848786816,1000,526,0.04182509505703422,0.059465773335203684,-0.017640678278169467
0.04,triple,7,1068664726,1000,487,0.06365503080082136,0.059465773335203684,0.004189257465617671
0.04,triple,8,629953704,1000,506,0.07905138339920949,0.059465773335203684,0.019585610064005804
0.04,triple,9,3582070322,1000,507,0.047337278106508875,0.059465773335203684,-0.01212849522869481
0.04,triple,10,4209855006,1000,501,0.04790419161676647,0.059465773335203684,-0.011561581718437214
0.04,triple,11,1945802625,1000,492,0.07926829268292683,0.059465773335203684,0.019802519347723146
0.04,triple,12,1043558745,1000,507,0.0670611439842209,0.059465773335203684,0.007595370649017219
0.04,triple,13,3028878429,1000,482,0.05186721991701245,0.059465773335203684,-0.007598553418191233
0.04,triple,14,3639026548,1000,490,0.061224489795918366,0.059465773335203684,0.0017587164607146821
0.04,triple,15,421948958,1000,485,0.049484536082474224,0.059465773335203684,-0.00998123725272946
0.04,triple,16,1359787981,1000,500,0.068,0.059465773335203684,0.008534226664796321
0.04,triple,17,2065788458,1000,512,0.0546875,0.059465773335203684,-0.004778273335203684
0.04,triple,18,579684964,1000,485,0.06804123711340206,0.059465773335203684,0.008575463778198372
0.04,triple,19,3177696816,1000,525,0.05714285714285714,0.059465773335203684,-0.0023229161923465427
0.04,triple,20,3213507999,1000,509,0.07269155206286837,0.059465773335203684,0.013225778727664686
0.04,triple,21,3932802860,1000,485,0.05360824742268041,0.059465773335203684,-0.0058575259125232745
0.04,triple,22,2039632596,1000,505,0.061386138613861385,0.059465773335203684,0.0019203652786577013
0.04,triple,23,1465801726,1000,485,0.049484536082474224,0.059465773335203684,-0.00998123725272946
0.04,triple,24,3120807420,1000,510,0.050980392156862744,0.059465773335203684,-0.00848538117834094
0.04,triple,25,2680589969,1000,517,0.05415860735009671,0.059465773335203684,-0.005307165985106971
0.04,triple,26,4271796611,1000,512,0.046875,0.059465773335203684,-0.012590773335203684
0.04,triple,27,460457569,1000,503,0.06560636182902585,0.059465773335203684,0.006140588493822166
0.04,triple,28,558113551,1000,487,0.049281314168377825,0.059465773335203684,-0.010184459166825859
0.04,triple,29,1739265927,1000,454,0.07268722466960352,0.059465773335203684,0.013221451334399836
0.04,triple,30,3855182655,1000,518,0.0637065637065637,0.059465773335203684,0.00424079037136002
0.04,triple,31,1319352014,1000,476,0.06302521008403361,0.059465773335203684,0.0035594367488299278
0.04,triple,32,1147276325,1000,494,0.07894736842105263,0.059465773335203684,0.019481595085848943
0.04,triple,33,684918977,1000,503,0.05964214711729622,0.059465773335203684,0.00017637378209253707
0.04,triple,34,999697700,1000,512,0.0546875,0.059465773335203684,-0.004778273335203684
0.04,triple,35,2788532261,1000,485,0.06391752577319587,0.059465773335203684,0.0044517524379921874
0.04,triple,36,1609499879,1000,495,0.07878787878787878,0.059465773335203684,0.019322105452675098
0.04,triple,37,2929617165,1000,492,0.046747967479674794,0.059465773335203684,-0.01271780585552889
0.04,triple,38,3945620473,1000,516,0.05232558139534884,0.059465773335203684,-0.007140191939854844
0.04,triple,39,876348758,1000,475,0.07157894736842105,0.059465773335203684,0.012113174033217364
0.04,triple,40,2328207074,1000,487,0.061601642710472276,0.059465773335203684,0.0021358693752685926
0.04,triple,41,2823076258,1000,503,0.033797216699801194,0.059465773335203684,-0.02566855663540249
0.04,triple,42,3738106969,1000,495,0.0707070707070707,0.059465773335203684,0.01124129737186702
0.04,triple,43,3962130163,1000,502,0.055776892430278883,0.059465773335203684,-0.0036888809049248003
0.04,triple,44,863458974,1000,503,0.05964214711729622,0.059465773335203684,0.00017637378209253707
0.04,triple,45,366398073,1000,525,0.05142857142857143,0.059465773335203684,-0.008037201906632256
0.04,triple,46,2025261671,1000,487,0.049281314168377825,0.059465773335203684,-0.010184459166825859
0.04,triple,47,3354823346,1000,497,0.05835010060362173,0.059465773335203684,-0.0011156727315819528
0.04,triple,48,4127542036,1000,519,0.06551059730250482,0.059465773335203684,0.006044823967301133
0.04,triple,49,1517915711,1000,507,0.047337278106508875,0.059465773335203684,-0.01212849522869481
0.04,triple,50,832715831,1000,491,0.05702647657841141,0.059465773335203684,-0.002439296756792275
0.05,triple,1,1095373518,1000,481,0.0893970893970894,0.073650652092345,0.0157464373047444
0.05,triple,2,737840206,1000,515,0.05631067961165048,0.073650652092345,-0.01733997248069452
0.05,triple,3,602446611,1000,505,0.07128712871287128,0.073650652092345,-0.0023635233794737226
0.05,triple,4,3643957404,1000,503,0.07554671968190854,0.073650652092345,0.0018960675895635382
0.05,triple,5,1433912158,1000,512,0.083984375,0.073650652092345,0.010333722907654996
0.05,triple,6,797529928,1000,490,0.053061224489795916,0.073650652092345,-0.020589427602549087
0.05,triple,7,3407753984,1000,500,0.078,0.073650652092345,0.004349347907654996
0.05,triple,8,1922545795,1000,512,0.078125,0.073650652092345,0.004474347907654996
0.05,triple,9,2408593396,1000,479,0.09394572025052192,0.073650652092345,0.020295068158176915
0.05,triple,10,3634546403,1000,503,0.0874751491053678,0.073650652092345,0.013824497013022796
0.05,triple,11,150756466,1000,505,0.09702970297029703,0.073650652092345,0.02337905087795203
0.05,triple,12,941925726,1000,496,0.0907258064516129,0.073650652092345,0.017075154359267902
0.05,triple,13,942932584,1000,469,0.05543710021321962,0.073650652092345,-0.018213551879125385
0.05,triple,14,2357143723,1000,495,0.06262626262626263,0.073650652092345,-0.011024389466082377
0.05,triple,15,3591437524,1000,510,0.09411764705882353,0.073650652092345,0.020466994966478524
0.05,triple,16,1779701121,1000,515,0.05436893203883495,0.073650652092345,-0.019281720053510053
0.05,triple,17,1414185940,1000,502,0.09561752988047809,0.073650652092345,0.021966877788133082
0.05,triple,18,1820517415,1000,495,0.05454545454545454,0.073650652092345,-0.01910519754689046
0.05,triple,19,2128141377,1000,494,0.058704453441295545,0.073650652092345,-0.014946198651049458
0.05,triple,20,694828068,1000,502,0.061752988047808766,0.073650652092345,-0.011897664044536238
0.05,triple,21,3372858833,1000,474,0.08227848101265822,0.073650652092345,0.008627828920313219
0.05,triple,22,3710936296,1000,528,0.07007575757575757,0.073650652092345,-0.0035748945165874346
0.05,triple,23,2407184016,1000,500,0.07,0.073650652092345,-0.003650652092344997
0.05,triple,24,479641179,1000,505,0.07524752475247524,0.073650652092345,0.0015968726601302413
0.05,triple,25,1714951919,1000,492,0.06504065040650407,0.073650652092345,-0.008610001685840932
0.05,triple,26,963451411,1000,491,0.09164969450101833,0.073650652092345,0.017999042408673324
0.05,triple,27,1367904041,1000,510,0.08235294117647059,0.073650652092345,0.008702289084125583
0.05,triple,28,3807710044,1000,496,0.0907258064516129,0.073650652092345,0.017075154359267902
0.05,triple,29,1938112169,1000,493,0.08924949290060852,0.073650652092345,0.015598840808263514
0.05,triple,30,331334896,1000,515,0.10097087378640776,0.073650652092345,0.027320221694062757
0.05,triple,31,1461705814,1000,507,0.10453648915187377,0.073650652092345,0.03088583705952877
0.05,triple,32,1515104145,1000,494,0.10323886639676114,0.073650652092345,0.029588214304416133
0.05,triple,33,676973143,1000,495,0.08888888888888889,0.073650652092345,0.015238236796543889
0.05,triple,34,4012318484,1000,482,0.06639004149377593,0.073650652092345,-0.00726061059856907
0.05,triple,35,2384608038,1000,511,0.07827788649706457,0.073650652092345,0.004627234404719571
0.05,triple,36,1753626903,1000,507,0.07692307692307693,0.073650652092345,0.0032724248307319237
0.05,triple,37,3845860815,1000,489,0.06339468302658487,0.073650652092345,-0.010255969065760137
0.05,triple,38,3955898744,1000,492,0.06707317073170732,0.073650652092345,-0.0065774813606376825
0.05,triple,39,618273995,1000,503,0.07157057654075547,0.073650652092345,-0.0020800755515895386
0.05,triple,40,1307810699,1000,502,0.07768924302788845,0.073650652092345,0.004038590935543443
0.05,triple,41,2940472248,1000,502,0.08964143426294821,0.073650652092345,0.015990782170603207
0.05,triple,42,1402478399,1000,501,0.0718562874251497,0.073650652092345,-0.0017943646671953056
0.05,triple,43,2109637780,1000,504,0.09325396825396826,0.073650652092345,0.019603316161623252
0.05,triple,44,697073025,1000,496,0.046370967741935484,0.073650652092345,-0.02727968435040952
0.05,triple,45,3750839876,1000,472,0.07838983050847458,0.073650652092345,0.004739178416129572
0.05,triple,46,516519720,1000,492,0.07520325203252033,0.073650652092345,0.0015525999401753282
0.05,triple,47,459261456,1000,520,0.05961538461538462,0.073650652092345,-0.014035267476960385
0.05,triple,48,1636675172,1000,489,0.09815950920245399,0.073650652092345,0.024508857110108986
0.05,triple,49,536568747,1000,481,0.08108108108108109,0.073650652092345,0.007430428988736082
0.05,triple,50,4065715830,1000,461,0.06290672451193059,0.073650652092345,-0.010743927580414411
0.06,triple,1,2004266805,1000,511,0.08023483365949119,0.087565919371787,-0.007331085712295807
0.06,triple,2,262505093,1000,510,0.060784313725490195,0.087565919371787,-0.0267816056462968
0.06,triple,3,193568695,1000,498,0.10843373493975904,0.087565919371787,0.020867815567972042
0.06,triple,4,2447257615,1000,495,0.08484848484848485,0.087565919371787,-0.0027174345233021424
0.06,triple,5,1759610094,1000,471,0.07006369426751592,0.087565919371787,-0.017502225104271074
0.06,triple,6,1589017317,1000,519,0.0905587668593449,0.087565919371787,0.0029928474875579036
0.06,triple,7,2855845045,1000,508,0.06496062992125984,0.087565919371787,-0.022605289450527158
0.06,triple,8,4286884158,1000,509,0.0962671905697446,0.087565919371787,0.008701271197957605
0.06,triple,9,340941129,1000,529,0.10586011342155009,0.087565919371787,0.018294194049763096
0.06,triple,10,3370900618,1000,520,0.11346153846153846,0.087565919371787,0.025895619089751465
0.06,triple,11,585860364,1000,489,0.08793456032719836,0.087565919371787,0.00036864095541136455
0.06,triple,12,419338642,1000,508,0.05511811023622047,0.087565919371787,-0.032447809135566524
0.06,triple,13,2731288092,1000,494,0.08097165991902834,0.087565919371787,-0.006594259452758655
0.06,triple,14,1767306534,1000,514,0.0933852140077821,0.087565919371787,0.0058192946359951064
0.06,triple,15,594256004,1000,502,0.09163346613545817,0.087565919371787,0.004067546763671173
0.06,triple,16,1095428607,1000,498,0.07028112449799197,0.087565919371787,-0.01728479487379503
0.06,triple,17,2376659154,1000,519,0.0789980732177264,0.087565919371787,-0.008567846154060602
0.06,triple,18,3566824839,1000,511,0.07827788649706457,0.087565919371787,-0.009288032874722421
0.06,triple,19,3008216076,1000,511,0.10176125244618395,0.087565919371787,0.014195333074396951
0.06,triple,20,3701573976,1000,476,0.07983193277310924,0.087565919371787,-0.007733986598677758
0.06,triple,21,2508314912,1000,486,0.08641975308641975,0.087565919371787,-0.0011461662853672477
0.06,triple,22,1604225457,1000,513,0.08576998050682261,0.087565919371787,-0.0017959388649643887
0.06,triple,23,172336458,1000,520,0.075,0.087565919371787,-0.012565919371786999
0.06,triple,24,1136668435,1000,530,0.06037735849056604,0.087565919371787,-0.027188560881220958
0.06,triple,25,1422416367,1000,495,0.09898989898989899,0.087565919371787,0.011423979618111993
0.06,triple,26,1787895742,1000,549,0.08743169398907104,0.087565919371787,-0.00013422538271595785
0.06,triple,27,2644332489,1000,462,0.09090909090909091,0.087565919371787,0.0033431715373039156
0.06,triple,28,2614188268,1000,549,0.07650273224043716,0.087565919371787,-0.011063187131349836
0.06,triple,29,3420971610,1000,497,0.096579476861167,0.087565919371787,0.00901355748938
0.06,triple,30,2535480851,1000,512,0.0859375,0.087565919371787,-0.001628419371786996
0.06,triple,31,2848602915,1000,488,0.0860655737704918,0.087565919371787,-0.0015003456012951943
0.06,triple,32,691030457,1000,507,0.09861932938856016,0.087565919371787,0.011053410016773166
0.06,triple,33,4059400370,1000,517,0.10058027079303675,0.087565919371787,0.01301435142124975
0.06,triple,34,1049233478,1000,495,0.10707070707070707,0.087565919371787,0.01950478769892007
0.06,triple,35,1697355830,1000,505,0.07326732673267326,0.087565919371787,-0.014298592639113733
0.06,triple,36,1493228579,1000,508,0.08464566929133858,0.087565919371787,-0.002920250080448411
0.06,triple,37,434884474,1000,520,0.09423076923076923,0.087565919371787,0.006664849858982233
0.06,triple,38,202103441,1000,525,0.07809523809523809,0.087565919371787,-0.009470681276548903
0.06,triple,39,3542166417,1000,503,0.09145129224652088,0.087565919371787,0.0038853728747338806
0.06,triple,40,126381940,1000,489,0.09202453987730061,0.087565919371787,0.0044586205055136136
0.06,triple,41,3980275477,1000,536,0.07276119402985075,0.087565919371787,-0.014804725341936248
0.06,triple,42,3449774182,1000,510,0.09019607843137255,0.087565919371787,0.0026301590595855517
0.06,triple,43,4249819517,1000,492,0.08739837398373984,0.087565919371787,-0.00016754538804715502
0.06,triple,44,2484869717,1000,499,0.09218436873747494,0.087565919371787,0.004618449365687949
0.06,triple,45,1737951835,1000,511,0.07827788649706457,0.087565919371787,-0.009288032874722421
0.06,triple,46,2058265818,1000,490,0.08979591836734693,0.087565919371787,0.002229998995559937
0.06,triple,47,3326098794,1000,522,0.06896551724137931,0.087565919371787,-0.018600402130407687
0.06,triple,48,2908773274,1000,484,0.07644628099173553,0.087565919371787,-0.011119638380051464
0.06,triple,49,481581050,1000,480,0.08333333333333333,0.087565919371787,-0.004232586038453667
0.06,triple,50,4044626499,1000,539,0.09647495361781076,0.087565919371787,0.008909034246023767
0.07,triple,1,1814443681,1000,502,0.08565737051792828,0.10121310116571065,-0.015555730647782373
0.07,triple,2,1038959017,1000,493,0.10953346855983773,0.10121310116571065,0.008320367394127073
0.07,triple,3,2805809263,1000,530,0.1,0.10121310116571065,-0.0012131011657106477
0.07,triple,4,2455504278,1000,487,0.09650924024640657,0.10121310116571065,-0.0047038609193040815
0.07,triple,5,2849556597,1000,533,0.10131332082551595,0.10121310116571065,0.00010021965980529235
0.07,triple,6,592143555,1000,497,0.1006036217303823,0.10121310116571065,-0.0006094794353283528
0.07,triple,7,3188161515,1000,492,0.0975609756097561,0.10121310116571065,-0.0036521255559545523
0.07,triple,8,2943058838,1000,509,0.10805500982318271,0.10121310116571065,0.006841908657472057
0.07,triple,9,3734680079,1000,483,0.11594202898550725,0.10121310116571065,0.014728927819796594
0.07,triple,10,3225155362,1000,520,0.10961538461538461,0.10121310116571065,0.008402283449673961
0.07,triple,11,1828446051,1000,523,0.1089866156787763,0.10121310116571065,0.007773514513065641
0.07,triple,12,247173921,1000,518,0.09073359073359073,0.10121310116571065,-0.01047951043211992
0.07,triple,13,3408030618,1000,490,0.11020408163265306,0.10121310116571065,0.008990980466942411
0.07,triple,14,4205062470,1000,494,0.11740890688259109,0.10121310116571065,0.016195805716880438
0.07,triple,15,3942538381,1000,499,0.10420841683366733,0.10121310116571065,0.0029953156679566745
0.07,triple,16,1781182342,1000,509,0.08447937131630648,0.10121310116571065,-0.016733729849404175
0.07,triple,17,42247487,1000,494,0.07692307692307693,0.10121310116571065,-0.024290024242633726
0.07,triple,18,785105442,1000,526,0.09695817490494296,0.10121310116571065,-0.004254926260767691
0.07,triple,19,3779039268,1000,504,0.09722222222222222,0.10121310116571065,-0.0039908789434884295
0.07,triple,20,2148306735,1000,495,0.08686868686868687,0.10121310116571065,-0.01434441429702378
0.07,triple,21,3504897002,1000,490,0.11428571428571428,0.10121310116571065,0.013072613120003629
0.07,triple,22,1009360955,1000,487,0.08213552361396304,0.10121310116571065,-0.019077577551747618
0.07,triple,23,2638313906,1000,497,0.10462776659959759,0.10121310116571065,0.0034146654338869376
0.07,triple,24,1822793459,1000,479,0.1127348643006263,0.10121310116571065,0.011521763134915652
0.07,triple,25,2072568650,1000,508,0.12598425196850394,0.10121310116571065,0.024771150802793282
0.07,triple,26,3955883272,1000,493,0.10344827586206896,0.10121310116571065,0.002235174696358311
0.07,triple,27,3743205144,1000,491,0.11405295315682282,0.10121310116571065,0.012839851991112164
0.07,triple,28,3477318208,1000,533,0.10131332082551595,0.10121310116571065,0.00010021965980529235
0.07,triple,29,60710128,1000,507,0.11045364891518737,0.10121310116571065,0.009240547749476719
0.07,triple,30,2559582976,1000,510,0.10980392156862745,0.10121310116571065,0.008590820402916796
0.07,triple,31,556709842,1000,495,0.09292929292929293,0.10121310116571065,-0.008283808236417722
0.07,triple,32,2024393139,1000,481,0.0893970893970894,0.10121310116571065,-0.011816011768621251
0.07,triple,33,1920637149,1000,497,0.10261569416498995,0.10121310116571065,0.0014025929992792924
0.07,triple,34,2258172378,1000,490,0.09183673469387756,0.10121310116571065,-0.009376366471833097
0.07,triple,35,2435452292,1000,465,0.08817204301075268,0.10121310116571065,-0.013041058154957971
0.07,triple,36,1836129885,1000,480,0.11875,0.10121310116571065,0.01753689883428934
0.07,triple,37,2276178508,1000,498,0.12048192771084337,0.10121310116571065,0.01926882654513272
0.07,triple,38,3996224692,1000,511,0.09980430528375733,0.10121310116571065,-0.0014087958819533203
0.07,triple,39,3043787352,1000,484,0.12396694214876033,0.10121310116571065,0.02275384098304968
0.07,triple,40,4035628778,1000,525,0.10285714285714286,0.10121310116571065,0.001644041691432202
0.07,triple,41,1495428073,1000,502,0.12151394422310757,0.10121310116571065,0.02030084305739692
0.07,triple,42,908209008,1000,497,0.09859154929577464,0.10121310116571065,-0.002621551869936012
0.07,triple,43,189810026,1000,502,0.08764940239043825,0.10121310116571065,-0.0135636987752724
0.07,triple,44,627387743,1000,535,0.09719626168224299,0.10121310116571065,-0.004016839483467663
0.07,triple,45,2642523175,1000,523,0.12619502868068833,0.10121310116571065,0.024981927514977673
0.07,triple,46,2117816477,1000,506,0.09486166007905138,0.10121310116571065,-0.006351441086659276
0.07,triple,47,2683305089,1000,499,0.11422845691382766,0.10121310116571065,0.013015355748117005
0.07,triple,48,3838432171,1000,521,0.1036468330134357,0.10121310116571065,0.0024337318477250514
0.07,triple,49,1272526222,1000,500,0.088,0.10121310116571065,-0.013213101165710658
0.07,triple,50,1795015639,1000,495,0.1191919191919192,0.10121310116571065,0.017978818026208543
0.08,triple,1,2711640350,1000,481,0.12681912681912683,0.11459373457864006,0.012225392240486771
0.08,triple,2,1029325074,1000,498,0.1285140562248996,0.11459373457864006,0.013920321646259531
0.08,triple,3,1589025773,1000,516,0.09496124031007752,0.11459373457864006,-0.019632494268562534
0.08,triple,4,3086546219,1000,507,0.1242603550295858,0.11459373457864006,0.00966662045094574
0.08,triple,5,1754973370,1000,513,0.1267056530214425,0.11459373457864006,0.012111918442802433
0.08,triple,6,2658996130,1000,488,0.10450819672131148,0.11459373457864006,-0.010085537857328575
0.08,triple,7,3909429046,1000,500,0.102,0.11459373457864006,-0.012593734578640062
0.08,triple,8,2168956508,1000,506,0.116600790513834,0.11459373457864006,0.0020070559351939438
0.08,triple,9,734211589,1000,480,0.10416666666666667,0.11459373457864006,-0.010427067911973384
0.08,triple,10,608105463,1000,483,0.11594202898550725,0.11459373457864006,0.0013482944068671926
0.08,triple,11,1509602194,1000,524,0.10687022900763359,0.11459373457864006,-0.00772350557100647
0.08,triple,12,3983696176,1000,481,0.0997920997920998,0.11459373457864006,-0.014801634786540258
0.08,triple,13,1824275253,1000,474,0.12236286919831224,0.11459373457864006,0.0077691346196721855
0.08,triple,14,368993140,1000,489,0.12065439672801637,0.11459373457864006,0.006060662149376311
0.08,triple,15,3036880466,1000,478,0.12133891213389121,0.11459373457864006,0.006745177555251156
0.08,triple,16,726404701,1000,511,0.11154598825831702,0.11459373457864006,-0.003047746320323036
0.08,triple,17,1457423613,1000,492,0.10772357723577236,0.11459373457864006,-0.006870157342867694
0.08,triple,18,3928648000,1000,505,0.08514851485148515,0.11459373457864006,-0.0294452197271549
0.08,triple,19,567769349,1000,504,0.09523809523809523,0.11459373457864006,-0.019355639340544822
0.08,triple,20,3694928704,1000,522,0.12835249042145594,0.11459373457864006,0.013758755842815884
0.08,triple,21,82546378,1000,506,0.12648221343873517,0.11459373457864006,0.011888478860095114
0.08,triple,22,1642415624,1000,519,0.09248554913294797,0.11459373457864006,-0.022108185445692083
0.08,triple,23,4128982195,1000,491,0.11608961303462322,0.11459373457864006,0.00149587845598316
0.08,triple,24,2394263611,1000,504,0.10912698412698413,0.11459373457864006,-0.005466750451655927
0.08,triple,25,3755680839,1000,496,0.09274193548387097,0.11459373457864006,-0.021851799094769087
0.08,triple,26,2738703008,1000,492,0.09959349593495935,0.11459373457864006,-0.015000238643680705
0.08,triple,27,2614202966,1000,490,0.11428571428571428,0.11459373457864006,-0.00030802029292577304
0.08,triple,28,2039490430,1000,510,0.11372549019607843,0.11459373457864006,-0.0008682443825616254
0.08,triple,29,666292842,1000,465,0.10967741935483871,0.11459373457864006,-0.004916315223801343
0.08,triple,30,2878486723,1000,495,0.11515151515151516,0.11459373457864006,0.0005577805728751023
0.08,triple,31,352197845,1000,511,0.1095890410958904,0.11459373457864006,-0.00500469348274965
0.08,triple,32,2519921009,1000,517,0.14313346228239845,0.11459373457864006,0.0285397277037584
0.08,triple,33,2984844090,1000,490,0.11632653061224489,0.11459373457864006,0.001732796033604836
0.08,triple,34,1348041989,1000,513,0.1364522417153996,0.11459373457864006,0.021858507136759547
0.08,triple,35,3179816969,1000,494,0.1214574898785425,0.11459373457864006,0.006863755299902449
0.08,triple,36,2109875206,1000,484,0.11363636363636363,0.11459373457864006,-0.0009573709422764226
0.08,triple,37,2158091724,1000,477,0.10272536687631027,0.11459373457864006,-0.011868367702329782
0.08,triple,38,81822809,1000,488,0.11270491803278689,0.11459373457864006,-0.0018888165458531697
0.08,triple,39,1053754851,1000,484,0.14256198347107438,0.11459373457864006,0.027968248892434322
0.08,triple,40,633782393,1000,476,0.1092436974789916,0.11459373457864006,-0.005350037099648458
0.08,triple,41,2232202458,1000,507,0.126232741617357,0.11459373457864006,0.011639007038716953
0.08,triple,42,2735210181,1000,528,0.11742424242424243,0.11459373457864006,0.0028305078456023758
0.08,triple,43,1510929523,1000,465,0.11397849462365592,0.11459373457864006,-0.000615239954984137
0.08,triple,44,320153736,1000,484,0.12396694214876033,0.11459373457864006,0.009373207570120279
0.08,triple,45,3381246928,1000,520,0.11346153846153846,0.11459373457864006,-0.0011321961171015943
0.08,triple,46,140650308,1000,486,0.11934156378600823,0.11459373457864006,0.004747829207368173
0.08,triple,47,3599245791,1000,516,0.1182170542635659,0.11459373457864006,0.003623319684925838
0.08,triple,48,3782610108,1000,504,0.11904761904761904,0.11459373457864006,0.004453884468978986
0.08,triple,49,1637015675,1000,464,0.13577586206896552,0.11459373457864006,0.02118212749032547
0.08,triple,50,1906976659,1000,483,0.10973084886128365,0.11459373457864006,-0.004862885717356408
0.09,triple,1,192069195,1000,527,0.11764705882352941,0.127709368064383,-0.010062309240853579
0.09,triple,2,2003718956,1000,502,0.13745019920318724,0.127709368064383,0.009740831138804251
0.09,triple,3,4213768807,1000,493,0.1359026369168357,0.127709368064383,0.008193268852452723
0.09,triple,4,1594425171,1000,521,0.11708253358925144,0.127709368064383,-0.010626834475131547
0.09,triple,5,916833826,1000,484,0.12603305785123967,0.127709368064383,-0.0016763102131433227
0.09,triple,6,289306524,1000,471,0.10615711252653928,0.127709368064383,-0.021552255537843706
0.09,triple,7,2016421437,1000,478,0.13389121338912133,0.127709368064383,0.006181845324738339
0.09,triple,8,327844169,1000,497,0.1448692152917505,0.127709368064383,0.01715984722736752
0.09,triple,9,4001458613,1000,502,0.11752988047808766,0.127709368064383,-0.010179487586295333
0.09,triple,10,1297334924,1000,500,0.138,0.127709368064383,0.010290631935617023
0.09,triple,11,256271889,1000,477,0.1111111111111111,0.127709368064383,-0.016598256953271884
0.09,triple,12,1286686306,1000,519,0.1252408477842004,0.127709368064383,-0.002468520280182601
0.09,triple,13,2506139811,1000,472,0.13983050847457626,0.127709368064383,0.01212114041019327
0.09,triple,14,399964281,1000,519,0.11368015414258188,0.127709368064383,-0.014029213921801106
0.09,triple,15,2153331081,1000,494,0.15789473684210525,0.127709368064383,0.030185368777722266
0.09,triple,16,3855357834,1000,522,0.13793103448275862,0.127709368064383,0.01022166641837563
0.09,triple,17,1854798514,1000,471,0.11252653927813164,0.127709368064383,-0.015182828786251351
0.09,triple,18,2597121606,1000,504,0.12301587301587301,0.127709368064383,-0.00469349504850998
0.09,triple,19,1590452612,1000,464,0.12931034482758622,0.127709368064383,0.0016009767632032268
0.09,triple,20,2732567934,1000,463,0.12095032397408208,0.127709368064383,-0.006759044090300911
0.09,triple,21,3901789591,1000,507,0.1222879684418146,0.127709368064383,-0.005421399622568393
0.09,triple,22,2031576534,1000,488,0.13524590163934427,0.127709368064383,0.007536533574961285
0.09,triple,23,3590886223,1000,503,0.12922465208747516,0.127709368064383,0.0015152840230921727
0.09,triple,24,2816285698,1000,477,0.16142557651991615,0.127709368064383,0.033716208455533164
0.09,triple,25,3040597600,1000,494,0.10931174089068826,0.127709368064383,-0.018397627173694725
0.09,triple,26,1244833498,1000,502,0.12350597609561753,0.127709368064383,-0.0042033919687654575
0.09,triple,27,2903633852,1000,497,0.11267605633802817,0.127709368064383,-0.015033311726354817
0.09,triple,28,3799382299,1000,490,0.10408163265306122,0.127709368064383,-0.023627735411321765
0.09,triple,29,921977829,1000,517,0.13539651837524178,0.127709368064383,0.007687150310858787
0.09,triple,30,3030295348,1000,526,0.11406844106463879,0.127709368064383,-0.013640926999744202
0.09,triple,31,712928424,1000,509,0.12770137524557956,0.127709368064383,-7.992818803426172e-06
0.09,triple,32,3239030590,1000,512,0.134765625,0.127709368064383,0.007056256935617011
0.09,triple,33,2202679348,1000,497,0.1267605633802817,0.127709368064383,-0.0009488046841013009
0.09,triple,34,3701491362,1000,496,0.0907258064516129,0.127709368064383,-0.03698356161277008
0.09,triple,35,1856277665,1000,520,0.13653846153846153,0.127709368064383,0.008829093474078537
0.09,triple,36,3754012220,1000,495,0.12727272727272726,0.127709368064383,-0.0004366407916557291
0.09,triple,37,4173871848,1000,508,0.1220472440944882,0.127709368064383,-0.0056621239698947945
0.09,triple,38,470081697,1000,505,0.1405940594059406,0.127709368064383,0.01288469134155762
0.09,triple,39,136530207,1000,480,0.15208333333333332,0.127709368064383,0.02437396526895033
0.09,triple,40,2797867268,1000,513,0.14230019493177387,0.127709368064383,0.014590826867390883
0.09,triple,41,1763440545,1000,513,0.13060428849902533,0.127709368064383,0.002894920434642345
0.09,triple,42,2129794823,1000,516,0.1375968992248062,0.127709368064383,0.009887531160423207
0.09,triple,43,3157071800,1000,507,0.11834319526627218,0.127709368064383,-0.009366172798110806
0.09,triple,44,1594100247,1000,495,0.13131313131313133,0.127709368064383,0.0036037632487483373
0.09,triple,45,662588365,1000,469,0.1279317697228145,0.127709368064383,0.00022240165843151471
0.09,triple,46,2142985257,1000,483,0.14906832298136646,0.127709368064383,0.021358954916983475
0.09,triple,47,2689753743,1000,500,0.136,0.127709368064383,0.008290631935617021
0.09,triple,48,2471751952,1000,508,0.11811023622047244,0.127709368064383,-0.00959913184391055
0.09,triple,49,1945581639,1000,538,0.11895910780669144,0.127709368064383,-0.008750260257691544
0.09,triple,50,1710415626,1000,486,0.12551440329218108,0.127709368064383,-0.0021949647722019072
0.1,triple,1,3811796428,1000,510,0.13137254901960785,0.14056156167124417,-0.009189012651636325
0.1,triple,2,2561893883,1000,507,0.11045364891518737,0.14056156167124417,-0.0301079127560568
0.1,triple,3,3439861315,1000,531,0.12617702448210924,0.14056156167124417,-0.014384537189134933
0.1,triple,4,2550185439,1000,493,0.13387423935091278,0.14056156167124417,-0.006687322320331396
0.1,triple,5,3047810476,1000,502,0.14143426294820718,0.14056156167124417,0.0008727012769630116
0.1,triple,6,3088615691,1000,515,0.1669902912621359,0.14056156167124417,0.026428729590891736
0.1,triple,7,598848497,1000,486,0.16666666666666666,0.14056156167124417,0.026105104995422485
0.1,triple,8,2769278970,1000,519,0.14065510597302505,0.14056156167124417,9.354430178087902e-05
0.1,triple,9,3544157852,1000,509,0.18860510805500982,0.14056156167124417,0.04804354638376565
0.1,triple,10,3372254414,1000,469,0.17057569296375266,0.14056156167124417,0.03001413129250849
0.1,triple,11,1509059917,1000,499,0.14829659318637275,0.14056156167124417,0.007735031515128582
0.1,triple,12,3686818445,1000,499,0.156312625250501,0.14056156167124417,0.01575106357925682
0.1,triple,13,2509695573,1000,501,0.13373253493013973,0.14056156167124417,-0.006829026741104444
0.1,triple,14,3368956613,1000,497,0.15090543259557343,0.14056156167124417,0.010343870924329257
0.1,triple,15,3527313282,1000,501,0.12974051896207583,0.14056156167124417,-0.010821042709168338
0.1,triple,16,2995316507,1000,504,0.14285714285714285,0.14056156167124417,0.0022955811858986763
0.1,triple,17,802067549,1000,494,0.15991902834008098,0.14056156167124417,0.01935746666883681
0.1,triple,18,3866205366,1000,497,0.17303822937625754,0.14056156167124417,0.03247666770501337
0.1,triple,19,2952963994,1000,476,0.13655462184873948,0.14056156167124417,-0.00400693982250469
0.1,triple,20,3085173111,1000,498,0.13855421686746988,0.14056156167124417,-0.0020073448037742914
0.1,triple,21,1025825394,1000,481,0.13305613305613306,0.14056156167124417,-0.007505428615111109
0.1,triple,22,3823125824,1000,500,0.132,0.14056156167124417,-0.008561561671244167
0.1,triple,23,3297226639,1000,483,0.12836438923395446,0.14056156167124417,-0.01219717243728971
0.1,triple,24,1260862303,1000,496,0.15725806451612903,0.14056156167124417,0.01669650284488486
0.1,triple,25,2868031753,1000,507,0.1222879684418146,0.14056156167124417,-0.018273593229429577
0.1,triple,26,181093270,1000,527,0.127134724857685,0.14056156167124417,-0.013426836813559162
0.1,triple,27,373970958,1000,499,0.1683366733466934,0.14056156167124417,0.027775111675449216
0.1,triple,28,221560599,1000,491,0.13441955193482688,0.14056156167124417,-0.006142009736417292
0.1,triple,29,2902387424,1000,498,0.15261044176706828,0.14056156167124417,0.01204888009582411
0.1,triple,30,2822225028,1000,490,0.14285714285714285,0.14056156167124417,0.0022955811858986763
0.1,triple,31,3678854088,1000,536,0.13805970149253732,0.14056156167124417,-0.0025018601787068495
0.1,triple,32,1892337524,1000,496,0.125,0.14056156167124417,-0.015561561671244173
0.1,triple,33,1195892838,1000,509,0.11984282907662082,0.14056156167124417,-0.020718732594623354
0.1,triple,34,3902336591,1000,493,0.13184584178498987,0.14056156167124417,-0.008715719886254303
0.1,triple,35,3695418302,1000,515,0.13009708737864079,0.14056156167124417,-0.010464474292603387
0.1,triple,36,3804105428,1000,495,0.12525252525252525,0.14056156167124417,-0.015309036418718919
0.1,triple,37,1280821178,1000,496,0.12701612903225806,0.14056156167124417,-0.01354543263898611
0.1,triple,38,2059463520,1000,495,0.13535353535353536,0.14056156167124417,-0.005208026317708808
0.1,triple,39,420589600,1000,500,0.152,0.14056156167124417,0.011438438328755823
0.1,triple,40,2872710956,1000,486,0.12757201646090535,0.14056156167124417,-0.012989545210338821
0.1,triple,41,2452481286,1000,499,0.12625250501002003,0.14056156167124417,-0.014309056661224145
0.1,triple,42,2825915514,1000,509,0.13948919449901767,0.14056156167124417,-0.0010723671722265016
0.1,triple,43,3174863474,1000,490,0.1326530612244898,0.14056156167124417,-0.007908500446754368
0.1,triple,44,4108926324,1000,516,0.12015503875968993,0.14056156167124417,-0.020406522911554245
0.1,triple,45,2528936924,1000,498,0.14056224899598393,0.14056156167124417,6.873247397620741e-07
0.1,triple,46,1657319080,1000,468,0.1346153846153846,0.14056156167124417,-0.005946177055859564
0.1,triple,47,4127568842,1000,527,0.15939278937381404,0.14056156167124417,0.01883122770256987
0.1,triple,48,3663045474,1000,504,0.14087301587301587,0.14056156167124417,0.00031145420177169925
0.1,triple,49,369764428,1000,509,0.14145383104125736,0.14056156167124417,0.0008922693700131878
0.1,triple,50,1240156594,1000,504,0.10119047619047619,0.14056156167124417,-0.03937108548076798
