p,scenario,trial,seed,n_transmissions,conclusive_count,conclusive_fraction,qber,exact_qber,difference_from_exact,exact_conclusive_probability,difference_conclusive
0.01,single,1,803805062,1000,235,0.235,0.00851063829787234,0.013157894736842044,-0.004647256438969703,0.25333333333333324,-0.018333333333333257
0.01,single,2,868791525,1000,240,0.24,0.029166666666666667,0.013157894736842044,0.016008771929824625,0.25333333333333324,-0.013333333333333253
0.01,single,3,2835962535,1000,262,0.262,0.015267175572519083,0.013157894736842044,0.0021092808356770396,0.25333333333333324,0.008666666666666767
0.01,single,4,3125616926,1000,265,0.265,0.018867924528301886,0.013157894736842044,0.005710029791459842,0.25333333333333324,0.01166666666666677
0.01,single,5,4107846187,1000,247,0.247,0.008097165991902834,0.013157894736842044,-0.00506072874493921,0.25333333333333324,-0.0063333333333332464
0.01,single,6,3802774572,1000,251,0.251,0.0199203187250996,0.013157894736842044,0.006762423988257557,0.25333333333333324,-0.002333333333333243
0.01,single,7,121517946,1000,251,0.251,0.01195219123505976,0.013157894736842044,-0.001205703501782283,0.25333333333333324,-0.002333333333333243
0.01,single,8,648414525,1000,253,0.253,0.007905138339920948,0.013157894736842044,-0.005252756396921096,0.25333333333333324,-0.0003333333333332411
0.01,single,9,2743978601,1000,259,0.259,0.011583011583011582,0.013157894736842044,-0.0015748831538304614,0.25333333333333324,0.005666666666666764
0.01,single,10,404225113,1000,249,0.249,0.01606425702811245,0.013157894736842044,0.0029063622912704045,0.25333333333333324,-0.004333333333333245
0.01,single,11,2685925909,1000,227,0.227,0.013215859030837005,0.013157894736842044,5.796429399496095e-05,0.25333333333333324,-0.026333333333333236
0.01,single,12,3142262717,1000,246,0.246,0.024390243902439025,0.013157894736842044,0.011232349165596981,0.25333333333333324,-0.007333333333333247
0.01,single,13,1675209178,1000,270,0.27,0.011111111111111112,0.013157894736842044,-0.0020467836257309323,0.25333333333333324,0.016666666666666774
0.01,single,14,2586040851,1000,234,0.234,0.008547008547008548,0.013157894736842044,-0.004610886189833496,0.25333333333333324,-0.01933333333333323
0.01,single,15,209389404,1000,246,0.246,0.02032520325203252,0.013157894736842044,0.007167308515190476,0.25333333333333324,-0.007333333333333247
0.01,single,16,592185738,1000,248,0.248,0.016129032258064516,0.013157894736842044,0.002971137521222472,0.25333333333333324,-0.0053333333333332456
0.01,single,17,2974120664,1000,261,0.261,0.007662835249042145,0.013157894736842044,-0.005495059487799899,0.25333333333333324,0.007666666666666766
0.01,single,18,4178011205,1000,227,0.227,0.00881057268722467,0.013157894736842044,-0.004347322049617373,0.25333333333333324,-0.026333333333333236
0.01,single,19,2998517284,1000,268,0.268,0.018656716417910446,0.013157894736842044,0.005498821681068402,0.25333333333333324,0.014666666666666772
0.01,single,20,1797420667,1000,235,0.235,0.01702127659574468,0.013157894736842044,0.0038633818589026373,0.25333333333333324,-0.018333333333333257
0.01,single,21,1103674084,1000,241,0.241,0.012448132780082987,0.013157894736842044,-0.0007097619567590571,0.25333333333333324,-0.012333333333333252
0.01,single,22,3678485691,1000,262,0.262,0.019083969465648856,0.013157894736842044,0.005926074728806812,0.25333333333333324,0.008666666666666767
0.01,single,23,3013591546,1000,269,0.269,0.026022304832713755,0.013157894736842044,0.012864410095871711,0.25333333333333324,0.015666666666666773
0.01,single,24,4213390682,1000,223,0.223,0.004484304932735426,0.013157894736842044,-0.008673589804106617,0.25333333333333324,-0.03033333333333324
0.01,single,25,2300416532,1000,255,0.255,0.01568627450980392,0.013157894736842044,0.0025283797729618775,0.25333333333333324,0.0016666666666667607
0.01,single,26,2036609129,1000,239,0.239,0.008368200836820083,0.013157894736842044,-0.004789693900021961,0.25333333333333324,-0.014333333333333254
0.01,single,27,2811700182,1000,262,0.262,0.015267175572519083,0.013157894736842044,0.0021092808356770396,0.25333333333333324,0.008666666666666767
0.01,single,28,2390513661,1000,266,0.266,0.011278195488721804,0.013157894736842044,-0.00187969924812024,0.25333333333333324,0.01266666666666677
0.01,single,29,2782152042,1000,260,0.26,0.015384615384615385,0.013157894736842044,0.0022267206477733417,0.25333333333333324,0.006666666666666765
0.01,single,30,262086742,1000,262,0.262,0.022900763358778626,0.013157894736842044,0.009742868621936582,0.25333333333333324,0.008666666666666767
0.01,single,31,3645902588,1000,241,0.241,0.016597510373443983,0.013157894736842044,0.0034396156366019396,0.25333333333333324,-0.012333333333333252
0.01,single,32,3296416966,1000,251,0.251,0.02390438247011952,0.013157894736842044,0.010746487733277478,0.25333333333333324,-0.002333333333333243
0.01,single,33,1060774512,1000,253,0.253,0.003952569169960474,0.013157894736842044,-0.00920532556688157,0.25333333333333324,-0.0003333333333332411
0.01,single,34,2766297066,1000,269,0.269,0.0037174721189591076,0.013157894736842044,-0.009440422617882936,0.25333333333333324,0.015666666666666773
0.01,single,35,2471128011,1000,255,0.255,0.011764705882352941,0.013157894736842044,-0.0013931888544891028,0.25333333333333324,0.0016666666666667607
0.01,single,36,1832727808,1000,247,0.247,0.024291497975708502,0.013157894736842044,0.011133603238866458,0.25333333333333324,-0.0063333333333332464
0.01,single,37,3133942954,1000,245,0.245,0.0163265306122449,0.013157894736842044,0.0031686358754028556,0.25333333333333324,-0.008333333333333248
0.01,single,38,354628393,1000,275,0.275,0.01818181818181818,0.013157894736842044,0.005023923444976137,0.25333333333333324,0.02166666666666678
0.01,single,39,166229008,1000,276,0.276,0.021739130434782608,0.013157894736842044,0.008581235697940564,0.25333333333333324,0.02266666666666678
0.01,single,40,2103724397,1000,247,0.247,0.008097165991902834,0.013157894736842044,-0.00506072874493921,0.25333333333333324,-0.0063333333333332464
0.01,single,41,985895910,1000,242,0.242,0.004132231404958678,0.013157894736842044,-0.009025663331883366,0.25333333333333324,-0.011333333333333251
0.01,single,42,210052860,1000,240,0.24,0.0125,0.013157894736842044,-0.0006578947368420431,0.25333333333333324,-0.013333333333333253
0.01,single,43,3678229999,1000,266,0.266,0.015037593984962405,0.013157894736842044,0.0018796992481203614,0.25333333333333324,0.01266666666666677
0.01,single,44,3842146260,1000,242,0.242,0.01652892561983471,0.013157894736842044,0.0033710308829926674,0.25333333333333324,-0.011333333333333251
0.01,single,45,960553196,1000,262,0.262,0.007633587786259542,0.013157894736842044,-0.005524306950582502,0.25333333333333324,0.008666666666666767
0.01,single,46,704486853,1000,276,0.276,0.010869565217391304,0.013157894736842044,-0.0022883295194507398,0.25333333333333324,0.02266666666666678
0.01,single,47,1169011392,1000,260,0.26,0.007692307692307693,0.013157894736842044,-0.005465587044534351,0.25333333333333324,0.006666666666666765
0.01,single,48,2314466324,1000,270,0.27,0.022222222222222223,0.013157894736842044,0.00906432748538018,0.25333333333333324,0.016666666666666774
0.01,single,49,1852065566,1000,239,0.239,0.02092050209205021,0.013157894736842044,0.0077626073552081645,0.25333333333333324,-0.014333333333333254
0.01,single,50,119522576,1000,244,0.244,0.012295081967213115,0.013157894736842044,-0.0008628127696289293,0.25333333333333324,-0.009333333333333249
0.02,single,1,3723173645,1000,287,0.287,0.041811846689895474,0.025974025974026062,0.01583782071586941,0.25666666666666665,0.030333333333333323
0.02,single,2,2641043150,1000,259,0.259,0.03088803088803089,0.025974025974026062,0.004914004914004826,0.25666666666666665,0.002333333333333354
0.02,single,3,3794439068,1000,270,0.27,0.018518518518518517,0.025974025974026062,-0.007455507455507545,0.25666666666666665,0.013333333333333364
0.02,single,4,2683992601,1000,275,0.275,0.01818181818181818,0.025974025974026062,-0.0077922077922078815,0.25666666666666665,0.018333333333333368
0.02,single,5,2823034532,1000,257,0.257,0.027237354085603113,0.025974025974026062,0.0012633281115770507,0.25666666666666665,0.00033333333333335213
0.02,single,6,845128285,1000,240,0.24,0.016666666666666666,0.025974025974026062,-0.009307359307359396,0.25666666666666665,-0.016666666666666663
0.02,single,7,3393580921,1000,244,0.244,0.03278688524590164,0.025974025974026062,0.006812859271875579,0.25666666666666665,-0.01266666666666666
0.02,single,8,471582649,1000,252,0.252,0.015873015873015872,0.025974025974026062,-0.01010101010101019,0.25666666666666665,-0.004666666666666652
0.02,single,9,1108886299,1000,261,0.261,0.019157088122605363,0.025974025974026062,-0.0068169378514207,0.25666666666666665,0.004333333333333356
0.02,single,10,2956071872,1000,274,0.274,0.025547445255474453,0.025974025974026062,-0.0004265807185516099,0.25666666666666665,0.017333333333333367
0.02,single,11,2070053752,1000,251,0.251,0.02390438247011952,0.025974025974026062,-0.002069643503906541,0.25666666666666665,-0.005666666666666653
0.02,single,12,1322647490,1000,267,0.267,0.02247191011235955,0.025974025974026062,-0.0035021158616665125,0.25666666666666665,0.010333333333333361
0.02,single,13,2448185354,1000,276,0.276,0.036231884057971016,0.025974025974026062,0.010257858083944953,0.25666666666666665,0.01933333333333337
0.02,single,14,151598944,1000,250,0.25,0.032,0.025974025974026062,0.006025974025973938,0.25666666666666665,-0.006666666666666654
0.02,single,15,1542500675,1000,236,0.236,0.00847457627118644,0.025974025974026062,-0.01749944970283962,0.25666666666666665,-0.020666666666666667
0.02,single,16,4028098955,1000,275,0.275,0.02909090909090909,0.025974025974026062,0.0031168831168830284,0.25666666666666665,0.018333333333333368
0.02,single,17,2534541868,1000,266,0.266,0.015037593984962405,0.025974025974026062,-0.010936431989063657,0.25666666666666665,0.00933333333333336
0.02,single,18,2629310128,1000,262,0.262,0.026717557251908396,0.025974025974026062,0.0007435312778823339,0.25666666666666665,0.005333333333333357
0.02,single,19,1387450231,1000,281,0.281,0.028469750889679714,0.025974025974026062,0.0024957249156536514,0.25666666666666665,0.024333333333333373
0.02,single,20,2720509223,1000,219,0.219,0.0228310502283105,0.025974025974026062,-0.0031429757457155615,0.25666666666666665,-0.037666666666666654
0.02,single,21,1252077329,1000,260,0.26,0.019230769230769232,0.025974025974026062,-0.006743256743256831,0.25666666666666665,0.003333333333333355
0.02,single,22,3319128139,1000,255,0.255,0.0196078431372549,0.025974025974026062,-0.006366182836771161,0.25666666666666665,-0.0016666666666666496
0.02,single,23,2320478818,1000,263,0.263,0.026615969581749048,0.025974025974026062,0.0006419436077229855,0.25666666666666665,0.0063333333333333575
0.02,single,24,2163853851,1000,247,0.247,0.024291497975708502,0.025974025974026062,-0.0016825279983175602,0.25666666666666665,-0.009666666666666657
0.02,single,25,3731642948,1000,256,0.256,0.0390625,0.025974025974026062,0.013088474025973938,0.25666666666666665,-0.0006666666666666488
0.02,single,26,415521011,1000,264,0.264,0.03787878787878788,0.025974025974026062,0.011904761904761817,0.25666666666666665,0.007333333333333358
0.02,single,27,255653785,1000,255,0.255,0.0196078431372549,0.025974025974026062,-0.006366182836771161,0.25666666666666665,-0.0016666666666666496
0.02,single,28,622616073,1000,290,0.29,0.03793103448275862,0.025974025974026062,0.011957008508732558,0.25666666666666665,0.033333333333333326
0.02,single,29,1809422547,1000,248,0.248,0.028225806451612902,0.025974025974026062,0.00225178047758684,0.25666666666666665,-0.008666666666666656
0.02,single,30,3288045535,1000,274,0.274,0.0364963503649635,0.025974025974026062,0.010522324390937438,0.25666666666666665,0.017333333333333367
0.02,single,31,1931701317,1000,259,0.259,0.023166023166023165,0.025974025974026062,-0.0028080028080028976,0.25666666666666665,0.002333333333333354
0.02,single,32,3829746650,1000,252,0.252,0.03968253968253968,0.025974025974026062,0.013708513708513618,0.25666666666666665,-0.004666666666666652
0.02,single,33,2961908296,1000,249,0.249,0.024096385542168676,0.025974025974026062,-0.0018776404318573865,0.25666666666666665,-0.007666666666666655
0.02,single,34,4178237558,1000,253,0.253,0.011857707509881422,0.025974025974026062,-0.01411631846414464,0.25666666666666665,-0.0036666666666666514
0.02,single,35,2310982475,1000,271,0.271,0.007380073800738007,0.025974025974026062,-0.018593952173288054,0.25666666666666665,0.014333333333333365
0.02,single,36,4156143781,1000,281,0.281,0.028469750889679714,0.025974025974026062,0.0024957249156536514,0.25666666666666665,0.024333333333333373
0.02,single,37,1675341381,1000,263,0.263,0.022813688212927757,0.025974025974026062,-0.003160337761098305,0.25666666666666665,0.0063333333333333575
0.02,single,38,221137591,1000,239,0.239,0.012552301255230125,0.025974025974026062,-0.013421724718795937,0.25666666666666665,-0.017666666666666664
0.02,single,39,1168574489,1000,267,0.267,0.04119850187265917,0.025974025974026062,0.01522447589863311,0.25666666666666665,0.010333333333333361
0.02,single,40,1409022289,1000,267,0.267,0.0299625468164794,0.025974025974026062,0.003988520842453339,0.25666666666666665,0.010333333333333361
0.02,single,41,2304910272,1000,240,0.24,0.03333333333333333,0.025974025974026062,0.00735930735930727,0.25666666666666665,-0.016666666666666663
0.02,single,42,257434787,1000,250,0.25,0.004,0.025974025974026062,-0.021974025974026062,0.25666666666666665,-0.006666666666666654
0.02,single,43,2372678041,1000,273,0.273,0.047619047619047616,0.025974025974026062,0.021645021645021554,0.25666666666666665,0.016333333333333366
0.02,single,44,1053743944,1000,236,0.236,0.012711864406779662,0.025974025974026062,-0.0132621615672464,0.25666666666666665,-0.020666666666666667
0.02,single,45,259061022,1000,247,0.247,0.020242914979757085,0.025974025974026062,-0.005731110994268977,0.25666666666666665,-0.009666666666666657
0.02,single,46,2281256613,1000,254,0.254,0.027559055118110236,0.025974025974026062,0.0015850291440841734,0.25666666666666665,-0.0026666666666666505
0.02,single,47,1297089904,1000,259,0.259,0.04247104247104247,0.025974025974026062,0.016497016497016407,0.25666666666666665,0.002333333333333354
0.02,single,48,3112933094,1000,277,0.277,0.02527075812274368,0.025974025974026062,-0.0007032678512823819,0.25666666666666665,0.02033333333333337
0.02,single,49,457150351,1000,261,0.261,0.038314176245210725,0.025974025974026062,0.012340150271184663,0.25666666666666665,0.004333333333333356
0.02,single,50,3737595077,1000,253,0.253,0.019762845849802372,0.025974025974026062,-0.0062111801242236905,0.25666666666666665,-0.0036666666666666514
0.03,single,1,2297876556,1000,258,0.258,0.04263565891472868,0.03846153846153849,0.00417412045319019,0.25999999999999995,-0.0019999999999999463
0.03,single,2,2547420018,1000,247,0.247,0.03643724696356275,0.03846153846153849,-0.0020242914979757415,0.25999999999999995,-0.012999999999999956
0.03,single,3,1675598588,1000,238,0.238,0.037815126050420166,0.03846153846153849,-0.0006464124111183259,0.25999999999999995,-0.021999999999999964
0.03,single,4,3488513628,1000,236,0.236,0.05084745762711865,0.03846153846153849,0.012385919165580156,0.25999999999999995,-0.023999999999999966
0.03,single,5,1124945860,1000,259,0.259,0.02702702702702703,0.03846153846153849,-0.011434511434511463,0.25999999999999995,-0.0009999999999999454
0.03,single,6,406175451,1000,254,0.254,0.023622047244094488,0.03846153846153849,-0.014839491217444004,0.25999999999999995,-0.00599999999999995
0.03,single,7,1510760107,1000,278,0.278,0.039568345323741004,0.03846153846153849,0.0011068068622025126,0.25999999999999995,0.01800000000000007
0.03,single,8,2266393856,1000,275,0.275,0.04363636363636364,0.03846153846153849,0.005174825174825148,0.25999999999999995,0.015000000000000069
0.03,single,9,3297113082,1000,252,0.252,0.023809523809523808,0.03846153846153849,-0.014652014652014683,0.25999999999999995,-0.007999999999999952
0.03,single,10,431530180,1000,255,0.255,0.027450980392156862,0.03846153846153849,-0.011010558069381629,0.25999999999999995,-0.004999999999999949
0.03,single,11,2235588984,1000,249,0.249,0.03614457831325301,0.03846153846153849,-0.002316960148285481,0.25999999999999995,-0.010999999999999954
0.03,single,12,865791814,1000,253,0.253,0.03557312252964427,0.03846153846153849,-0.00288841593189422,0.25999999999999995,-0.006999999999999951
0.03,single,13,3755054599,1000,262,0.262,0.0648854961832061,0.03846153846153849,0.026423957721667612,0.25999999999999995,0.0020000000000000573
0.03,single,14,1585731569,1000,266,0.266,0.04887218045112782,0.03846153846153849,0.010410641989589325,0.25999999999999995,0.006000000000000061
0.03,single,15,4190161855,1000,265,0.265,0.052830188679245285,0.03846153846153849,0.014368650217706794,0.25999999999999995,0.00500000000000006
0.03,single,16,740441459,1000,244,0.244,0.04918032786885246,0.03846153846153849,0.010718789407313967,0.25999999999999995,-0.01599999999999996
0.03,single,17,1921265487,1000,288,0.288,0.03819444444444445,0.03846153846153849,-0.0002670940170940439,0.25999999999999995,0.028000000000000025
0.03,single,18,1656985467,1000,240,0.24,0.0375,0.03846153846153849,-0.0009615384615384928,0.25999999999999995,-0.019999999999999962
0.03,single,19,2981405449,1000,262,0.262,0.030534351145038167,0.03846153846153849,-0.007927187316500325,0.25999999999999995,0.0020000000000000573
0.03,single,20,2604094537,1000,258,0.258,0.027131782945736434,0.03846153846153849,-0.011329755515802058,0.25999999999999995,-0.0019999999999999463
0.03,single,21,694011009,1000,256,0.256,0.04296875,0.03846153846153849,0.004507211538461509,0.25999999999999995,-0.003999999999999948
0.03,single,22,2515589666,1000,274,0.274,0.051094890510948905,0.03846153846153849,0.012633352049410414,0.25999999999999995,0.014000000000000068
0.03,single,23,3576366089,1000,276,0.276,0.050724637681159424,0.03846153846153849,0.012263099219620932,0.25999999999999995,0.01600000000000007
0.03,single,24,3121066031,1000,267,0.267,0.018726591760299626,0.03846153846153849,-0.019734946701238865,0.25999999999999995,0.007000000000000062
0.03,single,25,3877688330,1000,271,0.271,0.025830258302583026,0.03846153846153849,-0.012631280158955465,0.25999999999999995,0.011000000000000065
0.03,single,26,504404497,1000,249,0.249,0.05622489959839357,0.03846153846153849,0.01776336113685508,0.25999999999999995,-0.010999999999999954
0.03,single,27,2098625074,1000,252,0.252,0.031746031746031744,0.03846153846153849,-0.006715506715506747,0.25999999999999995,-0.007999999999999952
0.03,single,28,927910206,1000,262,0.262,0.03816793893129771,0.03846153846153849,-0.0002935995302407804,0.25999999999999995,0.0020000000000000573
0.03,single,29,35667397,1000,272,0.272,0.03308823529411765,0.03846153846153849,-0.005373303167420844,0.25999999999999995,0.012000000000000066
0.03,single,30,61025066,1000,281,0.281,0.042704626334519574,0.03846153846153849,0.004243087872981083,0.25999999999999995,0.021000000000000074
0.03,single,31,2522034396,1000,256,0.256,0.015625,0.03846153846153849,-0.02283653846153849,0.25999999999999995,-0.003999999999999948
0.03,single,32,3532633285,1000,291,0.291,0.03436426116838488,0.03846153846153849,-0.004097277293153609,0.25999999999999995,0.031000000000000028
0.03,single,33,1825609563,1000,256,0.256,0.0546875,0.03846153846153849,0.01622596153846151,0.25999999999999995,-0.003999999999999948
0.03,single,34,459064542,1000,279,0.279,0.03942652329749104,0.03846153846153849,0.0009649848359525454,0.25999999999999995,0.019000000000000072
0.03,single,35,454353677,1000,265,0.265,0.045283018867924525,0.03846153846153849,0.006821480406386034,0.25999999999999995,0.00500000000000006
0.03,single,36,845065070,1000,250,0.25,0.056,0.03846153846153849,0.01753846153846151,0.25999999999999995,-0.009999999999999953
0.03,single,37,2510221361,1000,262,0.262,0.05343511450381679,0.03846153846153849,0.014973576042278301,0.25999999999999995,0.0020000000000000573
0.03,single,38,969186927,1000,253,0.253,0.03162055335968379,0.03846153846153849,-0.006840985101854699,0.25999999999999995,-0.006999999999999951
0.03,single,39,1580130103,1000,231,0.231,0.04329004329004329,0.03846153846153849,0.004828504828504797,0.25999999999999995,-0.028999999999999942
0.03,single,40,2561935446,1000,234,0.234,0.029914529914529916,0.03846153846153849,-0.008547008547008576,0.25999999999999995,-0.02599999999999994
0.03,single,41,4021910668,1000,265,0.265,0.03018867924528302,0.03846153846153849,-0.008272859216255472,0.25999999999999995,0.00500000000000006
0.03,single,42,3322466439,1000,237,0.237,0.046413502109704644,0.03846153846153849,0.007951963648166152,0.25999999999999995,-0.022999999999999965
0.03,single,43,381760100,1000,252,0.252,0.03968253968253968,0.03846153846153849,0.001221001221001189,0.25999999999999995,-0.007999999999999952
0.03,single,44,3365250854,1000,256,0.256,0.06640625,0.03846153846153849,0.02794471153846151,0.25999999999999995,-0.003999999999999948
0.03,single,45,2339517730,1000,257,0.257,0.011673151750972763,0.03846153846153849,-0.02678838671056573,0.25999999999999995,-0.002999999999999947
0.03,single,46,3203096996,1000,265,0.265,0.026415094339622643,0.03846153846153849,-0.012046444121915849,0.25999999999999995,0.00500000000000006
0.03,single,47,4185495245,1000,267,0.267,0.03745318352059925,0.03846153846153849,-0.0010083549409392392,0.25999999999999995,0.007000000000000062
0.03,single,48,494953868,1000,259,0.259,0.0694980694980695,0.03846153846153849,0.031036531036531007,0.25999999999999995,-0.0009999999999999454
0.03,single,49,4157130318,1000,272,0.272,0.058823529411764705,0.03846153846153849,0.020361990950226214,0.25999999999999995,0.012000000000000066
0.03,single,50,4159925690,1000,242,0.242,0.049586776859504134,0.03846153846153849,0.011125238397965642,0.25999999999999995,-0.01799999999999996
0.04,single,1,864986719,1000,276,0.276,0.05434782608695652,0.050632911392405035,0.0037149146945514855,0.26333333333333325,0.01266666666666677
0.04,single,2,3326439713,1000,245,0.245,0.04897959183673469,0.050632911392405035,-0.0016533195556703434,0.26333333333333325,-0.018333333333333257
0.04,single,3,3979003933,1000,244,0.244,0.01639344262295082,0.050632911392405035,-0.03423946876945422,0.26333333333333325,-0.019333333333333258
0.04,single,4,91456012,1000,254,0.254,0.05905511811023622,0.050632911392405035,0.008422206717831185,0.26333333333333325,-0.009333333333333249
0.04,single,5,193729682,1000,260,0.26,0.038461538461538464,0.050632911392405035,-0.012171372930866571,0.26333333333333325,-0.0033333333333332438
0.04,single,6,1855265462,1000,270,0.27,0.06666666666666667,0.050632911392405035,0.01603375527426163,0.26333333333333325,0.006666666666666765
0.04,single,7,2470305709,1000,266,0.266,0.05639097744360902,0.050632911392405035,0.005758066051203985,0.26333333333333325,0.0026666666666667616
0.04,single,8,1354115074,1000,264,0.264,0.06818181818181818,0.050632911392405035,0.017548906789413142,0.26333333333333325,0.0006666666666667598
0.04,single,9,1512332589,1000,249,0.249,0.040160642570281124,0.050632911392405035,-0.01047226882212391,0.26333333333333325,-0.014333333333333254
0.04,single,10,372338527,1000,272,0.272,0.04411764705882353,0.050632911392405035,-0.0065152643335815025,0.26333333333333325,0.008666666666666767
0.04,single,11,3907069737,1000,258,0.258,0.06589147286821706,0.050632911392405035,0.015258561475812026,0.26333333333333325,-0.0053333333333332456
0.04,single,12,2910247318,1000,275,0.275,0.06181818181818182,0.050632911392405035,0.011185270425776786,0.26333333333333325,0.01166666666666677
0.04,single,13,1712639436,1000,268,0.268,0.04477611940298507,0.050632911392405035,-0.005856791989419963,0.26333333333333325,0.004666666666666763
0.04,single,14,4233166257,1000,263,0.263,0.06463878326996197,0.050632911392405035,0.01400587187755694,0.26333333333333325,-0.0003333333333332411
0.04,single,15,1735462935,1000,265,0.265,0.06037735849056604,0.050632911392405035,0.009744447098161003,0.26333333333333325,0.0016666666666667607
0.04,single,16,2953309125,1000,253,0.253,0.03557312252964427,0.050632911392405035,-0.015059788862760763,0.26333333333333325,-0.01033333333333325
0.04,single,17,3642974802,1000,246,0.246,0.06504065040650407,0.050632911392405035,0.014407739014099037,0.26333333333333325,-0.017333333333333256
0.04,single,18,287589219,1000,256,0.256,0.0703125,0.050632911392405035,0.019679588607594965,0.26333333333333325,-0.007333333333333247
0.04,single,19,133198171,1000,270,0.27,0.07037037037037037,0.050632911392405035,0.01973745897796534,0.26333333333333325,0.006666666666666765
0.04,single,20,3009623074,1000,250,0.25,0.032,0.050632911392405035,-0.018632911392405034,0.26333333333333325,-0.013333333333333253
0.04,single,21,2682003476,1000,268,0.268,0.05223880597014925,0.050632911392405035,0.0016058945777442171,0.26333333333333325,0.004666666666666763
0.04,single,22,1929163243,1000,237,0.237,0.05485232067510549,0.050632911392405035,0.004219409282700454,0.26333333333333325,-0.026333333333333264
0.04,single,23,1068061120,1000,254,0.254,0.051181102362204724,0.050632911392405035,0.000548190969799689,0.26333333333333325,-0.009333333333333249
0.04,single,24,2585755050,1000,263,0.263,0.049429657794676805,0.050632911392405035,-0.0012032535977282294,0.26333333333333325,-0.0003333333333332411
0.04,single,25,1479422692,1000,264,0.264,0.05303030303030303,0.050632911392405035,0.002397391637897997,0.26333333333333325,0.0006666666666667598
0.04,single,26,448458970,1000,227,0.227,0.02643171806167401,0.050632911392405035,-0.024201193330731025,0.26333333333333325,-0.036333333333333245
0.04,single,27,3952077779,1000,259,0.259,0.05405405405405406,0.050632911392405035,0.0034211426616490223,0.26333333333333325,-0.004333333333333245
0.04,single,28,2441212733,1000,281,0.281,0.028469750889679714,0.050632911392405035,-0.02216316050272532,0.26333333333333325,0.017666666666666775
0.04,single,29,2951635826,1000,259,0.259,0.06177606177606178,0.050632911392405035,0.011143150383656743,0.26333333333333325,-0.004333333333333245
0.04,single,30,982687974,1000,260,0.26,0.05384615384615385,0.050632911392405035,0.0032132424537488144,0.26333333333333325,-0.0033333333333332438
0.04,single,31,3934360498,1000,251,0.251,0.04780876494023904,0.050632911392405035,-0.0028241464521659917,0.26333333333333325,-0.012333333333333252
0.04,single,32,3970837447,1000,264,0.264,0.030303030303030304,0.050632911392405035,-0.02032988108937473,0.26333333333333325,0.0006666666666667598
0.04,single,33,1124611152,1000,251,0.251,0.03187250996015936,0.050632911392405035,-0.018760401432245673,0.26333333333333325,-0.012333333333333252
0.04,single,34,4213535012,1000,243,0.243,0.04526748971193416,0.050632911392405035,-0.005365421680470876,0.26333333333333325,-0.02033333333333326
0.04,single,35,3693383011,1000,243,0.243,0.06172839506172839,0.050632911392405035,0.011095483669323357,0.26333333333333325,-0.02033333333333326
0.04,single,36,3540522684,1000,258,0.258,0.023255813953488372,0.050632911392405035,-0.027377097438916663,0.26333333333333325,-0.0053333333333332456
0.04,single,37,1789241926,1000,238,0.238,0.029411764705882353,0.050632911392405035,-0.021221146686522682,0.26333333333333325,-0.025333333333333263
0.04,single,38,1103464530,1000,242,0.242,0.03305785123966942,0.050632911392405035,-0.017575060152735612,0.26333333333333325,-0.02133333333333326
0.04,single,39,624007707,1000,247,0.247,0.04048582995951417,0.050632911392405035,-0.010147081432890864,0.26333333333333325,-0.016333333333333255
0.04,single,40,2533578473,1000,289,0.289,0.06228373702422145,0.050632911392405035,0.011650825631816415,0.26333333333333325,0.025666666666666726
0.04,single,41,1886014803,1000,259,0.259,0.07335907335907337,0.050632911392405035,0.02272616196666833,0.26333333333333325,-0.004333333333333245
0.04,single,42,2902901384,1000,260,0.26,0.05,0.050632911392405035,-0.000632911392405032,0.26333333333333325,-0.0033333333333332438
0.04,single,43,2930008243,1000,276,0.276,0.050724637681159424,0.050632911392405035,9.172628875438876e-05,0.26333333333333325,0.01266666666666677
0.04,single,44,895165804,1000,243,0.243,0.04526748971193416,0.050632911392405035,-0.005365421680470876,0.26333333333333325,-0.02033333333333326
0.04,single,45,2807078676,1000,265,0.265,0.03018867924528302,0.050632911392405035,-0.020444232147122016,0.26333333333333325,0.0016666666666667607
0.04,single,46,2020885406,1000,261,0.261,0.04980842911877394,0.050632911392405035,-0.0008244822736310914,0.26333333333333325,-0.002333333333333243
0.04,single,47,2902853131,1000,275,0.275,0.05818181818181818,0.050632911392405035,0.007548906789413147,0.26333333333333325,0.01166666666666677
0.04,single,48,537973754,1000,263,0.263,0.057034220532319393,0.050632911392405035,0.006401309139914359,0.26333333333333325,-0.0003333333333332411
0.04,single,49,2391824573,1000,307,0.307,0.03257328990228013,0.050632911392405035,-0.018059621490124904,0.26333333333333325,0.04366666666666674
0.04,single,50,1274765142,1000,281,0.281,0.060498220640569395,0.050632911392405035,0.00986530924816436,0.26333333333333325,0.017666666666666775
0.05,single,1,3135259554,1000,255,0.255,0.050980392156862744,0.06249999999999991,-0.011519607843137165,0.26666666666666655,-0.011666666666666548
0.05,single,2,1677013899,1000,265,0.265,0.06037735849056604,0.06249999999999991,-0.0021226415094338716,0.26666666666666655,-0.0016666666666665386
0.05,single,3,2928645124,1000,260,0.26,0.09615384615384616,0.06249999999999991,0.03365384615384625,0.26666666666666655,-0.006666666666666543
0.05,single,4,1447825299,1000,269,0.269,0.03345724907063197,0.06249999999999991,-0.029042750929367943,0.26666666666666655,0.002333333333333465
0.05,single,5,4116432249,1000,246,0.246,0.06097560975609756,0.06249999999999991,-0.0015243902439023502,0.26666666666666655,-0.020666666666666555
0.05,single,6,4076073668,1000,270,0.27,0.06666666666666667,0.06249999999999991,0.004166666666666756,0.26666666666666655,0.003333333333333466
0.05,single,7,1857187187,1000,238,0.238,0.06722689075630252,0.06249999999999991,0.004726890756302608,0.26666666666666655,-0.028666666666666563
0.05,single,8,9744280,1000,278,0.278,0.0539568345323741,0.06249999999999991,-0.008543165467625811,0.26666666666666655,0.011333333333333473
0.05,single,9,1287094719,1000,269,0.269,0.05204460966542751,0.06249999999999991,-0.0104553903345724,0.26666666666666655,0.002333333333333465
0.05,single,10,202915831,1000,293,0.293,0.06143344709897611,0.06249999999999991,-0.0010665529010238026,0.26666666666666655,0.02633333333333343
0.05,single,11,3738863473,1000,260,0.26,0.04230769230769231,0.06249999999999991,-0.0201923076923076,0.26666666666666655,-0.006666666666666543
0.05,single,12,506115304,1000,250,0.25,0.06,0.06249999999999991,-0.002499999999999912,0.26666666666666655,-0.016666666666666552
0.05,single,13,3233618267,1000,243,0.243,0.053497942386831275,0.06249999999999991,-0.009002057613168635,0.26666666666666655,-0.023666666666666558
0.05,single,14,3488946165,1000,282,0.282,0.0673758865248227,0.06249999999999991,0.004875886524822785,0.26666666666666655,0.015333333333333421
0.05,single,15,640812623,1000,280,0.28,0.05714285714285714,0.06249999999999991,-0.005357142857142769,0.26666666666666655,0.013333333333333475
0.05,single,16,2472041614,1000,259,0.259,0.08108108108108109,0.06249999999999991,0.018581081081081176,0.26666666666666655,-0.007666666666666544
0.05,single,17,418210093,1000,260,0.26,0.09230769230769231,0.06249999999999991,0.029807692307692403,0.26666666666666655,-0.006666666666666543
0.05,single,18,2044226099,1000,258,0.258,0.050387596899224806,0.06249999999999991,-0.012112403100775104,0.26666666666666655,-0.008666666666666545
0.05,single,19,4223243877,1000,269,0.269,0.08178438661710037,0.06249999999999991,0.01928438661710046,0.26666666666666655,0.002333333333333465
0.05,single,20,2066711792,1000,279,0.279,0.06810035842293907,0.06249999999999991,0.005600358422939163,0.26666666666666655,0.012333333333333474
0.05,single,21,103444619,1000,264,0.264,0.08333333333333333,0.06249999999999991,0.02083333333333342,0.26666666666666655,-0.0026666666666665395
0.05,single,22,4051905477,1000,259,0.259,0.08108108108108109,0.06249999999999991,0.018581081081081176,0.26666666666666655,-0.007666666666666544
0.05,single,23,2783045512,1000,281,0.281,0.05338078291814947,0.06249999999999991,-0.009119217081850442,0.26666666666666655,0.014333333333333476
0.05,single,24,2190511621,1000,264,0.264,0.08712121212121213,0.06249999999999991,0.024621212121212217,0.26666666666666655,-0.0026666666666665395
0.05,single,25,3986511465,1000,257,0.257,0.07003891050583658,0.06249999999999991,0.007538910505836667,0.26666666666666655,-0.009666666666666546
0.05,single,26,1610102409,1000,296,0.296,0.060810810810810814,0.06249999999999991,-0.0016891891891890956,0.26666666666666655,0.029333333333333433
0.05,single,27,297188421,1000,288,0.288,0.06944444444444445,0.06249999999999991,0.006944444444444538,0.26666666666666655,0.021333333333333426
0.05,single,28,499162315,1000,269,0.269,0.055762081784386616,0.06249999999999991,-0.006737918215613294,0.26666666666666655,0.002333333333333465
0.05,single,29,3638990691,1000,270,0.27,0.08148148148148149,0.06249999999999991,0.01898148148148158,0.26666666666666655,0.003333333333333466
0.05,single,30,240943043,1000,278,0.278,0.0683453237410072,0.06249999999999991,0.00584532374100729,0.26666666666666655,0.011333333333333473
0.05,single,31,3128983712,1000,268,0.268,0.06343283582089553,0.06249999999999991,0.0009328358208956153,0.26666666666666655,0.001333333333333464
0.05,single,32,1562100451,1000,271,0.271,0.06273062730627306,0.06249999999999991,0.0002306273062731498,0.26666666666666655,0.004333333333333467
0.05,single,33,967296494,1000,266,0.266,0.06766917293233082,0.06249999999999991,0.0051691729323309135,0.26666666666666655,-0.0006666666666665377
0.05,single,34,704606103,1000,262,0.262,0.04961832061068702,0.06249999999999991,-0.012881679389312888,0.26666666666666655,-0.004666666666666541
0.05,single,35,1661106456,1000,279,0.279,0.07168458781362007,0.06249999999999991,0.009184587813620158,0.26666666666666655,0.012333333333333474
0.05,single,36,1717712697,1000,271,0.271,0.055350553505535055,0.06249999999999991,-0.007149446494464855,0.26666666666666655,0.004333333333333467
0.05,single,37,1231989569,1000,262,0.262,0.08015267175572519,0.06249999999999991,0.017652671755725276,0.26666666666666655,-0.004666666666666541
0.05,single,38,3467215438,1000,279,0.279,0.1003584229390681,0.06249999999999991,0.037858422939068194,0.26666666666666655,0.012333333333333474
0.05,single,39,3390228429,1000,238,0.238,0.058823529411764705,0.06249999999999991,-0.0036764705882352047,0.26666666666666655,-0.028666666666666563
0.05,single,40,232654730,1000,276,0.276,0.07246376811594203,0.06249999999999991,0.009963768115942122,0.26666666666666655,0.009333333333333471
0.05,single,41,2909951655,1000,262,0.262,0.04961832061068702,0.06249999999999991,-0.012881679389312888,0.26666666666666655,-0.004666666666666541
0.05,single,42,653841296,1000,251,0.251,0.06772908366533864,0.06249999999999991,0.005229083665338731,0.26666666666666655,-0.01566666666666655
0.05,single,43,3213970336,1000,240,0.24,0.0875,0.06249999999999991,0.025000000000000085,0.26666666666666655,-0.02666666666666656
0.05,single,44,786194933,1000,244,0.244,0.05737704918032787,0.06249999999999991,-0.00512295081967204,0.26666666666666655,-0.022666666666666557
0.05,single,45,63518783,1000,245,0.245,0.09795918367346938,0.06249999999999991,0.03545918367346947,0.26666666666666655,-0.021666666666666556
0.05,single,46,3816686330,1000,272,0.272,0.06985294117647059,0.06249999999999991,0.00735294117647068,0.26666666666666655,0.005333333333333468
0.05,single,47,626386911,1000,275,0.275,0.09090909090909091,0.06249999999999991,0.028409090909091002,0.26666666666666655,0.00833333333333347
0.05,single,48,604895210,1000,255,0.255,0.07058823529411765,0.06249999999999991,0.008088235294117736,0.26666666666666655,-0.011666666666666548
0.05,single,49,852897913,1000,271,0.271,0.06273062730627306,0.06249999999999991,0.0002306273062731498,0.26666666666666655,0.004333333333333467
0.05,single,50,4200207184,1000,289,0.289,0.04498269896193772,0.06249999999999991,-0.01751730103806219,0.26666666666666655,0.022333333333333427
0.06,single,1,1995247107,1000,286,0.286,0.04895104895104895,0.07407407407407413,-0.025123025123025174,0.26999999999999996,0.016000000000000014
0.06,single,2,428423340,1000,266,0.266,0.06766917293233082,0.07407407407407413,-0.006404901141743302,0.26999999999999996,-0.003999999999999948
0.06,single,3,1318256191,1000,284,0.284,0.08098591549295775,0.07407407407407413,0.006911841418883624,0.26999999999999996,0.014000000000000012
0.06,single,4,4063598728,1000,250,0.25,0.072,0.07407407407407413,-0.002074074074074131,0.26999999999999996,-0.019999999999999962
0.06,single,5,414458742,1000,245,0.245,0.11428571428571428,0.07407407407407413,0.04021164021164016,0.26999999999999996,-0.024999999999999967
0.06,single,6,3284276456,1000,276,0.276,0.07608695652173914,0.07407407407407413,0.00201288244766501,0.26999999999999996,0.006000000000000061
0.06,single,7,4158369656,1000,275,0.275,0.05454545454545454,0.07407407407407413,-0.019528619528619583,0.26999999999999996,0.00500000000000006
0.06,single,8,3575130850,1000,263,0.263,0.07604562737642585,0.07407407407407413,0.001971553302351728,0.26999999999999996,-0.006999999999999951
0.06,single,9,1145883681,1000,259,0.259,0.09652509652509653,0.07407407407407413,0.0224510224510224,0.26999999999999996,-0.010999999999999954
0.06,single,10,1717942058,1000,310,0.31,0.054838709677419356,0.07407407407407413,-0.01923536439665477,0.26999999999999996,0.040000000000000036
0.06,single,11,2798695254,1000,266,0.266,0.09398496240601503,0.07407407407407413,0.019910888331940907,0.26999999999999996,-0.003999999999999948
0.06,single,12,1405341360,1000,262,0.262,0.07633587786259542,0.07407407407407413,0.0022618037885212966,0.26999999999999996,-0.007999999999999952
0.06,single,13,3204888994,1000,275,0.275,0.09454545454545454,0.07407407407407413,0.020471380471380418,0.26999999999999996,0.00500000000000006
0.06,single,14,2932886749,1000,280,0.28,0.05714285714285714,0.07407407407407413,-0.016931216931216984,0.26999999999999996,0.010000000000000064
0.06,single,15,147223086,1000,264,0.264,0.04924242424242424,0.07407407407407413,-0.024831649831649885,0.26999999999999996,-0.00599999999999995
0.06,single,16,848624507,1000,268,0.268,0.10074626865671642,0.07407407407407413,0.026672194582642292,0.26999999999999996,-0.0019999999999999463
0.06,single,17,3375868616,1000,270,0.27,0.08888888888888889,0.07407407407407413,0.014814814814814767,0.26999999999999996,5.551115123125783e-17
0.06,single,18,3888287494,1000,277,0.277,0.05415162454873646,0.07407407407407413,-0.019922449525337664,0.26999999999999996,0.007000000000000062
0.06,single,19,549876293,1000,275,0.275,0.06181818181818182,0.07407407407407413,-0.012255892255892305,0.26999999999999996,0.00500000000000006
0.06,single,20,3117904464,1000,270,0.27,0.07037037037037037,0.07407407407407413,-0.0037037037037037507,0.26999999999999996,5.551115123125783e-17
0.06,single,21,1281364389,1000,255,0.255,0.09803921568627451,0.07407407407407413,0.023965141612200383,0.26999999999999996,-0.014999999999999958
0.06,single,22,2441438376,1000,284,0.284,0.05985915492957746,0.07407407407407413,-0.014214919144496664,0.26999999999999996,0.014000000000000012
0.06,single,23,1698529507,1000,272,0.272,0.08088235294117647,0.07407407407407413,0.006808278867102349,0.26999999999999996,0.0020000000000000573
0.06,single,24,910279604,1000,295,0.295,0.0711864406779661,0.07407407407407413,-0.002887633396108022,0.26999999999999996,0.025000000000000022
0.06,single,25,1914854570,1000,280,0.28,0.11071428571428571,0.07407407407407413,0.036640211640211584,0.26999999999999996,0.010000000000000064
0.06,single,26,2393556378,1000,276,0.276,0.08695652173913043,0.07407407407407413,0.012882447665056307,0.26999999999999996,0.006000000000000061
0.06,single,27,1000378649,1000,256,0.256,0.0703125,0.07407407407407413,-0.0037615740740741255,0.26999999999999996,-0.013999999999999957
0.06,single,28,1680583933,1000,273,0.273,0.07326007326007326,0.07407407407407413,-0.000814000814000862,0.26999999999999996,0.003000000000000058
0.06,single,29,2643856899,1000,276,0.276,0.08333333333333333,0.07407407407407413,0.009259259259259203,0.26999999999999996,0.006000000000000061
0.06,single,30,2378525420,1000,252,0.252,0.05952380952380952,0.07407407407407413,-0.014550264550264605,0.26999999999999996,-0.01799999999999996
0.06,single,31,2636365107,1000,269,0.269,0.09665427509293681,0.07407407407407413,0.022580201018862683,0.26999999999999996,-0.0009999999999999454
0.06,single,32,486919383,1000,285,0.285,0.056140350877192984,0.07407407407407413,-0.017933723196881142,0.26999999999999996,0.015000000000000013
0.06,single,33,406506161,1000,263,0.263,0.09505703422053231,0.07407407407407413,0.020982960146458188,0.26999999999999996,-0.006999999999999951
0.06,single,34,900468070,1000,279,0.279,0.07526881720430108,0.07407407407407413,0.0011947431302269523,0.26999999999999996,0.009000000000000064
0.06,single,35,3123887782,1000,270,0.27,0.08148148148148149,0.07407407407407413,0.007407407407407363,0.26999999999999996,5.551115123125783e-17
0.06,single,36,383038800,1000,282,0.282,0.07446808510638298,0.07407407407407413,0.0003940110323088497,0.26999999999999996,0.01200000000000001
0.06,single,37,2702129789,1000,275,0.275,0.09090909090909091,0.07407407407407413,0.016835016835016786,0.26999999999999996,0.00500000000000006
0.06,single,38,1385547827,1000,258,0.258,0.10465116279069768,0.07407407407407413,0.030577088716623554,0.26999999999999996,-0.011999999999999955
0.06,single,39,3926479446,1000,276,0.276,0.09057971014492754,0.07407407407407413,0.01650563607085341,0.26999999999999996,0.006000000000000061
0.06,single,40,1232446383,1000,285,0.285,0.05964912280701754,0.07407407407407413,-0.014424951267056584,0.26999999999999996,0.015000000000000013
0.06,single,41,2188518490,1000,270,0.27,0.08888888888888889,0.07407407407407413,0.014814814814814767,0.26999999999999996,5.551115123125783e-17
0.06,single,42,3843233402,1000,258,0.258,0.05813953488372093,0.07407407407407413,-0.015934539190353196,0.26999999999999996,-0.011999999999999955
0.06,single,43,2062108022,1000,294,0.294,0.05442176870748299,0.07407407407407413,-0.019652305366591134,0.26999999999999996,0.02400000000000002
0.06,single,44,1367477753,1000,282,0.282,0.0851063829787234,0.07407407407407413,0.011032308904649277,0.26999999999999996,0.01200000000000001
0.06,single,45,2493663056,1000,251,0.251,0.07171314741035857,0.07407407407407413,-0.002360926663715554,0.26999999999999996,-0.01899999999999996
0.06,single,46,627432947,1000,262,0.262,0.06870229007633588,0.07407407407407413,-0.005371783997738244,0.26999999999999996,-0.007999999999999952
0.06,single,47,1422876866,1000,268,0.268,0.048507462686567165,0.07407407407407413,-0.02556661138750696,0.26999999999999996,-0.0019999999999999463
0.06,single,48,1186544163,1000,274,0.274,0.08029197080291971,0.07407407407407413,0.006217896728845582,0.26999999999999996,0.004000000000000059
0.06,single,49,2062859706,1000,298,0.298,0.1040268456375839,0.07407407407407413,0.02995277156350977,0.26999999999999996,0.028000000000000025
0.06,single,50,4225091084,1000,269,0.269,0.06691449814126393,0.07407407407407413,-0.0071595759328101916,0.26999999999999996,-0.0009999999999999454
0.07,single,1,3013584588,1000,272,0.272,0.11029411764705882,0.08536585365853658,0.024928263988522242,0.27333333333333326,-0.001333333333333242
0.07,single,2,1880981426,1000,269,0.269,0.05947955390334572,0.08536585365853658,-0.025886299755190856,0.27333333333333326,-0.004333333333333245
0.07,single,3,144888023,1000,285,0.285,0.10877192982456141,0.08536585365853658,0.02340607616602483,0.27333333333333326,0.011666666666666714
0.07,single,4,600046807,1000,235,0.235,0.07234042553191489,0.08536585365853658,-0.013025428126621691,0.27333333333333326,-0.038333333333333275
0.07,single,5,1188080724,1000,265,0.265,0.08679245283018867,0.08536585365853658,0.001426599171652096,0.27333333333333326,-0.008333333333333248
0.07,single,6,2732725969,1000,292,0.292,0.0958904109589041,0.08536585365853658,0.010524557300367526,0.27333333333333326,0.01866666666666672
0.07,single,7,1333326519,1000,266,0.266,0.10526315789473684,0.08536585365853658,0.01989730423620026,0.27333333333333326,-0.007333333333333247
0.07,single,8,4062343884,1000,292,0.292,0.0821917808219178,0.08536585365853658,-0.0031740728366187743,0.27333333333333326,0.01866666666666672
0.07,single,9,3686647141,1000,269,0.269,0.07063197026022305,0.08536585365853658,-0.014733883398313524,0.27333333333333326,-0.004333333333333245
0.07,single,10,1475982757,1000,287,0.287,0.10801393728222997,0.08536585365853658,0.022648083623693388,0.27333333333333326,0.013666666666666716
0.07,single,11,762381542,1000,281,0.281,0.09252669039145907,0.08536585365853658,0.00716083673292249,0.27333333333333326,0.007666666666666766
0.07,single,12,160181071,1000,271,0.271,0.055350553505535055,0.08536585365853658,-0.030015300153001523,0.27333333333333326,-0.002333333333333243
0.07,single,13,4292790979,1000,280,0.28,0.11071428571428571,0.08536585365853658,0.02534843205574913,0.27333333333333326,0.006666666666666765
0.07,single,14,2861059257,1000,301,0.301,0.07641196013289037,0.08536585365853658,-0.008953893525646212,0.27333333333333326,0.027666666666666728
0.07,single,15,1490312023,1000,257,0.257,0.08949416342412451,0.08536585365853658,0.004128309765587937,0.27333333333333326,-0.016333333333333255
0.07,single,16,918314275,1000,275,0.275,0.09454545454545454,0.08536585365853658,0.009179600886917966,0.27333333333333326,0.0016666666666667607
0.07,single,17,3703404314,1000,262,0.262,0.08778625954198473,0.08536585365853658,0.0024204058834481484,0.27333333333333326,-0.011333333333333251
0.07,single,18,4066389990,1000,260,0.26,0.09615384615384616,0.08536585365853658,0.010787992495309581,0.27333333333333326,-0.013333333333333253
0.07,single,19,3498233945,1000,269,0.269,0.07434944237918216,0.08536585365853658,-0.011016411279354418,0.27333333333333326,-0.004333333333333245
0.07,single,20,1248081622,1000,281,0.281,0.10320284697508897,0.08536585365853658,0.01783699331655239,0.27333333333333326,0.007666666666666766
0.07,single,21,869916169,1000,273,0.273,0.08058608058608059,0.08536585365853658,-0.004779773072455987,0.27333333333333326,-0.0003333333333332411
0.07,single,22,42520706,1000,274,0.274,0.06569343065693431,0.08536585365853658,-0.01967242300160227,0.27333333333333326,0.0006666666666667598
0.07,single,23,3469832843,1000,240,0.24,0.09166666666666666,0.08536585365853658,0.006300813008130082,0.27333333333333326,-0.03333333333333327
0.07,single,24,54094274,1000,299,0.299,0.08695652173913043,0.08536585365853658,0.0015906680805938544,0.27333333333333326,0.025666666666666726
0.07,single,25,3844530629,1000,269,0.269,0.12267657992565056,0.08536585365853658,0.037310726267113986,0.27333333333333326,-0.004333333333333245
0.07,single,26,987877923,1000,266,0.266,0.10150375939849623,0.08536585365853658,0.016137905739959657,0.27333333333333326,-0.007333333333333247
0.07,single,27,1623292508,1000,278,0.278,0.09352517985611511,0.08536585365853658,0.008159326197578531,0.27333333333333326,0.004666666666666763
0.07,single,28,3732406502,1000,281,0.281,0.07473309608540925,0.08536585365853658,-0.01063275757312733,0.27333333333333326,0.007666666666666766
0.07,single,29,3116027486,1000,252,0.252,0.10317460317460317,0.08536585365853658,0.01780874951606659,0.27333333333333326,-0.02133333333333326
0.07,single,30,1861032882,1000,286,0.286,0.1048951048951049,0.08536585365853658,0.019529251236568318,0.27333333333333326,0.012666666666666715
0.07,single,31,1792249092,1000,282,0.282,0.07092198581560284,0.08536585365853658,-0.014443867842933736,0.27333333333333326,0.008666666666666711
0.07,single,32,1805180672,1000,260,0.26,0.07307692307692308,0.08536585365853658,-0.012288930581613497,0.27333333333333326,-0.013333333333333253
0.07,single,33,227430206,1000,270,0.27,0.08888888888888889,0.08536585365853658,0.0035230352303523144,0.27333333333333326,-0.0033333333333332438
0.07,single,34,1596590075,1000,287,0.287,0.11149825783972125,0.08536585365853658,0.026132404181184676,0.27333333333333326,0.013666666666666716
0.07,single,35,3241065673,1000,268,0.268,0.08955223880597014,0.08536585365853658,0.004186385147433566,0.27333333333333326,-0.0053333333333332456
0.07,single,36,714593050,1000,289,0.289,0.06920415224913495,0.08536585365853658,-0.016161701409401624,0.27333333333333326,0.015666666666666718
0.07,single,37,2387714255,1000,257,0.257,0.14007782101167315,0.08536585365853658,0.054711967353136576,0.27333333333333326,-0.016333333333333255
0.07,single,38,1838778747,1000,280,0.28,0.09285714285714286,0.08536585365853658,0.007491289198606282,0.27333333333333326,0.006666666666666765
0.07,single,39,3768233053,1000,271,0.271,0.09225092250922509,0.08536585365853658,0.006885068850688514,0.27333333333333326,-0.002333333333333243
0.07,single,40,4019442262,1000,253,0.253,0.1067193675889328,0.08536585365853658,0.021353513930396223,0.27333333333333326,-0.02033333333333326
0.07,single,41,1573497340,1000,257,0.257,0.0622568093385214,0.08536585365853658,-0.023109044320015176,0.27333333333333326,-0.016333333333333255
0.07,single,42,406517011,1000,267,0.267,0.1348314606741573,0.08536585365853658,0.04946560701562072,0.27333333333333326,-0.0063333333333332464
0.07,single,43,2265430105,1000,255,0.255,0.09411764705882353,0.08536585365853658,0.00875179340028695,0.27333333333333326,-0.018333333333333257
0.07,single,44,2488454507,1000,254,0.254,0.08267716535433071,0.08536585365853658,-0.0026886883042058635,0.27333333333333326,-0.019333333333333258
0.07,single,45,133093984,1000,275,0.275,0.10545454545454545,0.08536585365853658,0.020088691796008876,0.27333333333333326,0.0016666666666667607
0.07,single,46,2251304322,1000,300,0.3,0.08666666666666667,0.08536585365853658,0.0013008130081300917,0.27333333333333326,0.026666666666666727
0.07,single,47,2633923660,1000,263,0.263,0.08365019011406843,0.08536585365853658,-0.0017156635444681434,0.27333333333333326,-0.01033333333333325
0.07,single,48,2477014006,1000,281,0.281,0.07829181494661921,0.08536585365853658,-0.007074038711917363,0.27333333333333326,0.007666666666666766
0.07,single,49,97710999,1000,259,0.259,0.09266409266409266,0.08536585365853658,0.007298239005556081,0.27333333333333326,-0.014333333333333254
0.07,single,50,208161499,1000,270,0.27,0.07407407407407407,0.08536585365853658,-0.011291779584462508,0.27333333333333326,-0.0033333333333332438
0.08,single,1,3540642299,1000,249,0.249,0.08032128514056225,0.09638554216867465,-0.0160642570281124,0.27666666666666656,-0.02766666666666656
0.08,single,2,414871644,1000,298,0.298,0.1040268456375839,0.09638554216867465,0.007641303468909247,0.27666666666666656,0.021333333333333426
0.08,single,3,3692590382,1000,284,0.284,0.13380281690140844,0.09638554216867465,0.03741727473273379,0.27666666666666656,0.007333333333333414
0.08,single,4,2322575512,1000,297,0.297,0.09764309764309764,0.09638554216867465,0.0012575554744229944,0.27666666666666656,0.020333333333333425
0.08,single,5,2647994074,1000,257,0.257,0.1245136186770428,0.09638554216867465,0.028128076508368155,0.27666666666666656,-0.019666666666666555
0.08,single,6,3022061958,1000,283,0.283,0.08833922261484099,0.09638554216867465,-0.008046319553833656,0.27666666666666656,0.006333333333333413
0.08,single,7,768550187,1000,272,0.272,0.07720588235294118,0.09638554216867465,-0.01917965981573347,0.27666666666666656,-0.004666666666666541
0.08,single,8,4119101361,1000,289,0.289,0.10380622837370242,0.09638554216867465,0.007420686205027768,0.27666666666666656,0.012333333333333418
0.08,single,9,2729916386,1000,269,0.269,0.08921933085501858,0.09638554216867465,-0.007166211313656065,0.27666666666666656,-0.007666666666666544
0.08,single,10,1307982386,1000,290,0.29,0.06896551724137931,0.09638554216867465,-0.02742002492729534,0.27666666666666656,0.01333333333333342
0.08,single,11,923340942,1000,269,0.269,0.09665427509293681,0.09638554216867465,0.00026873292426216056,0.27666666666666656,-0.007666666666666544
0.08,single,12,4089241824,1000,281,0.281,0.1103202846975089,0.09638554216867465,0.013934742528834254,0.27666666666666656,0.004333333333333467
0.08,single,13,1682263656,1000,276,0.276,0.06521739130434782,0.09638554216867465,-0.031168150864326824,0.27666666666666656,-0.0006666666666665377
0.08,single,14,57163321,1000,272,0.272,0.08823529411764706,0.09638554216867465,-0.008150248051027584,0.27666666666666656,-0.004666666666666541
0.08,single,15,3601434176,1000,273,0.273,0.08058608058608059,0.09638554216867465,-0.015799461582594057,0.27666666666666656,-0.0036666666666665404
0.08,single,16,997581878,1000,276,0.276,0.09057971014492754,0.09638554216867465,-0.005805832023747112,0.27666666666666656,-0.0006666666666665377
0.08,single,17,1316672669,1000,273,0.273,0.1391941391941392,0.09638554216867465,0.04280859702546455,0.27666666666666656,-0.0036666666666665404
0.08,single,18,340888157,1000,288,0.288,0.1388888888888889,0.09638554216867465,0.04250334672021425,0.27666666666666656,0.011333333333333417
0.08,single,19,2948305961,1000,272,0.272,0.09558823529411764,0.09638554216867465,-0.0007973068745570078,0.27666666666666656,-0.004666666666666541
0.08,single,20,1554699514,1000,281,0.281,0.08540925266903915,0.09638554216867465,-0.0109762894996355,0.27666666666666656,0.004333333333333467
0.08,single,21,3085009489,1000,283,0.283,0.11307420494699646,0.09638554216867465,0.016688662778321817,0.27666666666666656,0.006333333333333413
0.08,single,22,7981340,1000,257,0.257,0.09727626459143969,0.09638554216867465,0.0008907224227650418,0.27666666666666656,-0.019666666666666555
0.08,single,23,296642250,1000,302,0.302,0.09933774834437085,0.09638554216867465,0.0029522061756962065,0.27666666666666656,0.02533333333333343
0.08,single,24,2162452749,1000,271,0.271,0.07011070110701106,0.09638554216867465,-0.026274841061663584,0.27666666666666656,-0.005666666666666542
0.08,single,25,4058197970,1000,289,0.289,0.0726643598615917,0.09638554216867465,-0.02372118230708295,0.27666666666666656,0.012333333333333418
0.08,single,26,3697205192,1000,279,0.279,0.08243727598566308,0.09638554216867465,-0.013948266183011565,0.27666666666666656,0.002333333333333465
0.08,single,27,1893341397,1000,260,0.26,0.10384615384615385,0.09638554216867465,0.007460611677479204,0.27666666666666656,-0.016666666666666552
0.08,single,28,2793990442,1000,279,0.279,0.11469534050179211,0.09638554216867465,0.018309798333117466,0.27666666666666656,0.002333333333333465
0.08,single,29,2616115235,1000,281,0.281,0.11387900355871886,0.09638554216867465,0.017493461390044207,0.27666666666666656,0.004333333333333467
0.08,single,30,3153504207,1000,263,0.263,0.09885931558935361,0.09638554216867465,0.0024737734206789624,0.27666666666666656,-0.01366666666666655
0.08,single,31,1133754986,1000,277,0.277,0.10830324909747292,0.09638554216867465,0.011917706928798275,0.27666666666666656,0.00033333333333346316
0.08,single,32,3599614890,1000,282,0.282,0.09219858156028368,0.09638554216867465,-0.004186960608390966,0.27666666666666656,0.005333333333333412
0.08,single,33,2891763155,1000,301,0.301,0.10963455149501661,0.09638554216867465,0.01324900932634196,0.27666666666666656,0.02433333333333343
0.08,single,34,559547506,1000,288,0.288,0.09375,0.09638554216867465,-0.0026355421686746483,0.27666666666666656,0.011333333333333417
0.08,single,35,442093674,1000,293,0.293,0.10580204778156997,0.09638554216867465,0.009416505612895323,0.27666666666666656,0.016333333333333422
0.08,single,36,1240327474,1000,259,0.259,0.11196911196911197,0.09638554216867465,0.015583569800437319,0.27666666666666656,-0.017666666666666553
0.08,single,37,750677421,1000,278,0.278,0.09712230215827339,0.09638554216867465,0.0007367599895987398,0.27666666666666656,0.001333333333333464
0.08,single,38,261391200,1000,264,0.264,0.07575757575757576,0.09638554216867465,-0.02062796641109889,0.27666666666666656,-0.012666666666666548
0.08,single,39,2598787596,1000,289,0.289,0.09342560553633218,0.09638554216867465,-0.0029599366323424664,0.27666666666666656,0.012333333333333418
0.08,single,40,354197199,1000,288,0.288,0.10069444444444445,0.09638554216867465,0.004308902275769799,0.27666666666666656,0.011333333333333417
0.08,single,41,2311330662,1000,281,0.281,0.10320284697508897,0.09638554216867465,0.0068173048064143205,0.27666666666666656,0.004333333333333467
0.08,single,42,1250944215,1000,270,0.27,0.08518518518518518,0.09638554216867465,-0.011200356983489465,0.27666666666666656,-0.006666666666666543
0.08,single,43,1331759592,1000,287,0.287,0.07317073170731707,0.09638554216867465,-0.02321481046135758,0.27666666666666656,0.010333333333333417
0.08,single,44,1978839942,1000,298,0.298,0.087248322147651,0.09638554216867465,-0.009137220021023643,0.27666666666666656,0.021333333333333426
0.08,single,45,2431408123,1000,279,0.279,0.11469534050179211,0.09638554216867465,0.018309798333117466,0.27666666666666656,0.002333333333333465
0.08,single,46,1139884115,1000,266,0.266,0.08270676691729323,0.09638554216867465,-0.01367877525138142,0.27666666666666656,-0.010666666666666547
0.08,single,47,3374445831,1000,285,0.285,0.08070175438596491,0.09638554216867465,-0.015683787782709735,0.27666666666666656,0.008333333333333415
0.08,single,48,1557955167,1000,267,0.267,0.09737827715355805,0.09638554216867465,0.000992734984883406,0.27666666666666656,-0.009666666666666546
0.08,single,49,3695134177,1000,282,0.282,0.1099290780141844,0.09638554216867465,0.013543535845509755,0.27666666666666656,0.005333333333333412
0.08,single,50,640139411,1000,271,0.271,0.0996309963099631,0.09638554216867465,0.003245454141288448,0.27666666666666656,-0.005666666666666542
0.09,single,1,1941512633,1000,277,0.277,0.11913357400722022,0.1071428571428572,0.01199071686436301,0.27999999999999997,-0.002999999999999947
0.09,single,2,1673556877,1000,279,0.279,0.0931899641577061,0.1071428571428572,-0.013952892985151108,0.27999999999999997,-0.0009999999999999454
0.09,single,3,80447641,1000,269,0.269,0.09665427509293681,0.1071428571428572,-0.010488582049920397,0.27999999999999997,-0.010999999999999954
0.09,single,4,2152406530,1000,264,0.264,0.125,0.1071428571428572,0.017857142857142794,0.27999999999999997,-0.01599999999999996
0.09,single,5,2976638326,1000,252,0.252,0.09523809523809523,0.1071428571428572,-0.011904761904761973,0.27999999999999997,-0.02799999999999997
0.09,single,6,808582610,1000,280,0.28,0.10714285714285714,0.1071428571428572,-6.938893903907228e-17,0.27999999999999997,5.551115123125783e-17
0.09,single,7,1000498984,1000,290,0.29,0.12758620689655173,0.1071428571428572,0.020443349753694523,0.27999999999999997,0.010000000000000009
0.09,single,8,1019791458,1000,282,0.282,0.10283687943262411,0.1071428571428572,-0.004305977710233097,0.27999999999999997,0.0020000000000000018
0.09,single,9,2372923970,1000,287,0.287,0.0975609756097561,0.1071428571428572,-0.009581881533101105,0.27999999999999997,0.007000000000000006
0.09,single,10,3327143595,1000,303,0.303,0.1188118811881188,0.1071428571428572,0.0116690240452616,0.27999999999999997,0.02300000000000002
0.09,single,11,811235141,1000,262,0.262,0.09541984732824428,0.1071428571428572,-0.011723009814612925,0.27999999999999997,-0.01799999999999996
0.09,single,12,685547104,1000,292,0.292,0.11301369863013698,0.1071428571428572,0.005870841487279774,0.27999999999999997,0.01200000000000001
0.09,single,13,2980940917,1000,290,0.29,0.1103448275862069,0.1071428571428572,0.0032019704433496887,0.27999999999999997,0.010000000000000009
0.09,single,14,1530480382,1000,289,0.289,0.10034602076124567,0.1071428571428572,-0.006796836381611535,0.27999999999999997,0.009000000000000008
0.09,single,15,213383724,1000,279,0.279,0.08960573476702509,0.1071428571428572,-0.017537122375832118,0.27999999999999997,-0.0009999999999999454
0.09,single,16,2745317461,1000,317,0.317,0.11041009463722397,0.1071428571428572,0.003267237494366762,0.27999999999999997,0.03700000000000003
0.09,single,17,2213844251,1000,302,0.302,0.076158940397351,0.1071428571428572,-0.030983916745506213,0.27999999999999997,0.02200000000000002
0.09,single,18,790005578,1000,288,0.288,0.11805555555555555,0.1071428571428572,0.010912698412698346,0.27999999999999997,0.008000000000000007
0.09,single,19,1596777045,1000,285,0.285,0.08771929824561403,0.1071428571428572,-0.019423558897243176,0.27999999999999997,0.0050000000000000044
0.09,single,20,3486676993,1000,258,0.258,0.11627906976744186,0.1071428571428572,0.009136212624584653,0.27999999999999997,-0.021999999999999964
0.09,single,21,1753202848,1000,286,0.286,0.15034965034965034,0.1071428571428572,0.04320679320679313,0.27999999999999997,0.006000000000000005
0.09,single,22,266196679,1000,274,0.274,0.13503649635036497,0.1071428571428572,0.02789363920750776,0.27999999999999997,-0.00599999999999995
0.09,single,23,2015644983,1000,269,0.269,0.137546468401487,0.1071428571428572,0.03040361125862978,0.27999999999999997,-0.010999999999999954
0.09,single,24,165212036,1000,272,0.272,0.0661764705882353,0.1071428571428572,-0.04096638655462191,0.27999999999999997,-0.007999999999999952
0.09,single,25,2094027474,1000,255,0.255,0.09019607843137255,0.1071428571428572,-0.01694677871148466,0.27999999999999997,-0.024999999999999967
0.09,single,26,2220297440,1000,275,0.275,0.09090909090909091,0.1071428571428572,-0.016233766233766295,0.27999999999999997,-0.004999999999999949
0.09,single,27,3071859492,1000,285,0.285,0.10526315789473684,0.1071428571428572,-0.00187969924812037,0.27999999999999997,0.0050000000000000044
0.09,single,28,1481158388,1000,270,0.27,0.1037037037037037,0.1071428571428572,-0.0034391534391535056,0.27999999999999997,-0.009999999999999953
0.09,single,29,334606898,1000,256,0.256,0.109375,0.1071428571428572,0.0022321428571427937,0.27999999999999997,-0.023999999999999966
0.09,single,30,3012860028,1000,283,0.283,0.1166077738515901,0.1071428571428572,0.009464916708732896,0.27999999999999997,0.0030000000000000027
0.09,single,31,3745996206,1000,272,0.272,0.1213235294117647,0.1071428571428572,0.014180672268907499,0.27999999999999997,-0.007999999999999952
0.09,single,32,2696341316,1000,281,0.281,0.08185053380782918,0.1071428571428572,-0.025292323335028025,0.27999999999999997,0.0010000000000000564
0.09,single,33,2109316768,1000,274,0.274,0.11313868613138686,0.1071428571428572,0.005995828988529656,0.27999999999999997,-0.00599999999999995
0.09,single,34,1585071501,1000,288,0.288,0.12152777777777778,0.1071428571428572,0.01438492063492057,0.27999999999999997,0.008000000000000007
0.09,single,35,3395808048,1000,283,0.283,0.08833922261484099,0.1071428571428572,-0.018803634528016214,0.27999999999999997,0.0030000000000000027
0.09,single,36,1449354637,1000,275,0.275,0.12363636363636364,0.1071428571428572,0.016493506493506435,0.27999999999999997,-0.004999999999999949
0.09,single,37,3001398095,1000,273,0.273,0.1282051282051282,0.1071428571428572,0.021062271062270987,0.27999999999999997,-0.006999999999999951
0.09,single,38,2423949060,1000,289,0.289,0.11072664359861592,0.1071428571428572,0.003583786455758714,0.27999999999999997,0.009000000000000008
0.09,single,39,365478724,1000,277,0.277,0.10469314079422383,0.1071428571428572,-0.0024497163486333767,0.27999999999999997,-0.002999999999999947
0.09,single,40,2427043936,1000,279,0.279,0.08960573476702509,0.1071428571428572,-0.017537122375832118,0.27999999999999997,-0.0009999999999999454
0.09,single,41,3874191775,1000,280,0.28,0.14642857142857144,0.1071428571428572,0.03928571428571423,0.27999999999999997,5.551115123125783e-17
0.09,single,42,4267030234,1000,274,0.274,0.11678832116788321,0.1071428571428572,0.009645464025026002,0.27999999999999997,-0.00599999999999995
0.09,single,43,3932789339,1000,247,0.247,0.10121457489878542,0.1071428571428572,-0.005928282244071784,0.27999999999999997,-0.032999999999999974
0.09,single,44,3309620276,1000,298,0.298,0.11409395973154363,0.1071428571428572,0.00695110258868642,0.27999999999999997,0.018000000000000016
0.09,single,45,2627496056,1000,309,0.309,0.09061488673139159,0.1071428571428572,-0.016527970411465615,0.27999999999999997,0.029000000000000026
0.09,single,46,1952110825,1000,251,0.251,0.10756972111553785,0.1071428571428572,0.0004268639726806439,0.27999999999999997,-0.02899999999999997
0.09,single,47,90095978,1000,282,0.282,0.12056737588652482,0.1071428571428572,0.01342451874366761,0.27999999999999997,0.0020000000000000018
0.09,single,48,1285374919,1000,275,0.275,0.12363636363636364,0.1071428571428572,0.016493506493506435,0.27999999999999997,-0.004999999999999949
0.09,single,49,3602790026,1000,270,0.27,0.0962962962962963,0.1071428571428572,-0.01084656084656091,0.27999999999999997,-0.009999999999999953
0.09,single,50,481453722,1000,266,0.266,0.10526315789473684,0.1071428571428572,-0.00187969924812037,0.27999999999999997,-0.013999999999999957
0.1,single,1,2325920242,1000,283,0.283,0.1413427561837456,0.11764705882352944,0.02369569736021615,0.2833333333333332,-0.0003333333333332411
0.1,single,2,186157679,1000,272,0.272,0.1323529411764706,0.11764705882352944,0.014705882352941152,0.2833333333333332,-0.011333333333333195
0.1,single,3,2978070340,1000,261,0.261,0.1111111111111111,0.11764705882352944,-0.006535947712418333,0.2833333333333332,-0.022333333333333205
0.1,single,4,4159398485,1000,261,0.261,0.12643678160919541,0.11764705882352944,0.008789722785665977,0.2833333333333332,-0.022333333333333205
0.1,single,5,440708882,1000,281,0.281,0.13167259786476868,0.11764705882352944,0.014025539041239238,0.2833333333333332,-0.0023333333333331874
0.1,single,6,3277400977,1000,295,0.295,0.1423728813559322,0.11764705882352944,0.02472582253240277,0.2833333333333332,0.01166666666666677
0.1,single,7,3657026994,1000,282,0.282,0.17375886524822695,0.11764705882352944,0.05611180642469751,0.2833333333333332,-0.001333333333333242
0.1,single,8,2021809500,1000,268,0.268,0.12313432835820895,0.11764705882352944,0.005487269534679512,0.2833333333333332,-0.015333333333333199
0.1,single,9,1912107291,1000,284,0.284,0.10211267605633803,0.11764705882352944,-0.015534382767191407,0.2833333333333332,0.0006666666666667598
0.1,single,10,1786305274,1000,293,0.293,0.10921501706484642,0.11764705882352944,-0.00843204175868302,0.2833333333333332,0.009666666666666768
0.1,single,11,1393009774,1000,286,0.286,0.11188811188811189,0.11764705882352944,-0.00575894693541755,0.2833333333333332,0.0026666666666667616
0.1,single,12,1165953836,1000,287,0.287,0.14982578397212543,0.11764705882352944,0.03217872514859599,0.2833333333333332,0.0036666666666667624
0.1,single,13,1537865593,1000,292,0.292,0.09931506849315068,0.11764705882352944,-0.01833199033037876,0.2833333333333332,0.008666666666666767
0.1,single,14,2879867626,1000,255,0.255,0.08627450980392157,0.11764705882352944,-0.03137254901960787,0.2833333333333332,-0.02833333333333321
0.1,single,15,2724049264,1000,282,0.282,0.1099290780141844,0.11764705882352944,-0.007717980809345035,0.2833333333333332,-0.001333333333333242
0.1,single,16,1792063715,1000,301,0.301,0.11960132890365449,0.11764705882352944,0.0019542700801250534,0.2833333333333332,0.017666666666666775
0.1,single,17,2678573368,1000,283,0.283,0.09540636042402827,0.11764705882352944,-0.02224069839950117,0.2833333333333332,-0.0003333333333332411
0.1,single,18,3823815918,1000,288,0.288,0.11805555555555555,0.11764705882352944,0.0004084967320261146,0.2833333333333332,0.004666666666666763
0.1,single,19,26031575,1000,270,0.27,0.10740740740740741,0.11764705882352944,-0.010239651416122028,0.2833333333333332,-0.013333333333333197
0.1,single,20,674070151,1000,293,0.293,0.14675767918088736,0.11764705882352944,0.029110620357357925,0.2833333333333332,0.009666666666666768
0.1,single,21,382738326,1000,269,0.269,0.12267657992565056,0.11764705882352944,0.005029521102121126,0.2833333333333332,-0.014333333333333198
0.1,single,22,1156649072,1000,307,0.307,0.13680781758957655,0.11764705882352944,0.019160758766047115,0.2833333333333332,0.02366666666666678
0.1,single,23,1664723874,1000,290,0.29,0.1482758620689655,0.11764705882352944,0.03062880324543607,0.2833333333333332,0.006666666666666765
0.1,single,24,2775399268,1000,308,0.308,0.12012987012987013,0.11764705882352944,0.0024828113063406904,0.2833333333333332,0.02466666666666678
0.1,single,25,114070335,1000,303,0.303,0.11221122112211221,0.11764705882352944,-0.005435837701417229,0.2833333333333332,0.019666666666666777
0.1,single,26,3287573796,1000,297,0.297,0.1111111111111111,0.11764705882352944,-0.006535947712418333,0.2833333333333332,0.013666666666666771
0.1,single,27,4212055576,1000,294,0.294,0.1054421768707483,0.11764705882352944,-0.012204881952781133,0.2833333333333332,0.010666666666666769
0.1,single,28,878789483,1000,289,0.289,0.1522491349480969,0.11764705882352944,0.03460207612456745,0.2833333333333332,0.005666666666666764
0.1,single,29,751699395,1000,281,0.281,0.08540925266903915,0.11764705882352944,-0.03223780615449029,0.2833333333333332,-0.0023333333333331874
0.1,single,30,4220588954,1000,280,0.28,0.09285714285714286,0.11764705882352944,-0.024789915966386578,0.2833333333333332,-0.0033333333333331883
0.1,single,31,1836834048,1000,268,0.268,0.11567164179104478,0.11764705882352944,-0.001975417032484661,0.2833333333333332,-0.015333333333333199
0.1,single,32,744264586,1000,307,0.307,0.11400651465798045,0.11764705882352944,-0.0036405441655489867,0.2833333333333332,0.02366666666666678
0.1,single,33,4256502625,1000,253,0.253,0.1225296442687747,0.11764705882352944,0.004882585445245266,0.2833333333333332,-0.030333333333333212
0.1,single,34,789234381,1000,287,0.287,0.11846689895470383,0.11764705882352944,0.000819840131174393,0.2833333333333332,0.0036666666666667624
0.1,single,35,296751803,1000,292,0.292,0.11643835616438356,0.11764705882352944,-0.0012087026591458827,0.2833333333333332,0.008666666666666767
0.1,single,36,2532221504,1000,287,0.287,0.09407665505226481,0.11764705882352944,-0.023570403771264625,0.2833333333333332,0.0036666666666667624
0.1,single,37,2288758332,1000,279,0.279,0.13620071684587814,0.11764705882352944,0.018553658022348707,0.2833333333333332,-0.004333333333333189
0.1,single,38,3055428093,1000,268,0.268,0.10820895522388059,0.11764705882352944,-0.009438103599648848,0.2833333333333332,-0.015333333333333199
0.1,single,39,171625001,1000,280,0.28,0.12857142857142856,0.11764705882352944,0.01092436974789912,0.2833333333333332,-0.0033333333333331883
0.1,single,40,486577887,1000,296,0.296,0.14189189189189189,0.11764705882352944,0.024244833068362448,0.2833333333333332,0.01266666666666677
0.1,single,41,3017392354,1000,289,0.289,0.12110726643598616,0.11764705882352944,0.003460207612456717,0.2833333333333332,0.005666666666666764
0.1,single,42,3715861973,1000,301,0.301,0.09302325581395349,0.11764705882352944,-0.02462380300957595,0.2833333333333332,0.017666666666666775
0.1,single,43,3693266260,1000,283,0.283,0.13427561837455831,0.11764705882352944,0.016628559551028876,0.2833333333333332,-0.0003333333333332411
0.1,single,44,914915568,1000,280,0.28,0.11785714285714285,0.11764705882352944,0.00021008403361341688,0.2833333333333332,-0.0033333333333331883
0.1,single,45,2053776618,1000,271,0.271,0.11439114391143912,0.11764705882352944,-0.0032559149120903186,0.2833333333333332,-0.012333333333333196
0.1,single,46,1671410599,1000,292,0.292,0.1506849315068493,0.11764705882352944,0.03303787268331987,0.2833333333333332,0.008666666666666767
0.1,single,47,1881965335,1000,293,0.293,0.13310580204778158,0.11764705882352944,0.015458743224252142,0.2833333333333332,0.009666666666666768
0.1,single,48,2206266535,1000,306,0.306,0.11764705882352941,0.11764705882352944,-2.7755575615628914e-17,0.2833333333333332,0.02266666666666678
0.1,single,49,1806144183,1000,288,0.288,0.11458333333333333,0.11764705882352944,-0.003063725490196109,0.2833333333333332,0.004666666666666763
0.1,single,50,3603815148,1000,275,0.275,0.10545454545454545,0.11764705882352944,-0.012192513368983984,0.2833333333333332,-0.008333333333333193
0.01,dual,1,193135606,1000,269,0.269,0.01486988847583643,0.02267396403440179,-0.007804075558565358,0.2557999999999999,0.0132000000000001
0.01,dual,2,501010146,1000,241,0.241,0.02074688796680498,0.02267396403440179,-0.0019270760675968099,0.2557999999999999,-0.014799999999999924
0.01,dual,3,4259303182,1000,229,0.229,0.034934497816593885,0.02267396403440179,0.012260533782192096,0.2557999999999999,-0.026799999999999907
0.01,dual,4,1124744476,1000,254,0.254,0.007874015748031496,0.02267396403440179,-0.014799948286370292,0.2557999999999999,-0.0017999999999999128
0.01,dual,5,1826933376,1000,280,0.28,0.039285714285714285,0.02267396403440179,0.016611750251312497,0.2557999999999999,0.02420000000000011
0.01,dual,6,2770843062,1000,248,0.248,0.012096774193548387,0.02267396403440179,-0.010577189840853402,0.2557999999999999,-0.007799999999999918
0.01,dual,7,4258477137,1000,265,0.265,0.018867924528301886,0.02267396403440179,-0.003806039506099902,0.2557999999999999,0.009200000000000097
0.01,dual,8,498560212,1000,266,0.266,0.03383458646616541,0.02267396403440179,0.011160622431763623,0.2557999999999999,0.010200000000000098
0.01,dual,9,1082926852,1000,243,0.243,0.00823045267489712,0.02267396403440179,-0.014443511359504668,0.2557999999999999,-0.012799999999999923
0.01,dual,10,2124437933,1000,232,0.232,0.017241379310344827,0.02267396403440179,-0.005432584724056961,0.2557999999999999,-0.023799999999999905
0.01,dual,11,4223563219,1000,253,0.253,0.015810276679841896,0.02267396403440179,-0.006863687354559892,0.2557999999999999,-0.0027999999999999137
0.01,dual,12,1553264383,1000,237,0.237,0.02109704641350211,0.02267396403440179,-0.0015769176208996795,0.2557999999999999,-0.018799999999999928
0.01,dual,13,2946272326,1000,245,0.245,0.00816326530612245,0.02267396403440179,-0.014510698728279339,0.2557999999999999,-0.01079999999999992
0.01,dual,14,1250931011,1000,257,0.257,0.023346303501945526,0.02267396403440179,0.0006723394675437373,0.2557999999999999,0.0012000000000000899
0.01,dual,15,372244041,1000,269,0.269,0.026022304832713755,0.02267396403440179,0.003348340798311967,0.2557999999999999,0.0132000000000001
0.01,dual,16,2246153675,1000,257,0.257,0.01556420233463035,0.02267396403440179,-0.007109761699771438,0.2557999999999999,0.0012000000000000899
0.01,dual,17,778880817,1000,250,0.25,0.012,0.02267396403440179,-0.010673964034401788,0.2557999999999999,-0.005799999999999916
0.01,dual,18,4213748816,1000,244,0.244,0.012295081967213115,0.02267396403440179,-0.010378882067188674,0.2557999999999999,-0.011799999999999922
0.01,dual,19,476317651,1000,262,0.262,0.007633587786259542,0.02267396403440179,-0.015040376248142247,0.2557999999999999,0.006200000000000094
0.01,dual,20,2428361596,1000,267,0.267,0.0,0.02267396403440179,-0.02267396403440179,0.2557999999999999,0.011200000000000099
0.01,dual,21,2834593937,1000,245,0.245,0.04081632653061224,0.02267396403440179,0.018142362496210453,0.2557999999999999,-0.01079999999999992
0.01,dual,22,2271464273,1000,272,0.272,0.025735294117647058,0.02267396403440179,0.0030613300832452693,0.2557999999999999,0.016200000000000103
0.01,dual,23,691852739,1000,249,0.249,0.024096385542168676,0.02267396403440179,0.0014224215077668877,0.2557999999999999,-0.006799999999999917
0.01,dual,24,3566812483,1000,266,0.266,0.015037593984962405,0.02267396403440179,-0.007636370049439383,0.2557999999999999,0.010200000000000098
0.01,dual,25,1765140806,1000,250,0.25,0.02,0.02267396403440179,-0.002673964034401788,0.2557999999999999,-0.005799999999999916
0.01,dual,26,4049391541,1000,265,0.265,0.01509433962264151,0.02267396403440179,-0.007579624411760279,0.2557999999999999,0.009200000000000097
0.01,dual,27,3969439970,1000,260,0.26,0.038461538461538464,0.02267396403440179,0.015787574427136675,0.2557999999999999,0.0042000000000000925
0.01,dual,28,3381768627,1000,235,0.235,0.02127659574468085,0.02267396403440179,-0.0013973682897209377,0.2557999999999999,-0.02079999999999993
0.01,dual,29,1806012013,1000,247,0.247,0.020242914979757085,0.02267396403440179,-0.002431049054644703,0.2557999999999999,-0.008799999999999919
0.01,dual,30,236655208,1000,270,0.27,0.018518518518518517,0.02267396403440179,-0.004155445515883271,0.2557999999999999,0.014200000000000101
0.01,dual,31,678988804,1000,257,0.257,0.023346303501945526,0.02267396403440179,0.0006723394675437373,0.2557999999999999,0.0012000000000000899
0.01,dual,32,2136511690,1000,271,0.271,0.01107011070110701,0.02267396403440179,-0.011603853333294778,0.2557999999999999,0.015200000000000102
0.01,dual,33,2988634976,1000,258,0.258,0.031007751937984496,0.02267396403440179,0.008333787903582707,0.2557999999999999,0.0022000000000000908
0.01,dual,34,490467252,1000,280,0.28,0.03214285714285714,0.02267396403440179,0.009468893108455351,0.2557999999999999,0.02420000000000011
0.01,dual,35,475321548,1000,255,0.255,0.011764705882352941,0.02267396403440179,-0.010909258152048847,0.2557999999999999,-0.0007999999999999119
0.01,dual,36,591306613,1000,262,0.262,0.030534351145038167,0.02267396403440179,0.007860387110636378,0.2557999999999999,0.006200000000000094
0.01,dual,37,4293936293,1000,219,0.219,0.0228310502283105,0.02267396403440179,0.00015708619390871273,0.2557999999999999,-0.036799999999999916
0.01,dual,38,433678982,1000,267,0.267,0.033707865168539325,0.02267396403440179,0.011033901134137537,0.2557999999999999,0.011200000000000099
0.01,dual,39,254434849,1000,253,0.253,0.039525691699604744,0.02267396403440179,0.016851727665202956,0.2557999999999999,-0.0027999999999999137
0.01,dual,40,3764122116,1000,257,0.257,0.03501945525291829,0.02267396403440179,0.0123454912185165,0.2557999999999999,0.0012000000000000899
0.01,dual,41,3775341834,1000,252,0.252,0.03968253968253968,0.02267396403440179,0.017008575648137892,0.2557999999999999,-0.0037999999999999146
0.01,dual,42,2295161790,1000,247,0.247,0.020242914979757085,0.02267396403440179,-0.002431049054644703,0.2557999999999999,-0.008799999999999919
0.01,dual,43,1340675953,1000,272,0.272,0.014705882352941176,0.02267396403440179,-0.007968081681460612,0.2557999999999999,0.016200000000000103
0.01,dual,44,4228800679,1000,262,0.262,0.015267175572519083,0.02267396403440179,-0.007406788461882705,0.2557999999999999,0.006200000000000094
0.01,dual,45,710981592,1000,258,0.258,0.031007751937984496,0.02267396403440179,0.008333787903582707,0.2557999999999999,0.0022000000000000908
0.01,dual,46,511236393,1000,258,0.258,0.007751937984496124,0.02267396403440179,-0.014922026049905664,0.2557999999999999,0.0022000000000000908
0.01,dual,47,1292947281,1000,223,0.223,0.026905829596412557,0.02267396403440179,0.004231865562010769,0.2557999999999999,-0.03279999999999991
0.01,dual,48,2402102091,1000,248,0.248,0.024193548387096774,0.02267396403440179,0.0015195843526949852,0.2557999999999999,-0.007799999999999918
0.01,dual,49,1836930133,1000,243,0.243,0.04526748971193416,0.02267396403440179,0.02259352567753237,0.2557999999999999,-0.012799999999999923
0.01,dual,50,3577390046,1000,279,0.279,0.025089605734767026,0.02267396403440179,0.0024156417003652376,0.2557999999999999,0.02320000000000011
0.02,dual,1,1678078846,1000,245,0.245,0.04897959183673469,0.04409890390007648,0.004880687936658211,0.2615333333333333,-0.01653333333333329
0.02,dual,2,2699585592,1000,265,0.265,0.033962264150943396,0.04409890390007648,-0.010136639749133085,0.2615333333333333,0.003466666666666729
0.02,dual,3,2724668770,1000,243,0.243,0.02880658436213992,0.04409890390007648,-0.015292319537936562,0.2615333333333333,-0.01853333333333329
0.02,dual,4,573465843,1000,272,0.272,0.07352941176470588,0.04409890390007648,0.029430507864629404,0.2615333333333333,0.010466666666666735
0.02,dual,5,212079497,1000,234,0.234,0.042735042735042736,0.04409890390007648,-0.0013638611650337445,0.2615333333333333,-0.02753333333333327
0.02,dual,6,984074616,1000,257,0.257,0.042801556420233464,0.04409890390007648,-0.0012973474798430168,0.2615333333333333,-0.004533333333333278
0.02,dual,7,1307642389,1000,260,0.26,0.046153846153846156,0.04409890390007648,0.002054942253769676,0.2615333333333333,-0.0015333333333332755
0.02,dual,8,687939736,1000,263,0.263,0.060836501901140684,0.04409890390007648,0.016737598001064204,0.2615333333333333,0.0014666666666667272
0.02,dual,9,3127913085,1000,265,0.265,0.045283018867924525,0.04409890390007648,0.0011841149678480448,0.2615333333333333,0.003466666666666729
0.02,dual,10,1439181775,1000,271,0.271,0.055350553505535055,0.04409890390007648,0.011251649605458575,0.2615333333333333,0.009466666666666734
0.02,dual,11,1798552244,1000,252,0.252,0.03968253968253968,0.04409890390007648,-0.0044163642175368,0.2615333333333333,-0.009533333333333283
0.02,dual,12,1507260406,1000,270,0.27,0.040740740740740744,0.04409890390007648,-0.0033581631593357364,0.2615333333333333,0.008466666666666733
0.02,dual,13,2794955178,1000,281,0.281,0.0498220640569395,0.04409890390007648,0.0057231601568630205,0.2615333333333333,0.019466666666666743
0.02,dual,14,3739302040,1000,274,0.274,0.029197080291970802,0.04409890390007648,-0.014901823608105678,0.2615333333333333,0.012466666666666737
0.02,dual,15,3968829750,1000,260,0.26,0.05,0.04409890390007648,0.005901096099923522,0.2615333333333333,-0.0015333333333332755
0.02,dual,16,2134518514,1000,261,0.261,0.02681992337164751,0.04409890390007648,-0.01727898052842897,0.2615333333333333,-0.0005333333333332746
0.02,dual,17,4070250135,1000,261,0.261,0.04597701149425287,0.04409890390007648,0.0018781075941763925,0.2615333333333333,-0.0005333333333332746
0.02,dual,18,1792418781,1000,262,0.262,0.04198473282442748,0.04409890390007648,-0.002114171075648999,0.2615333333333333,0.0004666666666667263
0.02,dual,19,4046517163,1000,269,0.269,0.05204460966542751,0.04409890390007648,0.00794570576535103,0.2615333333333333,0.0074666666666667325
0.02,dual,20,1598216252,1000,249,0.249,0.03614457831325301,0.04409890390007648,-0.00795432558682347,0.2615333333333333,-0.012533333333333285
0.02,dual,21,3206958810,1000,277,0.277,0.05776173285198556,0.04409890390007648,0.013662828951909081,0.2615333333333333,0.01546666666666674
0.02,dual,22,3307576552,1000,275,0.275,0.08727272727272728,0.04409890390007648,0.0431738233726508,0.2615333333333333,0.013466666666666738
0.02,dual,23,1585347749,1000,256,0.256,0.04296875,0.04409890390007648,-0.0011301539000764804,0.2615333333333333,-0.005533333333333279
0.02,dual,24,2260050727,1000,251,0.251,0.07569721115537849,0.04409890390007648,0.03159830725530201,0.2615333333333333,-0.010533333333333283
0.02,dual,25,2419873596,1000,264,0.264,0.04924242424242424,0.04409890390007648,0.00514352034234776,0.2615333333333333,0.002466666666666728
0.02,dual,26,863734220,1000,273,0.273,0.04395604395604396,0.04409890390007648,-0.00014285994403252095,0.2615333333333333,0.011466666666666736
0.02,dual,27,3827926869,1000,249,0.249,0.04819277108433735,0.04409890390007648,0.0040938671842608715,0.2615333333333333,-0.012533333333333285
0.02,dual,28,3652179294,1000,260,0.26,0.03076923076923077,0.04409890390007648,-0.01332967313084571,0.2615333333333333,-0.0015333333333332755
0.02,dual,29,969127440,1000,270,0.27,0.04814814814814815,0.04409890390007648,0.004049244248071668,0.2615333333333333,0.008466666666666733
0.02,dual,30,3647319730,1000,268,0.268,0.03731343283582089,0.04409890390007648,-0.006785471064255588,0.2615333333333333,0.006466666666666732
0.02,dual,31,893809274,1000,262,0.262,0.03435114503816794,0.04409890390007648,-0.00974775886190854,0.2615333333333333,0.0004666666666667263
0.02,dual,32,1601919165,1000,288,0.288,0.04861111111111111,0.04409890390007648,0.0045122072110346315,0.2615333333333333,0.026466666666666694
0.02,dual,33,1377616162,1000,293,0.293,0.05460750853242321,0.04409890390007648,0.010508604632346728,0.2615333333333333,0.0314666666666667
0.02,dual,34,1680802441,1000,273,0.273,0.05128205128205128,0.04409890390007648,0.0071831473819748,0.2615333333333333,0.011466666666666736
0.02,dual,35,2193515198,1000,245,0.245,0.0653061224489796,0.04409890390007648,0.021207218548903117,0.2615333333333333,-0.01653333333333329
0.02,dual,36,1623434126,1000,268,0.268,0.03731343283582089,0.04409890390007648,-0.006785471064255588,0.2615333333333333,0.006466666666666732
0.02,dual,37,3786880264,1000,264,0.264,0.041666666666666664,0.04409890390007648,-0.002432237233409816,0.2615333333333333,0.002466666666666728
0.02,dual,38,264082084,1000,266,0.266,0.041353383458646614,0.04409890390007648,-0.002745520441429866,0.2615333333333333,0.00446666666666673
0.02,dual,39,380730066,1000,245,0.245,0.04081632653061224,0.04409890390007648,-0.0032825773694642388,0.2615333333333333,-0.01653333333333329
0.02,dual,40,3689737370,1000,257,0.257,0.05058365758754864,0.04409890390007648,0.006484753687472158,0.2615333333333333,-0.004533333333333278
0.02,dual,41,4225990119,1000,238,0.238,0.06302521008403361,0.04409890390007648,0.01892630618395713,0.2615333333333333,-0.023533333333333295
0.02,dual,42,3351218162,1000,255,0.255,0.03137254901960784,0.04409890390007648,-0.012726354880468638,0.2615333333333333,-0.00653333333333328
0.02,dual,43,209685797,1000,259,0.259,0.06563706563706563,0.04409890390007648,0.02153816173698915,0.2615333333333333,-0.0025333333333332764
0.02,dual,44,509568193,1000,272,0.272,0.051470588235294115,0.04409890390007648,0.007371684335217635,0.2615333333333333,0.010466666666666735
0.02,dual,45,3486980125,1000,251,0.251,0.043824701195219126,0.04409890390007648,-0.0002742027048573542,0.2615333333333333,-0.010533333333333283
0.02,dual,46,3450119066,1000,274,0.274,0.05474452554744526,0.04409890390007648,0.010645621647368778,0.2615333333333333,0.012466666666666737
0.02,dual,47,3826440177,1000,285,0.285,0.028070175438596492,0.04409890390007648,-0.01602872846147999,0.2615333333333333,0.02346666666666669
0.02,dual,48,1337460783,1000,255,0.255,0.047058823529411764,0.04409890390007648,0.0029599196293352836,0.2615333333333333,-0.00653333333333328
0.02,dual,49,1095342441,1000,285,0.285,0.05964912280701754,0.04409890390007648,0.015550218906941062,0.2615333333333333,0.02346666666666669
0.02,dual,50,912337101,1000,261,0.261,0.04980842911877394,0.04409890390007648,0.005709525218697463,0.2615333333333333,-0.0005333333333332746
0.03,dual,1,2972968347,1000,272,0.272,0.08088235294117647,0.06437125748503,0.01651109545614647,0.26719999999999994,0.004800000000000082
0.03,dual,2,70538039,1000,281,0.281,0.05338078291814947,0.06437125748503,-0.010990474566880536,0.26719999999999994,0.01380000000000009
0.03,dual,3,153128507,1000,251,0.251,0.07569721115537849,0.06437125748503,0.011325953670348485,0.26719999999999994,-0.016199999999999937
0.03,dual,4,1086631961,1000,254,0.254,0.04330708661417323,0.06437125748503,-0.021064170870856776,0.26719999999999994,-0.013199999999999934
0.03,dual,5,2127126728,1000,265,0.265,0.04905660377358491,0.06437125748503,-0.015314653711445095,0.26719999999999994,-0.0021999999999999242
0.03,dual,6,3036023326,1000,246,0.246,0.07317073170731707,0.06437125748503,0.008799474222287065,0.26719999999999994,-0.02119999999999994
0.03,dual,7,424258847,1000,273,0.273,0.047619047619047616,0.06437125748503,-0.016752209865982387,0.26719999999999994,0.005800000000000083
0.03,dual,8,1763058670,1000,254,0.254,0.04330708661417323,0.06437125748503,-0.021064170870856776,0.26719999999999994,-0.013199999999999934
0.03,dual,9,2843227524,1000,262,0.262,0.061068702290076333,0.06437125748503,-0.00330255519495367,0.26719999999999994,-0.005199999999999927
0.03,dual,10,2308407659,1000,290,0.29,0.05862068965517241,0.06437125748503,-0.0057505678298575905,0.26719999999999994,0.022800000000000042
0.03,dual,11,1440194007,1000,261,0.261,0.06896551724137931,0.06437125748503,0.004594259756349306,0.26719999999999994,-0.006199999999999928
0.03,dual,12,1871500230,1000,273,0.273,0.05128205128205128,0.06437125748503,-0.013089206202978723,0.26719999999999994,0.005800000000000083
0.03,dual,13,2185740148,1000,264,0.264,0.06818181818181818,0.06437125748503,0.0038105606967881733,0.26719999999999994,-0.003199999999999925
0.03,dual,14,1873794779,1000,271,0.271,0.07380073800738007,0.06437125748503,0.00942948052235007,0.26719999999999994,0.003800000000000081
0.03,dual,15,1310667788,1000,272,0.272,0.05514705882352941,0.06437125748503,-0.009224198661500593,0.26719999999999994,0.004800000000000082
0.03,dual,16,2277050625,1000,273,0.273,0.0695970695970696,0.06437125748503,0.005225812112039596,0.26719999999999994,0.005800000000000083
0.03,dual,17,3187697102,1000,267,0.267,0.04119850187265917,0.06437125748503,-0.02317275561237083,0.26719999999999994,-0.00019999999999992246
0.03,dual,18,2353813507,1000,287,0.287,0.05574912891986063,0.06437125748503,-0.008622128565169376,0.26719999999999994,0.01980000000000004
0.03,dual,19,1350102156,1000,262,0.262,0.0648854961832061,0.06437125748503,0.0005142386981761005,0.26719999999999994,-0.005199999999999927
0.03,dual,20,1799090509,1000,283,0.283,0.09187279151943463,0.06437125748503,0.027501534034404626,0.26719999999999994,0.015800000000000036
0.03,dual,21,2658285975,1000,268,0.268,0.041044776119402986,0.06437125748503,-0.023326481365627018,0.26719999999999994,0.0008000000000000784
0.03,dual,22,2857615910,1000,271,0.271,0.06642066420664207,0.06437125748503,0.0020494067216120654,0.26719999999999994,0.003800000000000081
0.03,dual,23,3677821387,1000,270,0.27,0.08518518518518518,0.06437125748503,0.02081392770015518,0.26719999999999994,0.00280000000000008
0.03,dual,24,1126142293,1000,283,0.283,0.053003533568904596,0.06437125748503,-0.011367723916125408,0.26719999999999994,0.015800000000000036
0.03,dual,25,3967969290,1000,271,0.271,0.04428044280442804,0.06437125748503,-0.020090814680601962,0.26719999999999994,0.003800000000000081
0.03,dual,26,3949638878,1000,280,0.28,0.03571428571428571,0.06437125748503,-0.02865697177074429,0.26719999999999994,0.012800000000000089
0.03,dual,27,3134708650,1000,256,0.256,0.05078125,0.06437125748503,-0.013590007485030003,0.26719999999999994,-0.011199999999999932
0.03,dual,28,2445774641,1000,255,0.255,0.058823529411764705,0.06437125748503,-0.005547728073265298,0.26719999999999994,-0.012199999999999933
0.03,dual,29,671714290,1000,276,0.276,0.03985507246376811,0.06437125748503,-0.02451618502126189,0.26719999999999994,0.008800000000000086
0.03,dual,30,3404662626,1000,263,0.263,0.06844106463878327,0.06437125748503,0.004069807153753269,0.26719999999999994,-0.004199999999999926
0.03,dual,31,2226046657,1000,264,0.264,0.056818181818181816,0.06437125748503,-0.007553075666848187,0.26719999999999994,-0.003199999999999925
0.03,dual,32,367433237,1000,271,0.271,0.04428044280442804,0.06437125748503,-0.020090814680601962,0.26719999999999994,0.003800000000000081
0.03,dual,33,2177073078,1000,267,0.267,0.0599250936329588,0.06437125748503,-0.004446163852071201,0.26719999999999994,-0.00019999999999992246
0.03,dual,34,1794320332,1000,293,0.293,0.06143344709897611,0.06437125748503,-0.002937810386053896,0.26719999999999994,0.025800000000000045
0.03,dual,35,3701770914,1000,256,0.256,0.0546875,0.06437125748503,-0.009683757485030003,0.26719999999999994,-0.011199999999999932
0.03,dual,36,1299854484,1000,270,0.27,0.040740740740740744,0.06437125748503,-0.02363051674428926,0.26719999999999994,0.00280000000000008
0.03,dual,37,3822482351,1000,250,0.25,0.048,0.06437125748503,-0.016371257485030002,0.26719999999999994,-0.017199999999999938
0.03,dual,38,1716898915,1000,277,0.277,0.08664259927797834,0.06437125748503,0.022271341792948332,0.26719999999999994,0.009800000000000086
0.03,dual,39,4072096371,1000,293,0.293,0.05460750853242321,0.06437125748503,-0.009763748952606795,0.26719999999999994,0.025800000000000045
0.03,dual,40,3330508669,1000,259,0.259,0.05791505791505792,0.06437125748503,-0.006456199569972086,0.26719999999999994,-0.00819999999999993
0.03,dual,41,4088392754,1000,270,0.27,0.07037037037037037,0.06437125748503,0.005999112885340371,0.26719999999999994,0.00280000000000008
0.03,dual,42,454080305,1000,251,0.251,0.04780876494023904,0.06437125748503,-0.01656249254479096,0.26719999999999994,-0.016199999999999937
0.03,dual,43,4005132079,1000,267,0.267,0.0749063670411985,0.06437125748503,0.010535109556168501,0.26719999999999994,-0.00019999999999992246
0.03,dual,44,398462693,1000,267,0.267,0.04868913857677903,0.06437125748503,-0.015682118908250976,0.26719999999999994,-0.00019999999999992246
0.03,dual,45,1178509783,1000,268,0.268,0.0708955223880597,0.06437125748503,0.0065242649030296945,0.26719999999999994,0.0008000000000000784
0.03,dual,46,2507699931,1000,268,0.268,0.033582089552238806,0.06437125748503,-0.030789167932791198,0.26719999999999994,0.0008000000000000784
0.03,dual,47,980073736,1000,287,0.287,0.05574912891986063,0.06437125748503,-0.008622128565169376,0.26719999999999994,0.01980000000000004
0.03,dual,48,3648074127,1000,245,0.245,0.0653061224489796,0.06437125748503,0.0009348649639495943,0.26719999999999994,-0.022199999999999942
0.03,dual,49,1829677358,1000,286,0.286,0.07692307692307693,0.06437125748503,0.012551819438046924,0.26719999999999994,0.01880000000000004
0.03,dual,50,1979378582,1000,263,0.263,0.07984790874524715,0.06437125748503,0.015476651260217147,0.26719999999999994,-0.004199999999999926
0.04,dual,1,20292418,1000,276,0.276,0.057971014492753624,0.08357771260997067,-0.025606698117217046,0.2727999999999999,0.003200000000000147
0.04,dual,2,3841708423,1000,280,0.28,0.060714285714285714,0.08357771260997067,-0.022863426895684956,0.2727999999999999,0.007200000000000151
0.04,dual,3,1446248650,1000,260,0.26,0.08076923076923077,0.08357771260997067,-0.002808481840739896,0.2727999999999999,-0.012799999999999867
0.04,dual,4,3684091774,1000,270,0.27,0.08148148148148149,0.08357771260997067,-0.0020962311284891816,0.2727999999999999,-0.002799999999999858
0.04,dual,5,3053041211,1000,257,0.257,0.08949416342412451,0.08357771260997067,0.005916450814153845,0.2727999999999999,-0.01579999999999987
0.04,dual,6,636851824,1000,275,0.275,0.08363636363636363,0.08357771260997067,5.8651026392964045e-05,0.2727999999999999,0.0022000000000001463
0.04,dual,7,4215528152,1000,246,0.246,0.08536585365853659,0.08357771260997067,0.0017881410485659222,0.2727999999999999,-0.02679999999999988
0.04,dual,8,3991731896,1000,266,0.266,0.11278195488721804,0.08357771260997067,0.02920424227724737,0.2727999999999999,-0.006799999999999862
0.04,dual,9,2421824324,1000,283,0.283,0.07773851590106007,0.08357771260997067,-0.005839196708910602,0.2727999999999999,0.010200000000000098
0.04,dual,10,1763784344,1000,275,0.275,0.06545454545454546,0.08357771260997067,-0.01812316715542521,0.2727999999999999,0.0022000000000001463
0.04,dual,11,3405455564,1000,281,0.281,0.05693950177935943,0.08357771260997067,-0.026638210830611242,0.2727999999999999,0.008200000000000152
0.04,dual,12,535412456,1000,274,0.274,0.07664233576642336,0.08357771260997067,-0.0069353768435473084,0.2727999999999999,0.0012000000000001454
0.04,dual,13,3201414176,1000,253,0.253,0.06719367588932806,0.08357771260997067,-0.016384036720642606,0.2727999999999999,-0.019799999999999873
0.04,dual,14,373530263,1000,285,0.285,0.07368421052631578,0.08357771260997067,-0.009893502083654887,0.2727999999999999,0.0122000000000001
0.04,dual,15,666628808,1000,256,0.256,0.07421875,0.08357771260997067,-0.00935896260997067,0.2727999999999999,-0.01679999999999987
0.04,dual,16,1140019023,1000,283,0.283,0.08833922261484099,0.08357771260997067,0.004761510004870323,0.2727999999999999,0.010200000000000098
0.04,dual,17,2012258082,1000,286,0.286,0.0944055944055944,0.08357771260997067,0.010827881795623731,0.2727999999999999,0.0132000000000001
0.04,dual,18,2638698660,1000,268,0.268,0.07835820895522388,0.08357771260997067,-0.005219503654746785,0.2727999999999999,-0.00479999999999986
0.04,dual,19,2501723138,1000,259,0.259,0.09266409266409266,0.08357771260997067,0.00908638005412199,0.2727999999999999,-0.013799999999999868
0.04,dual,20,2214135133,1000,285,0.285,0.06666666666666667,0.08357771260997067,-0.016911045943304004,0.2727999999999999,0.0122000000000001
0.04,dual,21,327052338,1000,273,0.273,0.06593406593406594,0.08357771260997067,-0.017643646675904734,0.2727999999999999,0.0002000000000001445
0.04,dual,22,50562984,1000,257,0.257,0.08560311284046693,0.08357771260997067,0.0020254002304962576,0.2727999999999999,-0.01579999999999987
0.04,dual,23,536060584,1000,267,0.267,0.07865168539325842,0.08357771260997067,-0.004926027216712245,0.2727999999999999,-0.005799999999999861
0.04,dual,24,1436851754,1000,272,0.272,0.10661764705882353,0.08357771260997067,0.023039934448852856,0.2727999999999999,-0.0007999999999998564
0.04,dual,25,2986389568,1000,295,0.295,0.0711864406779661,0.08357771260997067,-0.012391271932004566,0.2727999999999999,0.02220000000000011
0.04,dual,26,885530655,1000,272,0.272,0.07720588235294118,0.08357771260997067,-0.00637183025702949,0.2727999999999999,-0.0007999999999998564
0.04,dual,27,3761351471,1000,272,0.272,0.10294117647058823,0.08357771260997067,0.01936346386061756,0.2727999999999999,-0.0007999999999998564
0.04,dual,28,3370869760,1000,264,0.264,0.07954545454545454,0.08357771260997067,-0.0040322580645161255,0.2727999999999999,-0.008799999999999863
0.04,dual,29,4263640274,1000,298,0.298,0.06711409395973154,0.08357771260997067,-0.016463618650239126,0.2727999999999999,0.02520000000000011
0.04,dual,30,1612234153,1000,292,0.292,0.06506849315068493,0.08357771260997067,-0.018509219459285742,0.2727999999999999,0.019200000000000106
0.04,dual,31,2743746923,1000,292,0.292,0.07534246575342465,0.08357771260997067,-0.008235246856546016,0.2727999999999999,0.019200000000000106
0.04,dual,32,2734980351,1000,291,0.291,0.09278350515463918,0.08357771260997067,0.009205792544668509,0.2727999999999999,0.018200000000000105
0.04,dual,33,573779291,1000,285,0.285,0.0912280701754386,0.08357771260997067,0.007650357565467933,0.2727999999999999,0.0122000000000001
0.04,dual,34,3457701869,1000,278,0.278,0.08273381294964029,0.08357771260997067,-0.0008438996603303828,0.2727999999999999,0.005200000000000149
0.04,dual,35,4207104852,1000,270,0.27,0.07037037037037037,0.08357771260997067,-0.013207342239600295,0.2727999999999999,-0.002799999999999858
0.04,dual,36,3900532434,1000,276,0.276,0.08333333333333333,0.08357771260997067,-0.00024437927663734094,0.2727999999999999,0.003200000000000147
0.04,dual,37,399098290,1000,281,0.281,0.07829181494661921,0.08357771260997067,-0.005285897663351455,0.2727999999999999,0.008200000000000152
0.04,dual,38,194689101,1000,260,0.26,0.09615384615384616,0.08357771260997067,0.01257613354387549,0.2727999999999999,-0.012799999999999867
0.04,dual,39,2013944428,1000,231,0.231,0.11688311688311688,0.08357771260997067,0.03330540427314621,0.2727999999999999,-0.041799999999999865
0.04,dual,40,3406961547,1000,264,0.264,0.07196969696969698,0.08357771260997067,-0.011608015640273694,0.2727999999999999,-0.008799999999999863
0.04,dual,41,2554902225,1000,269,0.269,0.10037174721189591,0.08357771260997067,0.016794034601925245,0.2727999999999999,-0.003799999999999859
0.04,dual,42,3369612549,1000,259,0.259,0.08494208494208494,0.08357771260997067,0.0013643723321142692,0.2727999999999999,-0.013799999999999868
0.04,dual,43,514522217,1000,265,0.265,0.06415094339622641,0.08357771260997067,-0.019426769213744255,0.2727999999999999,-0.007799999999999863
0.04,dual,44,946558064,1000,286,0.286,0.08741258741258741,0.08357771260997067,0.003834874802616739,0.2727999999999999,0.0132000000000001
0.04,dual,45,3995859893,1000,259,0.259,0.09266409266409266,0.08357771260997067,0.00908638005412199,0.2727999999999999,-0.013799999999999868
0.04,dual,46,2818921818,1000,283,0.283,0.06713780918727916,0.08357771260997067,-0.016439903422691513,0.2727999999999999,0.010200000000000098
0.04,dual,47,555159312,1000,268,0.268,0.09328358208955224,0.08357771260997067,0.009705869479581575,0.2727999999999999,-0.00479999999999986
0.04,dual,48,2614436383,1000,267,0.267,0.09737827715355805,0.08357771260997067,0.013800564543587385,0.2727999999999999,-0.005799999999999861
0.04,dual,49,1908788713,1000,288,0.288,0.06597222222222222,0.08357771260997067,-0.017605490387748446,0.2727999999999999,0.015200000000000102
0.04,dual,50,317173583,1000,275,0.275,0.09090909090909091,0.08357771260997067,0.007331378299120242,0.2727999999999999,0.0022000000000001463
0.05,dual,1,2372375573,1000,282,0.282,0.08865248226950355,0.10179640718562867,-0.013143924916125121,0.27833333333333315,0.003666666666666818
0.05,dual,2,796238561,1000,304,0.304,0.09868421052631579,0.10179640718562867,-0.0031121966593128797,0.27833333333333315,0.025666666666666837
0.05,dual,3,1957853646,1000,266,0.266,0.09022556390977443,0.10179640718562867,-0.01157084327585424,0.27833333333333315,-0.01233333333333314
0.05,dual,4,3113073214,1000,284,0.284,0.0880281690140845,0.10179640718562867,-0.01376823817154417,0.27833333333333315,0.00566666666666682
0.05,dual,5,2168487348,1000,271,0.271,0.1033210332103321,0.10179640718562867,0.0015246260247034349,0.27833333333333315,-0.007333333333333136
0.05,dual,6,1103443998,1000,271,0.271,0.12546125461254612,0.10179640718562867,0.02366484742691745,0.27833333333333315,-0.007333333333333136
0.05,dual,7,902293517,1000,280,0.28,0.09642857142857143,0.10179640718562867,-0.005367835757057238,0.27833333333333315,0.0016666666666668717
0.05,dual,8,38415197,1000,265,0.265,0.1018867924528302,0.10179640718562867,9.038526720152318e-05,0.27833333333333315,-0.013333333333333142
0.05,dual,9,3644478269,1000,279,0.279,0.07885304659498207,0.10179640718562867,-0.022943360590646597,0.27833333333333315,0.0006666666666668708
0.05,dual,10,423141377,1000,268,0.268,0.10820895522388059,0.10179640718562867,0.0064125480382519195,0.27833333333333315,-0.010333333333333139
0.05,dual,11,3226275390,1000,290,0.29,0.1103448275862069,0.10179640718562867,0.008548420400578224,0.27833333333333315,0.011666666666666825
0.05,dual,12,3473080853,1000,283,0.283,0.0989399293286219,0.10179640718562867,-0.0028564778570067673,0.27833333333333315,0.004666666666666819
0.05,dual,13,1824604476,1000,246,0.246,0.06910569105691057,0.10179640718562867,-0.0326907161287181,0.27833333333333315,-0.03233333333333316
0.05,dual,14,1079874797,1000,272,0.272,0.09191176470588236,0.10179640718562867,-0.009884642479746311,0.27833333333333315,-0.006333333333333135
0.05,dual,15,4291179280,1000,293,0.293,0.08532423208191127,0.10179640718562867,-0.0164721751037174,0.27833333333333315,0.014666666666666828
0.05,dual,16,3838184356,1000,285,0.285,0.08421052631578947,0.10179640718562867,-0.0175858808698392,0.27833333333333315,0.006666666666666821
0.05,dual,17,603383157,1000,296,0.296,0.10135135135135136,0.10179640718562867,-0.00044505583427731366,0.27833333333333315,0.01766666666666683
0.05,dual,18,2963674309,1000,287,0.287,0.06968641114982578,0.10179640718562867,-0.03210999603580289,0.27833333333333315,0.008666666666666822
0.05,dual,19,3903985186,1000,270,0.27,0.08888888888888889,0.10179640718562867,-0.012907518296739778,0.27833333333333315,-0.008333333333333137
0.05,dual,20,736255395,1000,263,0.263,0.10266159695817491,0.10179640718562867,0.0008651897725462376,0.27833333333333315,-0.015333333333333143
0.05,dual,21,3129264274,1000,280,0.28,0.10714285714285714,0.10179640718562867,0.005346449957228466,0.27833333333333315,0.0016666666666668717
0.05,dual,22,3685719828,1000,259,0.259,0.07722007722007722,0.10179640718562867,-0.024576329965551452,0.27833333333333315,-0.019333333333333147
0.05,dual,23,852956324,1000,314,0.314,0.12101910828025478,0.10179640718562867,0.019222701094626107,0.27833333333333315,0.035666666666666846
0.05,dual,24,1138911926,1000,280,0.28,0.09285714285714286,0.10179640718562867,-0.00893926432848581,0.27833333333333315,0.0016666666666668717
0.05,dual,25,594436294,1000,281,0.281,0.1387900355871886,0.10179640718562867,0.03699362840155994,0.27833333333333315,0.0026666666666668726
0.05,dual,26,4242941943,1000,264,0.264,0.13636363636363635,0.10179640718562867,0.03456722917800768,0.27833333333333315,-0.014333333333333143
0.05,dual,27,3083776967,1000,286,0.286,0.07692307692307693,0.10179640718562867,-0.024873330262551743,0.27833333333333315,0.0076666666666668215
0.05,dual,28,158460244,1000,276,0.276,0.09420289855072464,0.10179640718562867,-0.007593508634904031,0.27833333333333315,-0.002333333333333132
0.05,dual,29,2932290919,1000,270,0.27,0.07407407407407407,0.10179640718562867,-0.0277223331115546,0.27833333333333315,-0.008333333333333137
0.05,dual,30,946334285,1000,268,0.268,0.11940298507462686,0.10179640718562867,0.017606577888998193,0.27833333333333315,-0.010333333333333139
0.05,dual,31,2912582615,1000,290,0.29,0.12758620689655173,0.10179640718562867,0.02578979971092306,0.27833333333333315,0.011666666666666825
0.05,dual,32,3298272745,1000,277,0.277,0.09386281588447654,0.10179640718562867,-0.007933591301152135,0.27833333333333315,-0.001333333333333131
0.05,dual,33,3029819993,1000,260,0.26,0.11153846153846154,0.10179640718562867,0.009742054352832874,0.27833333333333315,-0.018333333333333146
0.05,dual,34,757938621,1000,273,0.273,0.05860805860805861,0.10179640718562867,-0.04318834857757006,0.27833333333333315,-0.0053333333333331345
0.05,dual,35,3136955496,1000,274,0.274,0.10583941605839416,0.10179640718562867,0.004043008872765486,0.27833333333333315,-0.004333333333333134
0.05,dual,36,57172511,1000,291,0.291,0.12714776632302405,0.10179640718562867,0.025351359137395377,0.27833333333333315,0.012666666666666826
0.05,dual,37,2963628201,1000,301,0.301,0.07308970099667775,0.10179640718562867,-0.028706706188950923,0.27833333333333315,0.022666666666666835
0.05,dual,38,625258310,1000,244,0.244,0.10655737704918032,0.10179640718562867,0.004760969863551651,0.27833333333333315,-0.03433333333333316
0.05,dual,39,1931406059,1000,274,0.274,0.08759124087591241,0.10179640718562867,-0.014205166309716258,0.27833333333333315,-0.004333333333333134
0.05,dual,40,3487530897,1000,297,0.297,0.1111111111111111,0.10179640718562867,0.009314703925482434,0.27833333333333315,0.01866666666666683
0.05,dual,41,1987542822,1000,285,0.285,0.11578947368421053,0.10179640718562867,0.013993066498581855,0.27833333333333315,0.006666666666666821
0.05,dual,42,1581351571,1000,273,0.273,0.10622710622710622,0.10179640718562867,0.004430699041477554,0.27833333333333315,-0.0053333333333331345
0.05,dual,43,2479066401,1000,284,0.284,0.11267605633802817,0.10179640718562867,0.010879649152399501,0.27833333333333315,0.00566666666666682
0.05,dual,44,2815545610,1000,296,0.296,0.11824324324324324,0.10179640718562867,0.016446836057614572,0.27833333333333315,0.01766666666666683
0.05,dual,45,2096690595,1000,288,0.288,0.10416666666666667,0.10179640718562867,0.0023702594810380007,0.27833333333333315,0.009666666666666823
0.05,dual,46,4107815423,1000,271,0.271,0.08118081180811808,0.10179640718562867,-0.020615595377510593,0.27833333333333315,-0.007333333333333136
0.05,dual,47,2322028123,1000,274,0.274,0.12408759124087591,0.10179640718562867,0.022291184055247243,0.27833333333333315,-0.004333333333333134
0.05,dual,48,4062194665,1000,268,0.268,0.09701492537313433,0.10179640718562867,-0.00478148181249434,0.27833333333333315,-0.010333333333333139
0.05,dual,49,3101630693,1000,270,0.27,0.08888888888888889,0.10179640718562867,-0.012907518296739778,0.27833333333333315,-0.008333333333333137
0.05,dual,50,1699220657,1000,279,0.279,0.0967741935483871,0.10179640718562867,-0.0050222136372415765,0.27833333333333315,0.0006666666666668708
0.06,dual,1,714312201,1000,288,0.288,0.09722222222222222,0.11909795630725867,-0.021875734085036444,0.2837999999999999,0.0042000000000000925
0.06,dual,2,932110474,1000,261,0.261,0.13409961685823754,0.11909795630725867,0.015001660550978874,0.2837999999999999,-0.022799999999999876
0.06,dual,3,132310261,1000,323,0.323,0.14860681114551083,0.11909795630725867,0.029508854838252163,0.2837999999999999,0.039200000000000124
0.06,dual,4,1690529622,1000,274,0.274,0.09854014598540146,0.11909795630725867,-0.020557810321857203,0.2837999999999999,-0.009799999999999864
0.06,dual,5,226116142,1000,277,0.277,0.1407942238267148,0.11909795630725867,0.021696267519456136,0.2837999999999999,-0.006799999999999862
0.06,dual,6,2837616096,1000,274,0.274,0.12773722627737227,0.11909795630725867,0.008639269970113606,0.2837999999999999,-0.009799999999999864
0.06,dual,7,1223811958,1000,236,0.236,0.11016949152542373,0.11909795630725867,-0.008928464781834941,0.2837999999999999,-0.0477999999999999
0.06,dual,8,3820082541,1000,255,0.255,0.12941176470588237,0.11909795630725867,0.010313808398623697,0.2837999999999999,-0.02879999999999988
0.06,dual,9,885831520,1000,285,0.285,0.14736842105263157,0.11909795630725867,0.028270464745372897,0.2837999999999999,0.0012000000000000899
0.06,dual,10,2972407964,1000,309,0.309,0.13268608414239483,0.11909795630725867,0.01358812783513616,0.2837999999999999,0.02520000000000011
0.06,dual,11,1918239609,1000,293,0.293,0.15358361774744028,0.11909795630725867,0.034485661440181614,0.2837999999999999,0.009200000000000097
0.06,dual,12,429269225,1000,283,0.283,0.10247349823321555,0.11909795630725867,-0.016624458074043114,0.2837999999999999,-0.0007999999999999119
0.06,dual,13,2939687331,1000,289,0.289,0.10726643598615918,0.11909795630725867,-0.011831520321099492,0.2837999999999999,0.0052000000000000934
0.06,dual,14,739934779,1000,300,0.3,0.12,0.11909795630725867,0.0009020436927413278,0.2837999999999999,0.016200000000000103
0.06,dual,15,2495209617,1000,286,0.286,0.11538461538461539,0.11909795630725867,-0.0037133409226432768,0.2837999999999999,0.0022000000000000908
0.06,dual,16,954620969,1000,293,0.293,0.13310580204778158,0.11909795630725867,0.014007845740522912,0.2837999999999999,0.009200000000000097
0.06,dual,17,336496416,1000,323,0.323,0.11145510835913312,0.11909795630725867,-0.007642847948125545,0.2837999999999999,0.039200000000000124
0.06,dual,18,223625436,1000,305,0.305,0.12459016393442623,0.11909795630725867,0.005492207627167567,0.2837999999999999,0.021200000000000108
0.06,dual,19,197501499,1000,262,0.262,0.12213740458015267,0.11909795630725867,0.003039448272893999,0.2837999999999999,-0.021799999999999875
0.06,dual,20,3629396077,1000,286,0.286,0.12937062937062938,0.11909795630725867,0.010272673063370708,0.2837999999999999,0.0022000000000000908
0.06,dual,21,2907905175,1000,285,0.285,0.12280701754385964,0.11909795630725867,0.0037090612366009745,0.2837999999999999,0.0012000000000000899
0.06,dual,22,71694047,1000,280,0.28,0.08928571428571429,0.11909795630725867,-0.02981224202154438,0.2837999999999999,-0.003799999999999859
0.06,dual,23,2352082070,1000,300,0.3,0.11,0.11909795630725867,-0.009097956307258667,0.2837999999999999,0.016200000000000103
0.06,dual,24,2413512235,1000,288,0.288,0.1076388888888889,0.11909795630725867,-0.011459067418369773,0.2837999999999999,0.0042000000000000925
0.06,dual,25,2406237312,1000,267,0.267,0.10112359550561797,0.11909795630725867,-0.017974360801640693,0.2837999999999999,-0.01679999999999987
0.06,dual,26,922124405,1000,299,0.299,0.0903010033444816,0.11909795630725867,-0.028796952962777067,0.2837999999999999,0.015200000000000102
0.06,dual,27,3109875024,1000,270,0.27,0.11481481481481481,0.11909795630725867,-0.004283141492443854,0.2837999999999999,-0.013799999999999868
0.06,dual,28,2128529287,1000,277,0.277,0.1371841155234657,0.11909795630725867,0.018086159216207043,0.2837999999999999,-0.006799999999999862
0.06,dual,29,1616502418,1000,289,0.289,0.09342560553633218,0.11909795630725867,-0.025672350770926486,0.2837999999999999,0.0052000000000000934
0.06,dual,30,1290093403,1000,277,0.277,0.10108303249097472,0.11909795630725867,-0.018014923816283945,0.2837999999999999,-0.006799999999999862
0.06,dual,31,2905302086,1000,278,0.278,0.07553956834532374,0.11909795630725867,-0.043558387961934925,0.2837999999999999,-0.005799999999999861
0.06,dual,32,841223087,1000,323,0.323,0.13312693498452013,0.11909795630725867,0.014028978677261467,0.2837999999999999,0.039200000000000124
0.06,dual,33,2726153678,1000,288,0.288,0.1111111111111111,0.11909795630725867,-0.007986845196147563,0.2837999999999999,0.0042000000000000925
0.06,dual,34,3181465537,1000,286,0.286,0.12237762237762238,0.11909795630725867,0.0032796660703637154,0.2837999999999999,0.0022000000000000908
0.06,dual,35,1845419550,1000,274,0.274,0.11678832116788321,0.11909795630725867,-0.00230963513937546,0.2837999999999999,-0.009799999999999864
0.06,dual,36,285436267,1000,287,0.287,0.13937282229965156,0.11909795630725867,0.020274865992392893,0.2837999999999999,0.0032000000000000917
0.06,dual,37,2924841109,1000,278,0.278,0.14028776978417265,0.11909795630725867,0.021189813476913982,0.2837999999999999,-0.005799999999999861
0.06,dual,38,2935615812,1000,271,0.271,0.14022140221402213,0.11909795630725867,0.02112344590676346,0.2837999999999999,-0.012799999999999867
0.06,dual,39,2976166599,1000,284,0.284,0.10211267605633803,0.11909795630725867,-0.016985280250920637,0.2837999999999999,0.000200000000000089
0.06,dual,40,1790987884,1000,284,0.284,0.12323943661971831,0.11909795630725867,0.004141480312459644,0.2837999999999999,0.000200000000000089
0.06,dual,41,2035899020,1000,245,0.245,0.1346938775510204,0.11909795630725867,0.015595921243761746,0.2837999999999999,-0.03879999999999989
0.06,dual,42,2617263197,1000,276,0.276,0.12681159420289856,0.11909795630725867,0.007713637895639891,0.2837999999999999,-0.007799999999999863
0.06,dual,43,2920380561,1000,309,0.309,0.10679611650485436,0.11909795630725867,-0.012301839802404305,0.2837999999999999,0.02520000000000011
0.06,dual,44,2161595125,1000,291,0.291,0.11683848797250859,0.11909795630725867,-0.0022594683347500755,0.2837999999999999,0.007200000000000095
0.06,dual,45,2189920732,1000,260,0.26,0.06923076923076923,0.11909795630725867,-0.04986718707648943,0.2837999999999999,-0.023799999999999877
0.06,dual,46,349120745,1000,315,0.315,0.09206349206349207,0.11909795630725867,-0.0270344642437666,0.2837999999999999,0.031200000000000117
0.06,dual,47,1096809599,1000,273,0.273,0.12087912087912088,0.11909795630725867,0.0017811645718622121,0.2837999999999999,-0.010799999999999865
0.06,dual,48,435705631,1000,293,0.293,0.08873720136518772,0.11909795630725867,-0.030360754942070953,0.2837999999999999,0.009200000000000097
0.06,dual,49,3080883314,1000,284,0.284,0.13028169014084506,0.11909795630725867,0.011183733833586396,0.2837999999999999,0.000200000000000089
0.06,dual,50,2437209480,1000,280,0.28,0.12857142857142856,0.11909795630725867,0.009473472264169891,0.2837999999999999,-0.003799999999999859
0.07,dual,1,1411582568,1000,310,0.31,0.11290322580645161,0.13554633471645916,-0.02264310891000755,0.28919999999999985,0.02080000000000015
0.07,dual,2,935943691,1000,274,0.274,0.12408759124087591,0.13554633471645916,-0.011458743475583247,0.28919999999999985,-0.015199999999999825
0.07,dual,3,1188025070,1000,282,0.282,0.1702127659574468,0.13554633471645916,0.034666431240987644,0.28919999999999985,-0.007199999999999873
0.07,dual,4,2600064124,1000,298,0.298,0.1610738255033557,0.13554633471645916,0.025527490786896534,0.28919999999999985,0.008800000000000141
0.07,dual,5,4210272317,1000,264,0.264,0.10984848484848485,0.13554633471645916,-0.025697849867974312,0.28919999999999985,-0.025199999999999834
0.07,dual,6,2270099707,1000,293,0.293,0.13310580204778158,0.13554633471645916,-0.002440532668677581,0.28919999999999985,0.0038000000000001366
0.07,dual,7,135981394,1000,291,0.291,0.12027491408934708,0.13554633471645916,-0.015271420627112078,0.28919999999999985,0.0018000000000001348
0.07,dual,8,3241090320,1000,278,0.278,0.12589928057553956,0.13554633471645916,-0.009647054140919598,0.28919999999999985,-0.011199999999999821
0.07,dual,9,3565053585,1000,264,0.264,0.12878787878787878,0.13554633471645916,-0.006758455928580376,0.28919999999999985,-0.025199999999999834
0.07,dual,10,1135170469,1000,304,0.304,0.14802631578947367,0.13554633471645916,0.012479981073014512,0.28919999999999985,0.014800000000000146
0.07,dual,11,3769094672,1000,305,0.305,0.13442622950819672,0.13554633471645916,-0.0011201052082624452,0.28919999999999985,0.015800000000000147
0.07,dual,12,2591081052,1000,292,0.292,0.1404109589041096,0.13554633471645916,0.004864624187650435,0.28919999999999985,0.0028000000000001357
0.07,dual,13,3369415806,1000,276,0.276,0.14492753623188406,0.13554633471645916,0.009381201515424903,0.28919999999999985,-0.013199999999999823
0.07,dual,14,3272276595,1000,298,0.298,0.12751677852348994,0.13554633471645916,-0.008029556192969217,0.28919999999999985,0.008800000000000141
0.07,dual,15,2099809549,1000,287,0.287,0.13240418118466898,0.13554633471645916,-0.003142153531790176,0.28919999999999985,-0.0021999999999998687
0.07,dual,16,1490391477,1000,297,0.297,0.15151515151515152,0.13554633471645916,0.01596881679869236,0.28919999999999985,0.00780000000000014
0.07,dual,17,2390166068,1000,284,0.284,0.0880281690140845,0.13554633471645916,-0.04751816570237466,0.28919999999999985,-0.005199999999999871
0.07,dual,18,2844178905,1000,311,0.311,0.09967845659163987,0.13554633471645916,-0.035867878124819286,0.28919999999999985,0.021800000000000153
0.07,dual,19,1233097874,1000,271,0.271,0.15129151291512916,0.13554633471645916,0.015745178198669996,0.28919999999999985,-0.018199999999999827
0.07,dual,20,1102798784,1000,295,0.295,0.14576271186440679,0.13554633471645916,0.010216377147947625,0.28919999999999985,0.005800000000000138
0.07,dual,21,1443382891,1000,284,0.284,0.13028169014084506,0.13554633471645916,-0.005264644575614097,0.28919999999999985,-0.005199999999999871
0.07,dual,22,1864321804,1000,276,0.276,0.15579710144927536,0.13554633471645916,0.0202507667328162,0.28919999999999985,-0.013199999999999823
0.07,dual,23,434982855,1000,312,0.312,0.14423076923076922,0.13554633471645916,0.008684434514310058,0.28919999999999985,0.022800000000000153
0.07,dual,24,3999276331,1000,315,0.315,0.11428571428571428,0.13554633471645916,-0.021260620430744878,0.28919999999999985,0.025800000000000156
0.07,dual,25,3632415902,1000,312,0.312,0.09615384615384616,0.13554633471645916,-0.039392488562613,0.28919999999999985,0.022800000000000153
0.07,dual,26,506053855,1000,275,0.275,0.16,0.13554633471645916,0.024453665283540843,0.28919999999999985,-0.014199999999999824
0.07,dual,27,2971480135,1000,306,0.306,0.13725490196078433,0.13554633471645916,0.0017085672443251654,0.28919999999999985,0.016800000000000148
0.07,dual,28,3393133436,1000,285,0.285,0.14035087719298245,0.13554633471645916,0.004804542476523288,0.28919999999999985,-0.0041999999999998705
0.07,dual,29,349604590,1000,288,0.288,0.1284722222222222,0.13554633471645916,-0.00707411249423695,0.28919999999999985,-0.0011999999999998678
0.07,dual,30,3427739100,1000,297,0.297,0.10774410774410774,0.13554633471645916,-0.02780222697235142,0.28919999999999985,0.00780000000000014
0.07,dual,31,2262935045,1000,309,0.309,0.1423948220064725,0.13554633471645916,0.006848487290013333,0.28919999999999985,0.01980000000000015
0.07,dual,32,874887693,1000,310,0.31,0.18064516129032257,0.13554633471645916,0.04509882657386341,0.28919999999999985,0.02080000000000015
0.07,dual,33,3060158374,1000,297,0.297,0.10437710437710437,0.13554633471645916,-0.031169230339354786,0.28919999999999985,0.00780000000000014
0.07,dual,34,1393635788,1000,304,0.304,0.11842105263157894,0.13554633471645916,-0.01712528208488022,0.28919999999999985,0.014800000000000146
0.07,dual,35,3085791982,1000,297,0.297,0.1414141414141414,0.13554633471645916,0.0058678066976822485,0.28919999999999985,0.00780000000000014
0.07,dual,36,3233666336,1000,276,0.276,0.13043478260869565,0.13554633471645916,-0.005111552107763512,0.28919999999999985,-0.013199999999999823
0.07,dual,37,500039951,1000,294,0.294,0.12244897959183673,0.13554633471645916,-0.013097355124622428,0.28919999999999985,0.0048000000000001375
0.07,dual,38,3496552380,1000,283,0.283,0.14487632508833923,0.13554633471645916,0.009329990371880065,0.28919999999999985,-0.006199999999999872
0.07,dual,39,3213959478,1000,305,0.305,0.1377049180327869,0.13554633471645916,0.0021585833163277335,0.28919999999999985,0.015800000000000147
0.07,dual,40,569268565,1000,291,0.291,0.11683848797250859,0.13554633471645916,-0.018707846743950568,0.28919999999999985,0.0018000000000001348
0.07,dual,41,2484924287,1000,320,0.32,0.1625,0.13554633471645916,0.026953665283540845,0.28919999999999985,0.03080000000000016
0.07,dual,42,2038996021,1000,294,0.294,0.1836734693877551,0.13554633471645916,0.04812713467129595,0.28919999999999985,0.0048000000000001375
0.07,dual,43,2556469894,1000,289,0.289,0.11764705882352941,0.13554633471645916,-0.01789927589292975,0.28919999999999985,-0.00019999999999986695
0.07,dual,44,1785260309,1000,314,0.314,0.13694267515923567,0.13554633471645916,0.0013963404427765058,0.28919999999999985,0.024800000000000155
0.07,dual,45,3826665625,1000,294,0.294,0.11904761904761904,0.13554633471645916,-0.01649871566884012,0.28919999999999985,0.0048000000000001375
0.07,dual,46,906150859,1000,307,0.307,0.14332247557003258,0.13554633471645916,0.007776140853573421,0.28919999999999985,0.01780000000000015
0.07,dual,47,1802754926,1000,286,0.286,0.15034965034965034,0.13554633471645916,0.014803315633191177,0.28919999999999985,-0.0031999999999998696
0.07,dual,48,3014013704,1000,308,0.308,0.17532467532467533,0.13554633471645916,0.03977834060821617,0.28919999999999985,0.01880000000000015
0.07,dual,49,525594203,1000,279,0.279,0.12186379928315412,0.13554633471645916,-0.01368253543330504,0.28919999999999985,-0.01019999999999982
0.07,dual,50,700066903,1000,266,0.266,0.14285714285714285,0.13554633471645916,0.007310808140683689,0.28919999999999985,-0.023199999999999832
0.08,dual,1,1867349631,1000,290,0.29,0.1206896551724138,0.15119963784517879,-0.030509982672764988,0.29453333333333326,-0.004533333333333278
0.08,dual,2,1466031902,1000,307,0.307,0.1498371335504886,0.15119963784517879,-0.0013625042946901755,0.29453333333333326,0.012466666666666737
0.08,dual,3,1227843725,1000,287,0.287,0.14285714285714285,0.15119963784517879,-0.008342494988035937,0.29453333333333326,-0.007533333333333281
0.08,dual,4,1695298315,1000,320,0.32,0.1625,0.15119963784517879,0.01130036215482122,0.29453333333333326,0.02546666666666675
0.08,dual,5,1056503989,1000,301,0.301,0.12624584717607973,0.15119963784517879,-0.024953790669099057,0.29453333333333326,0.006466666666666732
0.08,dual,6,3276781348,1000,289,0.289,0.1245674740484429,0.15119963784517879,-0.026632163796735886,0.29453333333333326,-0.005533333333333279
0.08,dual,7,689274310,1000,308,0.308,0.1525974025974026,0.15119963784517879,0.0013977647522238068,0.29453333333333326,0.013466666666666738
0.08,dual,8,2834474311,1000,288,0.288,0.13541666666666666,0.15119963784517879,-0.01578297117851213,0.29453333333333326,-0.00653333333333328
0.08,dual,9,39579799,1000,300,0.3,0.14,0.15119963784517879,-0.011199637845178773,0.29453333333333326,0.005466666666666731
0.08,dual,10,3168423924,1000,319,0.319,0.15987460815047022,0.15119963784517879,0.008674970305291435,0.29453333333333326,0.024466666666666748
0.08,dual,11,1225811502,1000,304,0.304,0.13157894736842105,0.15119963784517879,-0.01962069047675774,0.29453333333333326,0.009466666666666734
0.08,dual,12,2789397359,1000,319,0.319,0.12225705329153605,0.15119963784517879,-0.028942584553642736,0.29453333333333326,0.024466666666666748
0.08,dual,13,827326222,1000,276,0.276,0.13043478260869565,0.15119963784517879,-0.020764855236483137,0.29453333333333326,-0.018533333333333235
0.08,dual,14,2676076225,1000,281,0.281,0.15658362989323843,0.15119963784517879,0.005383992048059644,0.29453333333333326,-0.01353333333333323
0.08,dual,15,2356530831,1000,309,0.309,0.19093851132686085,0.15119963784517879,0.03973887348168206,0.29453333333333326,0.014466666666666739
0.08,dual,16,4283210831,1000,298,0.298,0.12416107382550336,0.15119963784517879,-0.02703856401967543,0.29453333333333326,0.003466666666666729
0.08,dual,17,1678881093,1000,287,0.287,0.1672473867595819,0.15119963784517879,0.01604774891440311,0.29453333333333326,-0.007533333333333281
0.08,dual,18,2412315180,1000,313,0.313,0.15654952076677317,0.15119963784517879,0.005349882921594384,0.29453333333333326,0.018466666666666742
0.08,dual,19,2107398289,1000,290,0.29,0.16551724137931034,0.15119963784517879,0.014317603534131557,0.29453333333333326,-0.004533333333333278
0.08,dual,20,3273346533,1000,298,0.298,0.14429530201342283,0.15119963784517879,-0.006904335831755953,0.29453333333333326,0.003466666666666729
0.08,dual,21,4077578844,1000,292,0.292,0.1815068493150685,0.15119963784517879,0.03030721146988971,0.29453333333333326,-0.0025333333333332764
0.08,dual,22,3263192177,1000,320,0.32,0.1375,0.15119963784517879,-0.013699637845178775,0.29453333333333326,0.02546666666666675
0.08,dual,23,812356249,1000,291,0.291,0.16151202749140894,0.15119963784517879,0.010312389646230158,0.29453333333333326,-0.0035333333333332773
0.08,dual,24,3037780816,1000,303,0.303,0.15841584158415842,0.15119963784517879,0.007216203738979632,0.29453333333333326,0.008466666666666733
0.08,dual,25,171696508,1000,295,0.295,0.19661016949152543,0.15119963784517879,0.04541053164634665,0.29453333333333326,0.0004666666666667263
0.08,dual,26,4241648695,1000,327,0.327,0.13761467889908258,0.15119963784517879,-0.01358495894609621,0.29453333333333326,0.032466666666666755
0.08,dual,27,2184617665,1000,288,0.288,0.1701388888888889,0.15119963784517879,0.01893925104371011,0.29453333333333326,-0.00653333333333328
0.08,dual,28,3836734803,1000,289,0.289,0.14878892733564014,0.15119963784517879,-0.002410710509538644,0.29453333333333326,-0.005533333333333279
0.08,dual,29,4083697066,1000,284,0.284,0.10211267605633803,0.15119963784517879,-0.049086961788840755,0.29453333333333326,-0.010533333333333283
0.08,dual,30,1813176146,1000,287,0.287,0.14285714285714285,0.15119963784517879,-0.008342494988035937,0.29453333333333326,-0.007533333333333281
0.08,dual,31,2746300709,1000,280,0.28,0.15,0.15119963784517879,-0.0011996378451787915,0.29453333333333326,-0.014533333333333232
0.08,dual,32,1720249499,1000,279,0.279,0.15053763440860216,0.15119963784517879,-0.0006620034365766303,0.29453333333333326,-0.015533333333333232
0.08,dual,33,3691643607,1000,284,0.284,0.15140845070422534,0.15119963784517879,0.00020881285904655877,0.29453333333333326,-0.010533333333333283
0.08,dual,34,2714242098,1000,279,0.279,0.13978494623655913,0.15119963784517879,-0.01141469160861966,0.29453333333333326,-0.015533333333333232
0.08,dual,35,3715179783,1000,276,0.276,0.17753623188405798,0.15119963784517879,0.026336594038879196,0.29453333333333326,-0.018533333333333235
0.08,dual,36,3686182937,1000,300,0.3,0.18,0.15119963784517879,0.028800362154821207,0.29453333333333326,0.005466666666666731
0.08,dual,37,3335979562,1000,290,0.29,0.13793103448275862,0.15119963784517879,-0.013268603362420167,0.29453333333333326,-0.004533333333333278
0.08,dual,38,2086312656,1000,312,0.312,0.16346153846153846,0.15119963784517879,0.012261900616359678,0.29453333333333326,0.01746666666666674
0.08,dual,39,2815779005,1000,304,0.304,0.13157894736842105,0.15119963784517879,-0.01962069047675774,0.29453333333333326,0.009466666666666734
0.08,dual,40,673788188,1000,274,0.274,0.13503649635036497,0.15119963784517879,-0.01616314149481382,0.29453333333333326,-0.020533333333333237
0.08,dual,41,4086325580,1000,279,0.279,0.17204301075268819,0.15119963784517879,0.0208433729075094,0.29453333333333326,-0.015533333333333232
0.08,dual,42,2070553584,1000,307,0.307,0.17263843648208468,0.15119963784517879,0.021438798636905898,0.29453333333333326,0.012466666666666737
0.08,dual,43,86213697,1000,310,0.31,0.1064516129032258,0.15119963784517879,-0.044748024941952985,0.29453333333333326,0.01546666666666674
0.08,dual,44,4088431476,1000,306,0.306,0.16993464052287582,0.15119963784517879,0.018735002677697038,0.29453333333333326,0.011466666666666736
0.08,dual,45,3111859058,1000,287,0.287,0.14634146341463414,0.15119963784517879,-0.004858174430544648,0.29453333333333326,-0.007533333333333281
0.08,dual,46,1229953575,1000,304,0.304,0.14473684210526316,0.15119963784517879,-0.006462795739915622,0.29453333333333326,0.009466666666666734
0.08,dual,47,23455638,1000,290,0.29,0.1413793103448276,0.15119963784517879,-0.009820327500351195,0.29453333333333326,-0.004533333333333278
0.08,dual,48,2916363579,1000,286,0.286,0.16783216783216784,0.15119963784517879,0.016632529986989053,0.29453333333333326,-0.008533333333333282
0.08,dual,49,2480200007,1000,279,0.279,0.16845878136200718,0.15119963784517879,0.01725914351682839,0.29453333333333326,-0.015533333333333232
0.08,dual,50,2453329325,1000,278,0.278,0.14028776978417265,0.15119963784517879,-0.010911868061006136,0.29453333333333326,-0.016533333333333233
0.09,dual,1,3197297388,1000,299,0.299,0.16387959866220736,0.16611074049366242,-0.0022311418314550635,0.29979999999999996,-0.0007999999999999674
0.09,dual,2,3926389466,1000,315,0.315,0.17777777777777778,0.16611074049366242,0.011667037284115361,0.29979999999999996,0.015200000000000047
0.09,dual,3,792119487,1000,320,0.32,0.15625,0.16611074049366242,-0.009860740493662423,0.29979999999999996,0.02020000000000005
0.09,dual,4,2694263752,1000,292,0.292,0.1643835616438356,0.16611074049366242,-0.001727178849826816,0.29979999999999996,-0.007799999999999974
0.09,dual,5,891853327,1000,269,0.269,0.15985130111524162,0.16611074049366242,-0.0062594393784208,0.29979999999999996,-0.03079999999999994
0.09,dual,6,2198949233,1000,282,0.282,0.1773049645390071,0.16611074049366242,0.011194224045344675,0.29979999999999996,-0.017799999999999983
0.09,dual,7,773876058,1000,293,0.293,0.13993174061433447,0.16611074049366242,-0.026178999879327952,0.29979999999999996,-0.006799999999999973
0.09,dual,8,2484793906,1000,302,0.302,0.16556291390728478,0.16611074049366242,-0.0005478265863776421,0.29979999999999996,0.0022000000000000353
0.09,dual,9,3873600749,1000,301,0.301,0.16279069767441862,0.16611074049366242,-0.003320042819243807,0.29979999999999996,0.0012000000000000344
0.09,dual,10,1824810832,1000,322,0.322,0.13975155279503104,0.16611074049366242,-0.02635918769863138,0.29979999999999996,0.022200000000000053
0.09,dual,11,3535074428,1000,298,0.298,0.16778523489932887,0.16611074049366242,0.0016744944056664435,0.29979999999999996,-0.0017999999999999683
0.09,dual,12,3003114611,1000,288,0.288,0.1840277777777778,0.16611074049366242,0.017917037284115367,0.29979999999999996,-0.011799999999999977
0.09,dual,13,4202417699,1000,312,0.312,0.1282051282051282,0.16611074049366242,-0.03790561228853423,0.29979999999999996,0.012200000000000044
0.09,dual,14,3852067075,1000,302,0.302,0.16556291390728478,0.16611074049366242,-0.0005478265863776421,0.29979999999999996,0.0022000000000000353
0.09,dual,15,3203555631,1000,297,0.297,0.18518518518518517,0.16611074049366242,0.01907444469152275,0.29979999999999996,-0.002799999999999969
0.09,dual,16,3548430507,1000,281,0.281,0.14590747330960854,0.16611074049366242,-0.02020326718405388,0.29979999999999996,-0.018799999999999928
0.09,dual,17,994318582,1000,310,0.31,0.1967741935483871,0.16611074049366242,0.030663453054724676,0.29979999999999996,0.010200000000000042
0.09,dual,18,1354339837,1000,289,0.289,0.12110726643598616,0.16611074049366242,-0.04500347405767627,0.29979999999999996,-0.010799999999999976
0.09,dual,19,3058016516,1000,313,0.313,0.13738019169329074,0.16611074049366242,-0.02873054880037168,0.29979999999999996,0.013200000000000045
0.09,dual,20,717270643,1000,294,0.294,0.14285714285714285,0.16611074049366242,-0.023253597636519574,0.29979999999999996,-0.005799999999999972
0.09,dual,21,978340459,1000,313,0.313,0.17252396166134185,0.16611074049366242,0.006413221167679423,0.29979999999999996,0.013200000000000045
0.09,dual,22,1269061558,1000,291,0.291,0.18556701030927836,0.16611074049366242,0.019456269815615934,0.29979999999999996,-0.008799999999999975
0.09,dual,23,2517569433,1000,305,0.305,0.15081967213114755,0.16611074049366242,-0.01529106836251487,0.29979999999999996,0.005200000000000038
0.09,dual,24,225339303,1000,302,0.302,0.1390728476821192,0.16611074049366242,-0.02703789281154323,0.29979999999999996,0.0022000000000000353
0.09,dual,25,3430403024,1000,299,0.299,0.15719063545150502,0.16611074049366242,-0.0089201050421574,0.29979999999999996,-0.0007999999999999674
0.09,dual,26,411065518,1000,270,0.27,0.1259259259259259,0.16611074049366242,-0.04018481456773651,0.29979999999999996,-0.029799999999999938
0.09,dual,27,540383150,1000,293,0.293,0.17406143344709898,0.16611074049366242,0.007950692953436561,0.29979999999999996,-0.006799999999999973
0.09,dual,28,1940109497,1000,291,0.291,0.18556701030927836,0.16611074049366242,0.019456269815615934,0.29979999999999996,-0.008799999999999975
0.09,dual,29,1873996794,1000,303,0.303,0.13861386138613863,0.16611074049366242,-0.027496879107523797,0.29979999999999996,0.003200000000000036
0.09,dual,30,1123932353,1000,310,0.31,0.16129032258064516,0.16611074049366242,-0.004820417913017266,0.29979999999999996,0.010200000000000042
0.09,dual,31,960656724,1000,318,0.318,0.13522012578616352,0.16611074049366242,-0.030890614707498903,0.29979999999999996,0.01820000000000005
0.09,dual,32,3947489277,1000,297,0.297,0.2053872053872054,0.16611074049366242,0.03927646489354297,0.29979999999999996,-0.002799999999999969
0.09,dual,33,2836110944,1000,304,0.304,0.125,0.16611074049366242,-0.04111074049366242,0.29979999999999996,0.004200000000000037
0.09,dual,34,983216029,1000,323,0.323,0.15170278637770898,0.16611074049366242,-0.014407954115953442,0.29979999999999996,0.023200000000000054
0.09,dual,35,3774873356,1000,310,0.31,0.1967741935483871,0.16611074049366242,0.030663453054724676,0.29979999999999996,0.010200000000000042
0.09,dual,36,2480176816,1000,308,0.308,0.18506493506493507,0.16611074049366242,0.018954194571272648,0.29979999999999996,0.00820000000000004
0.09,dual,37,855878986,1000,297,0.297,0.18181818181818182,0.16611074049366242,0.0157074413245194,0.29979999999999996,-0.002799999999999969
0.09,dual,38,2571376989,1000,299,0.299,0.16722408026755853,0.16611074049366242,0.0011133397738961048,0.29979999999999996,-0.0007999999999999674
0.09,dual,39,749767186,1000,312,0.312,0.20192307692307693,0.16611074049366242,0.035812336429414504,0.29979999999999996,0.012200000000000044
0.09,dual,40,694938023,1000,295,0.295,0.1423728813559322,0.16611074049366242,-0.023737859137730216,0.29979999999999996,-0.004799999999999971
0.09,dual,41,3051697496,1000,273,0.273,0.13553113553113552,0.16611074049366242,-0.030579604962526902,0.29979999999999996,-0.026799999999999935
0.09,dual,42,95214960,1000,281,0.281,0.14590747330960854,0.16611074049366242,-0.02020326718405388,0.29979999999999996,-0.018799999999999928
0.09,dual,43,745232966,1000,287,0.287,0.18466898954703834,0.16611074049366242,0.018558249053375914,0.29979999999999996,-0.012799999999999978
0.09,dual,44,1053783623,1000,272,0.272,0.19117647058823528,0.16611074049366242,0.025065730094572858,0.29979999999999996,-0.027799999999999936
0.09,dual,45,2648406410,1000,292,0.292,0.17123287671232876,0.16611074049366242,0.005122136218666334,0.29979999999999996,-0.007799999999999974
0.09,dual,46,515215587,1000,307,0.307,0.18241042345276873,0.16611074049366242,0.016299682959106304,0.29979999999999996,0.00720000000000004
0.09,dual,47,3793253676,1000,284,0.284,0.15845070422535212,0.16611074049366242,-0.0076600362683103,0.29979999999999996,-0.01579999999999998
0.09,dual,48,2177081555,1000,308,0.308,0.16883116883116883,0.16611074049366242,0.0027204283375064087,0.29979999999999996,0.00820000000000004
0.09,dual,49,2795279386,1000,301,0.301,0.19269102990033224,0.16611074049366242,0.026580289406669816,0.29979999999999996,0.0012000000000000344
0.09,dual,50,3500711841,1000,314,0.314,0.1942675159235669,0.16611074049366242,0.028156775429904468,0.29979999999999996,0.014200000000000046
0.1,dual,1,3191208080,1000,333,0.333,0.2012012012012012,0.180327868852459,0.020873332348742196,0.3049999999999998,0.02800000000000019
0.1,dual,2,3036723969,1000,308,0.308,0.18831168831168832,0.180327868852459,0.007983819459229324,0.3049999999999998,0.003000000000000169
0.1,dual,3,2666207113,1000,303,0.303,0.17491749174917492,0.180327868852459,-0.00541037710328407,0.3049999999999998,-0.0019999999999998352
0.1,dual,4,2755266424,1000,316,0.316,0.18670886075949367,0.180327868852459,0.006380991907034672,0.3049999999999998,0.011000000000000176
0.1,dual,5,3743910654,1000,303,0.303,0.20132013201320131,0.180327868852459,0.02099226316074232,0.3049999999999998,-0.0019999999999998352
0.1,dual,6,510431931,1000,309,0.309,0.14563106796116504,0.180327868852459,-0.034696800891293955,0.3049999999999998,0.00400000000000017
0.1,dual,7,355524981,1000,315,0.315,0.17777777777777778,0.180327868852459,-0.00255009107468121,0.3049999999999998,0.010000000000000175
0.1,dual,8,1111697844,1000,318,0.318,0.16666666666666666,0.180327868852459,-0.013661202185792337,0.3049999999999998,0.013000000000000178
0.1,dual,9,3480371421,1000,334,0.334,0.15868263473053892,0.180327868852459,-0.02164523412192007,0.3049999999999998,0.029000000000000192
0.1,dual,10,260467995,1000,310,0.31,0.14838709677419354,0.180327868852459,-0.031940772078265456,0.3049999999999998,0.005000000000000171
0.1,dual,11,3347943781,1000,297,0.297,0.15488215488215487,0.180327868852459,-0.025445713970304124,0.3049999999999998,-0.00799999999999984
0.1,dual,12,3105206173,1000,316,0.316,0.21835443037974683,0.180327868852459,0.03802656152728784,0.3049999999999998,0.011000000000000176
0.1,dual,13,464301853,1000,274,0.274,0.19343065693430658,0.180327868852459,0.013102788081847588,0.3049999999999998,-0.030999999999999805
0.1,dual,14,4092601339,1000,281,0.281,0.1708185053380783,0.180327868852459,-0.009509363514380698,0.3049999999999998,-0.0239999999999998
0.1,dual,15,2826528478,1000,290,0.29,0.18275862068965518,0.180327868852459,0.0024307518371961823,0.3049999999999998,-0.014999999999999847
0.1,dual,16,3601484942,1000,309,0.309,0.1650485436893204,0.180327868852459,-0.015279325163138596,0.3049999999999998,0.00400000000000017
0.1,dual,17,4238727029,1000,328,0.328,0.17073170731707318,0.180327868852459,-0.009596161535385811,0.3049999999999998,0.023000000000000187
0.1,dual,18,1305347912,1000,305,0.305,0.2262295081967213,0.180327868852459,0.04590163934426231,0.3049999999999998,1.6653345369377348e-16
0.1,dual,19,3061138497,1000,300,0.3,0.13666666666666666,0.180327868852459,-0.043661202185792336,0.3049999999999998,-0.004999999999999838
0.1,dual,20,2265568423,1000,303,0.303,0.1848184818481848,0.180327868852459,0.004490612995725812,0.3049999999999998,-0.0019999999999998352
0.1,dual,21,2624007862,1000,325,0.325,0.19076923076923077,0.180327868852459,0.01044136191677178,0.3049999999999998,0.020000000000000184
0.1,dual,22,1588850553,1000,321,0.321,0.12461059190031153,0.180327868852459,-0.05571727695214747,0.3049999999999998,0.01600000000000018
0.1,dual,23,33340615,1000,300,0.3,0.18333333333333332,0.180327868852459,0.003005464480874326,0.3049999999999998,-0.004999999999999838
0.1,dual,24,2383381327,1000,290,0.29,0.17586206896551723,0.180327868852459,-0.0044657998869417626,0.3049999999999998,-0.014999999999999847
0.1,dual,25,2664213986,1000,306,0.306,0.17973856209150327,0.180327868852459,-0.0005893067609557268,0.3049999999999998,0.0010000000000001674
0.1,dual,26,703186763,1000,311,0.311,0.1607717041800643,0.180327868852459,-0.019556164672394682,0.3049999999999998,0.006000000000000172
0.1,dual,27,1108170794,1000,315,0.315,0.23174603174603176,0.180327868852459,0.05141816289357276,0.3049999999999998,0.010000000000000175
0.1,dual,28,1098552687,1000,310,0.31,0.16451612903225807,0.180327868852459,-0.015811739820200926,0.3049999999999998,0.005000000000000171
0.1,dual,29,2461418393,1000,282,0.282,0.2198581560283688,0.180327868852459,0.03953028717590981,0.3049999999999998,-0.022999999999999854
0.1,dual,30,1342159706,1000,304,0.304,0.17763157894736842,0.180327868852459,-0.0026962899050905764,0.3049999999999998,-0.0009999999999998344
0.1,dual,31,339607150,1000,309,0.309,0.18122977346278318,0.180327868852459,0.000901904610324189,0.3049999999999998,0.00400000000000017
0.1,dual,32,390408251,1000,336,0.336,0.1488095238095238,0.180327868852459,-0.031518345042935186,0.3049999999999998,0.031000000000000194
0.1,dual,33,3140603786,1000,291,0.291,0.19931271477663232,0.180327868852459,0.01898484592417332,0.3049999999999998,-0.013999999999999846
0.1,dual,34,1436389518,1000,330,0.33,0.1696969696969697,0.180327868852459,-0.010630899155489287,0.3049999999999998,0.02500000000000019
0.1,dual,35,383160988,1000,282,0.282,0.22340425531914893,0.180327868852459,0.04307638646668993,0.3049999999999998,-0.022999999999999854
0.1,dual,36,1938137491,1000,299,0.299,0.22742474916387959,0.180327868852459,0.04709688031142059,0.3049999999999998,-0.005999999999999839
0.1,dual,37,3824162700,1000,331,0.331,0.1782477341389728,0.180327868852459,-0.002080134713486198,0.3049999999999998,0.02600000000000019
0.1,dual,38,1549708928,1000,336,0.336,0.16964285714285715,0.180327868852459,-0.010685011709601844,0.3049999999999998,0.031000000000000194
0.1,dual,39,3041441685,1000,289,0.289,0.21107266435986158,0.180327868852459,0.030744795507402584,0.3049999999999998,-0.015999999999999848
0.1,dual,40,299733431,1000,287,0.287,0.1986062717770035,0.180327868852459,0.018278402924544496,0.3049999999999998,-0.01799999999999985
0.1,dual,41,2698893184,1000,298,0.298,0.24161073825503357,0.180327868852459,0.061282869402574575,0.3049999999999998,-0.00699999999999984
0.1,dual,42,207306732,1000,302,0.302,0.22185430463576158,0.180327868852459,0.04152643578330259,0.3049999999999998,-0.002999999999999836
0.1,dual,43,3453212505,1000,293,0.293,0.15699658703071673,0.180327868852459,-0.023331281821742267,0.3049999999999998,-0.011999999999999844
0.1,dual,44,1520193567,1000,320,0.32,0.2,0.180327868852459,0.019672131147541017,0.3049999999999998,0.01500000000000018
0.1,dual,45,1490759097,1000,299,0.299,0.1806020066889632,0.180327868852459,0.00027413783650420687,0.3049999999999998,-0.005999999999999839
0.1,dual,46,2877775660,1000,320,0.32,0.1625,0.180327868852459,-0.01782786885245899,0.3049999999999998,0.01500000000000018
0.1,dual,47,1420669547,1000,282,0.282,0.1453900709219858,0.180327868852459,-0.03493779793047319,0.3049999999999998,-0.022999999999999854
0.1,dual,48,3393983913,1000,290,0.29,0.17586206896551723,0.180327868852459,-0.0044657998869417626,0.3049999999999998,-0.014999999999999847
0.1,dual,49,3868935169,1000,299,0.299,0.18729096989966554,0.180327868852459,0.0069631010472065435,0.3049999999999998,-0.005999999999999839
0.1,dual,50,3253159551,1000,307,0.307,0.13680781758957655,0.180327868852459,-0.04352005126288244,0.3049999999999998,0.0020000000000001683
0.01,triple,1,1810369678,1000,276,0.276,0.021739130434782608,0.025041959349231556,-0.003302828914448948,0.25513918510171313,0.020860814898286895
0.01,triple,2,619476111,1000,254,0.254,0.007874015748031496,0.025041959349231556,-0.01716794360120006,0.25513918510171313,-0.001139185101713125
0.01,triple,3,1129726287,1000,265,0.265,0.03018867924528302,0.025041959349231556,0.005146719896051463,0.25513918510171313,0.009860814898286885
0.01,triple,4,2938678413,1000,267,0.267,0.0299625468164794,0.025041959349231556,0.004920587467247845,0.25513918510171313,0.011860814898286887
0.01,triple,5,3615499355,1000,268,0.268,0.026119402985074626,0.025041959349231556,0.00107744363584307,0.25513918510171313,0.012860814898286888
0.01,triple,6,2897565830,1000,269,0.269,0.03345724907063197,0.025041959349231556,0.008415289721400411,0.25513918510171313,0.013860814898286888
0.01,triple,7,3560681215,1000,242,0.242,0.008264462809917356,0.025041959349231556,-0.0167774965393142,0.25513918510171313,-0.013139185101713136
0.01,triple,8,2373714877,1000,259,0.259,0.02702702702702703,0.025041959349231556,0.0019850676777954726,0.25513918510171313,0.0038608148982868795
0.01,triple,9,3149348549,1000,247,0.247,0.016194331983805668,0.025041959349231556,-0.008847627365425888,0.25513918510171313,-0.008139185101713131
0.01,triple,10,3303303180,1000,273,0.273,0.03296703296703297,0.025041959349231556,0.007925073617801412,0.25513918510171313,0.017860814898286892
0.01,triple,11,848552156,1000,253,0.253,0.015810276679841896,0.025041959349231556,-0.00923168266938966,0.25513918510171313,-0.002139185101713126
0.01,triple,12,3908860407,1000,237,0.237,0.016877637130801686,0.025041959349231556,-0.00816432221842987,0.25513918510171313,-0.01813918510171314
0.01,triple,13,568952792,1000,270,0.27,0.011111111111111112,0.025041959349231556,-0.013930848238120444,0.25513918510171313,0.01486081489828689
0.01,triple,14,1918128869,1000,263,0.263,0.015209125475285171,0.025041959349231556,-0.009832833873946385,0.25513918510171313,0.007860814898286883
0.01,triple,15,2313380155,1000,266,0.266,0.03007518796992481,0.025041959349231556,0.0050332286206932544,0.25513918510171313,0.010860814898286886
0.01,triple,16,1871005712,1000,249,0.249,0.012048192771084338,0.025041959349231556,-0.012993766578147218,0.25513918510171313,-0.006139185101713129
0.01,triple,17,2530456584,1000,254,0.254,0.03937007874015748,0.025041959349231556,0.014328119390925924,0.25513918510171313,-0.001139185101713125
0.01,triple,18,945815441,1000,245,0.245,0.04081632653061224,0.025041959349231556,0.015774367181380686,0.25513918510171313,-0.010139185101713133
0.01,triple,19,2921761176,1000,236,0.236,0.012711864406779662,0.025041959349231556,-0.012330094942451894,0.25513918510171313,-0.01913918510171314
0.01,triple,20,3833056630,1000,274,0.274,0.014598540145985401,0.025041959349231556,-0.010443419203246155,0.25513918510171313,0.018860814898286893
0.01,triple,21,561819779,1000,247,0.247,0.024291497975708502,0.025041959349231556,-0.0007504613735230536,0.25513918510171313,-0.008139185101713131
0.01,triple,22,1711403854,1000,262,0.262,0.019083969465648856,0.025041959349231556,-0.0059579898835827,0.25513918510171313,0.006860814898286882
0.01,triple,23,3044839594,1000,219,0.219,0.0273972602739726,0.025041959349231556,0.0023553009247410453,0.25513918510171313,-0.03613918510171313
0.01,triple,24,4136926152,1000,249,0.249,0.028112449799196786,0.025041959349231556,0.0030704904499652304,0.25513918510171313,-0.006139185101713129
0.01,triple,25,2383419139,1000,242,0.242,0.024793388429752067,0.025041959349231556,-0.0002485709194794891,0.25513918510171313,-0.013139185101713136
0.01,triple,26,1118690795,1000,265,0.265,0.03018867924528302,0.025041959349231556,0.005146719896051463,0.25513918510171313,0.009860814898286885
0.01,triple,27,2424454469,1000,267,0.267,0.0149812734082397,0.025041959349231556,-0.010060685940991855,0.25513918510171313,0.011860814898286887
0.01,triple,28,1765611023,1000,280,0.28,0.03214285714285714,0.025041959349231556,0.007100897793625584,0.25513918510171313,0.024860814898286898
0.01,triple,29,652669273,1000,258,0.258,0.01937984496124031,0.025041959349231556,-0.005662114387991246,0.25513918510171313,0.0028608148982868786
0.01,triple,30,3574415851,1000,257,0.257,0.01556420233463035,0.025041959349231556,-0.009477757014601206,0.25513918510171313,0.0018608148982868777
0.01,triple,31,585477095,1000,276,0.276,0.021739130434782608,0.025041959349231556,-0.003302828914448948,0.25513918510171313,0.020860814898286895
0.01,triple,32,4208612546,1000,279,0.279,0.025089605734767026,0.025041959349231556,4.7646385535470015e-05,0.25513918510171313,0.023860814898286897
0.01,triple,33,2504997897,1000,239,0.239,0.03765690376569038,0.025041959349231556,0.012614944416458822,0.25513918510171313,-0.016139185101713138
0.01,triple,34,2217256542,1000,241,0.241,0.029045643153526972,0.025041959349231556,0.004003683804295416,0.25513918510171313,-0.014139185101713136
0.01,triple,35,2082673536,1000,250,0.25,0.04,0.025041959349231556,0.014958040650768445,0.25513918510171313,-0.0051391851017131285
0.01,triple,36,2435412364,1000,252,0.252,0.027777777777777776,0.025041959349231556,0.0027358184285462203,0.25513918510171313,-0.0031391851017131267
0.01,triple,37,2374826454,1000,270,0.27,0.02962962962962963,0.025041959349231556,0.004587670280398075,0.25513918510171313,0.01486081489828689
0.01,triple,38,4033137299,1000,243,0.243,0.024691358024691357,0.025041959349231556,-0.00035060132454019927,0.25513918510171313,-0.012139185101713135
0.01,triple,39,2835875074,1000,237,0.237,0.02531645569620253,0.025041959349231556,0.00027449634697097533,0.25513918510171313,-0.01813918510171314
0.01,triple,40,2201939400,1000,253,0.253,0.011857707509881422,0.025041959349231556,-0.013184251839350134,0.25513918510171313,-0.002139185101713126
0.01,triple,41,2812597136,1000,275,0.275,0.02181818181818182,0.025041959349231556,-0.003223777531049736,0.25513918510171313,0.019860814898286894
0.01,triple,42,1473416605,1000,253,0.253,0.023715415019762844,0.025041959349231556,-0.0013265443294687117,0.25513918510171313,-0.002139185101713126
0.01,triple,43,808433928,1000,265,0.265,0.026415094339622643,0.025041959349231556,0.0013731349903910867,0.25513918510171313,0.009860814898286885
0.01,triple,44,2805819622,1000,242,0.242,0.008264462809917356,0.025041959349231556,-0.0167774965393142,0.25513918510171313,-0.013139185101713136
0.01,triple,45,1404871124,1000,251,0.251,0.03187250996015936,0.025041959349231556,0.006830550610927806,0.25513918510171313,-0.004139185101713128
0.01,triple,46,1633587112,1000,262,0.262,0.026717557251908396,0.025041959349231556,0.0016755979026768404,0.25513918510171313,0.006860814898286882
0.01,triple,47,3501565257,1000,247,0.247,0.032388663967611336,0.025041959349231556,0.0073467046183797804,0.25513918510171313,-0.008139185101713131
0.01,triple,48,453756953,1000,259,0.259,0.03474903474903475,0.025041959349231556,0.009707075399803193,0.25513918510171313,0.0038608148982868795
0.01,triple,49,4139089397,1000,263,0.263,0.0076045627376425855,0.025041959349231556,-0.01743739661158897,0.25513918510171313,0.007860814898286883
0.01,triple,50,3392468073,1000,253,0.253,0.019762845849802372,0.025041959349231556,-0.005279113499429184,0.25513918510171313,-0.002139185101713126
0.02,triple,1,1072666779,1000,269,0.269,0.040892193308550186,0.048591290511832266,-0.007699097203282081,0.2601405658070424,0.008859434192957594
0.02,triple,2,1549317265,1000,264,0.264,0.06439393939393939,0.048591290511832266,0.015802648882107126,0.2601405658070424,0.0038594341929575893
0.02,triple,3,1731169665,1000,249,0.249,0.024096385542168676,0.048591290511832266,-0.02449490496966359,0.2601405658070424,-0.011140565807042424
0.02,triple,4,3180014991,1000,264,0.264,0.06818181818181818,0.048591290511832266,0.01959052766998591,0.2601405658070424,0.0038594341929575893
0.02,triple,5,3803501019,1000,276,0.276,0.06159420289855073,0.048591290511832266,0.013002912386718461,0.2601405658070424,0.0158594341929576
0.02,triple,6,1965440404,1000,230,0.23,0.06086956521739131,0.048591290511832266,0.01227827470555904,0.2601405658070424,-0.030140565807042413
0.02,triple,7,2355881869,1000,258,0.258,0.046511627906976744,0.048591290511832266,-0.002079662604855523,0.2601405658070424,-0.002140565807042416
0.02,triple,8,3547743106,1000,241,0.241,0.03319502074688797,0.048591290511832266,-0.0153962697649443,0.2601405658070424,-0.01914056580704243
0.02,triple,9,3630880367,1000,272,0.272,0.03676470588235294,0.048591290511832266,-0.011826584629479324,0.2601405658070424,0.011859434192957596
0.02,triple,10,4070600900,1000,287,0.287,0.03484320557491289,0.048591290511832266,-0.013748084936919376,0.2601405658070424,0.026859434192957554
0.02,triple,11,3224280914,1000,259,0.259,0.04247104247104247,0.048591290511832266,-0.006120248040789797,0.2601405658070424,-0.0011405658070424152
0.02,triple,12,4172179714,1000,272,0.272,0.04779411764705882,0.048591290511832266,-0.0007971728647734461,0.2601405658070424,0.011859434192957596
0.02,triple,13,2283328038,1000,239,0.239,0.04602510460251046,0.048591290511832266,-0.002566185909321804,0.2601405658070424,-0.021140565807042433
0.02,triple,14,1861633433,1000,254,0.254,0.06692913385826772,0.048591290511832266,0.018337843346435456,0.2601405658070424,-0.00614056580704242
0.02,triple,15,2233548670,1000,236,0.236,0.06779661016949153,0.048591290511832266,0.01920531965765926,0.2601405658070424,-0.024140565807042436
0.02,triple,16,2753813868,1000,262,0.262,0.026717557251908396,0.048591290511832266,-0.02187373325992387,0.2601405658070424,0.0018594341929575875
0.02,triple,17,22344101,1000,243,0.243,0.04938271604938271,0.048591290511832266,0.000791425537550447,0.2601405658070424,-0.01714056580704243
0.02,triple,18,704908197,1000,257,0.257,0.0311284046692607,0.048591290511832266,-0.017462885842571566,0.2601405658070424,-0.003140565807042417
0.02,triple,19,2869622635,1000,258,0.258,0.050387596899224806,0.048591290511832266,0.0017963063873925392,0.2601405658070424,-0.002140565807042416
0.02,triple,20,1666251231,1000,225,0.225,0.035555555555555556,0.048591290511832266,-0.01303573495627671,0.2601405658070424,-0.03514056580704242
0.02,triple,21,488688653,1000,234,0.234,0.07264957264957266,0.048591290511832266,0.02405828213774039,0.2601405658070424,-0.02614056580704241
0.02,triple,22,1907513720,1000,306,0.306,0.06862745098039216,0.048591290511832266,0.020036160468559897,0.2601405658070424,0.04585943419295757
0.02,triple,23,2378300325,1000,241,0.241,0.024896265560165973,0.048591290511832266,-0.023695024951666293,0.2601405658070424,-0.01914056580704243
0.02,triple,24,788381019,1000,252,0.252,0.05952380952380952,0.048591290511832266,0.010932519011977254,0.2601405658070424,-0.008140565807042421
0.02,triple,25,2884797497,1000,255,0.255,0.058823529411764705,0.048591290511832266,0.010232238899932439,0.2601405658070424,-0.005140565807042419
0.02,triple,26,3921529018,1000,265,0.265,0.06037735849056604,0.048591290511832266,0.011786067978733772,0.2601405658070424,0.00485943419295759
0.02,triple,27,3505173370,1000,260,0.26,0.04230769230769231,0.048591290511832266,-0.006283598204139956,0.2601405658070424,-0.00014056580704241428
0.02,triple,28,3107579965,1000,254,0.254,0.03937007874015748,0.048591290511832266,-0.009221211771674787,0.2601405658070424,-0.00614056580704242
0.02,triple,29,678227587,1000,281,0.281,0.046263345195729534,0.048591290511832266,-0.002327945316102732,0.2601405658070424,0.020859434192957604
0.02,triple,30,3784273463,1000,268,0.268,0.03731343283582089,0.048591290511832266,-0.011277857676011374,0.2601405658070424,0.007859434192957593
0.02,triple,31,1711042247,1000,276,0.276,0.043478260869565216,0.048591290511832266,-0.00511302964226705,0.2601405658070424,0.0158594341929576
0.02,triple,32,3735551983,1000,266,0.266,0.06390977443609022,0.048591290511832266,0.015318483924257956,0.2601405658070424,0.005859434192957591
0.02,triple,33,89173218,1000,252,0.252,0.03571428571428571,0.048591290511832266,-0.012877004797546554,0.2601405658070424,-0.008140565807042421
0.02,triple,34,4015226344,1000,240,0.24,0.05416666666666667,0.048591290511832266,0.005575376154834402,0.2601405658070424,-0.020140565807042432
0.02,triple,35,1825854465,1000,267,0.267,0.04868913857677903,0.048591290511832266,9.784806494676085e-05,0.2601405658070424,0.006859434192957592
0.02,triple,36,556155298,1000,249,0.249,0.028112449799196786,0.048591290511832266,-0.02047884071263548,0.2601405658070424,-0.011140565807042424
0.02,triple,37,2544470453,1000,258,0.258,0.06589147286821706,0.048591290511832266,0.017300182356384794,0.2601405658070424,-0.002140565807042416
0.02,triple,38,3444503906,1000,258,0.258,0.07364341085271318,0.048591290511832266,0.025052120340880918,0.2601405658070424,-0.002140565807042416
0.02,triple,39,2521917824,1000,249,0.249,0.07228915662650602,0.048591290511832266,0.023697866114673755,0.2601405658070424,-0.011140565807042424
0.02,triple,40,3408867265,1000,282,0.282,0.0673758865248227,0.048591290511832266,0.01878459601299043,0.2601405658070424,0.02185943419295755
0.02,triple,41,1601530263,1000,264,0.264,0.04924242424242424,0.048591290511832266,0.000651133730591974,0.2601405658070424,0.0038594341929575893
0.02,triple,42,1672274440,1000,243,0.243,0.04938271604938271,0.048591290511832266,0.000791425537550447,0.2601405658070424,-0.01714056580704243
0.02,triple,43,491592549,1000,250,0.25,0.048,0.048591290511832266,-0.0005912905118322653,0.2601405658070424,-0.010140565807042423
0.02,triple,44,937303698,1000,251,0.251,0.06374501992031872,0.048591290511832266,0.015153729408486458,0.2601405658070424,-0.009140565807042422
0.02,triple,45,1329153930,1000,285,0.285,0.03508771929824561,0.048591290511832266,-0.013503571213586654,0.2601405658070424,0.024859434192957552
0.02,triple,46,2603406047,1000,244,0.244,0.040983606557377046,0.048591290511832266,-0.00760768395445522,0.2601405658070424,-0.01614056580704243
0.02,triple,47,3512807791,1000,276,0.276,0.057971014492753624,0.048591290511832266,0.009379723980921358,0.2601405658070424,0.0158594341929576
0.02,triple,48,745180703,1000,279,0.279,0.07526881720430108,0.048591290511832266,0.02667752669246881,0.2601405658070424,0.018859434192957603
0.02,triple,49,3937890934,1000,274,0.274,0.051094890510948905,0.048591290511832266,0.002503599999116639,0.2601405658070424,0.013859434192957598
0.02,triple,50,2006897625,1000,258,0.258,0.03875968992248062,0.048591290511832266,-0.009831600589351647,0.2601405658070424,-0.002140565807042416
0.03,triple,1,2838456814,1000,269,0.269,0.07434944237918216,0.07077184281645711,0.003577599562725048,0.2650048839957399,0.003995116004260113
0.03,triple,2,3642610531,1000,224,0.224,0.026785714285714284,0.07077184281645711,-0.043986128530742824,0.2650048839957399,-0.0410048839957399
0.03,triple,3,4048040464,1000,266,0.266,0.07894736842105263,0.07077184281645711,0.008175525604595515,0.2650048839957399,0.0009951160042601104
0.03,triple,4,300880751,1000,262,0.262,0.0648854961832061,0.07077184281645711,-0.005886346633251008,0.2650048839957399,-0.003004883995739893
0.03,triple,5,3154004690,1000,271,0.271,0.07749077490774908,0.07077184281645711,0.006718932091291971,0.2650048839957399,0.005995116004260115
0.03,triple,6,4073590199,1000,247,0.247,0.08502024291497975,0.07077184281645711,0.014248400098522643,0.2650048839957399,-0.018004883995739906
0.03,triple,7,3586370037,1000,284,0.284,0.056338028169014086,0.07077184281645711,-0.014433814647443026,0.2650048839957399,0.01899511600426007
0.03,triple,8,2551290540,1000,264,0.264,0.05303030303030303,0.07077184281645711,-0.01774153978615408,0.2650048839957399,-0.0010048839957398914
0.03,triple,9,1858761199,1000,232,0.232,0.06896551724137931,0.07077184281645711,-0.0018063255750778023,0.2650048839957399,-0.03300488399573989
0.03,triple,10,175883754,1000,275,0.275,0.07272727272727272,0.07077184281645711,0.001955429910815612,0.2650048839957399,0.009995116004260118
0.03,triple,11,3208607649,1000,264,0.264,0.06060606060606061,0.07077184281645711,-0.010165782210396504,0.2650048839957399,-0.0010048839957398914
0.03,triple,12,1906944681,1000,279,0.279,0.07168458781362007,0.07077184281645711,0.0009127449971629564,0.2650048839957399,0.013995116004260122
0.03,triple,13,3015133875,1000,274,0.274,0.05474452554744526,0.07077184281645711,-0.016027317269011854,0.2650048839957399,0.008995116004260117
0.03,triple,14,2130355131,1000,246,0.246,0.06097560975609756,0.07077184281645711,-0.009796233060359552,0.2650048839957399,-0.019004883995739907
0.03,triple,15,1175730372,1000,289,0.289,0.06228373702422145,0.07077184281645711,-0.008488105792235662,0.2650048839957399,0.023995116004260075
0.03,triple,16,2796531489,1000,264,0.264,0.06818181818181818,0.07077184281645711,-0.002590024634638935,0.2650048839957399,-0.0010048839957398914
0.03,triple,17,2212162097,1000,267,0.267,0.10112359550561797,0.07077184281645711,0.030351752689160863,0.2650048839957399,0.0019951160042601113
0.03,triple,18,3111493114,1000,265,0.265,0.08679245283018867,0.07077184281645711,0.016020610013731562,0.2650048839957399,-4.883995739890512e-06
0.03,triple,19,1618328672,1000,262,0.262,0.12213740458015267,0.07077184281645711,0.051365561763695555,0.2650048839957399,-0.003004883995739893
0.03,triple,20,3702739954,1000,258,0.258,0.06201550387596899,0.07077184281645711,-0.00875633894048812,0.2650048839957399,-0.007004883995739897
0.03,triple,21,1510560541,1000,235,0.235,0.06808510638297872,0.07077184281645711,-0.002686736433478387,0.2650048839957399,-0.030004883995739917
0.03,triple,22,1034172262,1000,261,0.261,0.06513409961685823,0.07077184281645711,-0.00563774319959888,0.2650048839957399,-0.004004883995739894
0.03,triple,23,407088189,1000,261,0.261,0.11877394636015326,0.07077184281645711,0.04800210354369615,0.2650048839957399,-0.004004883995739894
0.03,triple,24,1225036474,1000,261,0.261,0.06513409961685823,0.07077184281645711,-0.00563774319959888,0.2650048839957399,-0.004004883995739894
0.03,triple,25,3581927403,1000,291,0.291,0.08934707903780069,0.07077184281645711,0.018575236221343577,0.2650048839957399,0.025995116004260077
0.03,triple,26,1922137823,1000,272,0.272,0.0625,0.07077184281645711,-0.008271842816457112,0.2650048839957399,0.006995116004260116
0.03,triple,27,3270512390,1000,261,0.261,0.09195402298850575,0.07077184281645711,0.021182180172048634,0.2650048839957399,-0.004004883995739894
0.03,triple,28,910754377,1000,243,0.243,0.0823045267489712,0.07077184281645711,0.011532683932514082,0.2650048839957399,-0.02200488399573991
0.03,triple,29,3835737921,1000,276,0.276,0.03985507246376811,0.07077184281645711,-0.030916770352689,0.2650048839957399,0.01099511600426012
0.03,triple,30,2280488232,1000,269,0.269,0.04460966542750929,0.07077184281645711,-0.02616217738894782,0.2650048839957399,0.003995116004260113
0.03,triple,31,550320747,1000,261,0.261,0.07279693486590039,0.07077184281645711,0.002025092049443275,0.2650048839957399,-0.004004883995739894
0.03,triple,32,3043169187,1000,268,0.268,0.055970149253731345,0.07077184281645711,-0.014801693562725766,0.2650048839957399,0.002995116004260112
0.03,triple,33,2940638985,1000,261,0.261,0.07279693486590039,0.07077184281645711,0.002025092049443275,0.2650048839957399,-0.004004883995739894
0.03,triple,34,3745148569,1000,268,0.268,0.0708955223880597,0.07077184281645711,0.00012367957160258625,0.2650048839957399,0.002995116004260112
0.03,triple,35,2201445478,1000,255,0.255,0.08627450980392157,0.07077184281645711,0.015502666987464456,0.2650048839957399,-0.0100048839957399
0.03,triple,36,2562803079,1000,236,0.236,0.059322033898305086,0.07077184281645711,-0.011449808918152025,0.2650048839957399,-0.029004883995739916
0.03,triple,37,1144354970,1000,263,0.263,0.07604562737642585,0.07077184281645711,0.005273784559968742,0.2650048839957399,-0.0020048839957398923
0.03,triple,38,3337533142,1000,253,0.253,0.03557312252964427,0.07077184281645711,-0.03519872028681284,0.2650048839957399,-0.012004883995739901
0.03,triple,39,973806286,1000,271,0.271,0.06273062730627306,0.07077184281645711,-0.008041215510184052,0.2650048839957399,0.005995116004260115
0.03,triple,40,3354157709,1000,253,0.253,0.07905138339920949,0.07077184281645711,0.008279540582752376,0.2650048839957399,-0.012004883995739901
0.03,triple,41,669077672,1000,256,0.256,0.08203125,0.07077184281645711,0.011259407183542888,0.2650048839957399,-0.009004883995739899
0.03,triple,42,3833379703,1000,282,0.282,0.07446808510638298,0.07077184281645711,0.0036962422899258635,0.2650048839957399,0.01699511600426007
0.03,triple,43,1739918915,1000,271,0.271,0.07749077490774908,0.07077184281645711,0.006718932091291971,0.2650048839957399,0.005995116004260115
0.03,triple,44,587048691,1000,254,0.254,0.07480314960629922,0.07077184281645711,0.004031306789842107,0.2650048839957399,-0.0110048839957399
0.03,triple,45,826547843,1000,257,0.257,0.058365758754863814,0.07077184281645711,-0.012406084061593298,0.2650048839957399,-0.008004883995739898
0.03,triple,46,4141717697,1000,272,0.272,0.0625,0.07077184281645711,-0.008271842816457112,0.2650048839957399,0.006995116004260116
0.03,triple,47,3266552384,1000,247,0.247,0.0931174089068826,0.07077184281645711,0.022345566090425484,0.2650048839957399,-0.018004883995739906
0.03,triple,48,3586686045,1000,275,0.275,0.08727272727272728,0.07077184281645711,0.016500884456270168,0.2650048839957399,0.009995116004260118
0.03,triple,49,1703575903,1000,279,0.279,0.06810035842293907,0.07077184281645711,-0.0026714843935180393,0.2650048839957399,0.013995116004260122
0.03,triple,50,4038513580,1000,264,0.264,0.09848484848484848,0.07077184281645711,0.02771300566839137,0.2650048839957399,-0.0010048839957398914
0.04,triple,1,4181340615,1000,268,0.268,0.08582089552238806,0.09169399761802415,-0.005873102095636087,0.26973288666760176,-0.0017328866676017407
0.04,triple,2,3505506784,1000,248,0.248,0.08064516129032258,0.09169399761802415,-0.011048836327701567,0.26973288666760176,-0.02173288666760176
0.04,triple,3,2324865033,1000,252,0.252,0.07539682539682539,0.09169399761802415,-0.016297172221198752,0.26973288666760176,-0.017732886667601755
0.04,triple,4,3895728639,1000,281,0.281,0.08185053380782918,0.09169399761802415,-0.009843463810194963,0.26973288666760176,0.01126711333239827
0.04,triple,5,4117188557,1000,259,0.259,0.11196911196911197,0.09169399761802415,0.020275114351087822,0.26973288666760176,-0.010732886667601749
0.04,triple,6,848786816,1000,249,0.249,0.09236947791164658,0.09169399761802415,0.000675480293622438,0.26973288666760176,-0.020732886667601758
0.04,triple,7,1068664726,1000,256,0.256,0.08203125,0.09169399761802415,-0.009662747618024145,0.26973288666760176,-0.013732886667601751
0.04,triple,8,629953704,1000,264,0.264,0.10227272727272728,0.09169399761802415,0.010578729654703134,0.26973288666760176,-0.005732886667601744
0.04,triple,9,3582070322,1000,253,0.253,0.1225296442687747,0.09169399761802415,0.03083564665075056,0.26973288666760176,-0.016732886667601754
0.04,triple,10,4209855006,1000,278,0.278,0.08992805755395683,0.09169399761802415,-0.0017659400640673145,0.26973288666760176,0.008267113332398268
0.04,triple,11,1945802625,1000,254,0.254,0.1062992125984252,0.09169399761802415,0.014605214980401057,0.26973288666760176,-0.015732886667601753
0.04,triple,12,1043558745,1000,277,0.277,0.11552346570397112,0.09169399761802415,0.023829468085946978,0.26973288666760176,0.007267113332398267
0.04,triple,13,3028878429,1000,268,0.268,0.07835820895522388,0.09169399761802415,-0.01333578866280026,0.26973288666760176,-0.0017328866676017407
0.04,triple,14,3639026548,1000,296,0.296,0.08445945945945946,0.09169399761802415,-0.007234538158564688,0.26973288666760176,0.02626711333239823
0.04,triple,15,421948958,1000,283,0.283,0.10600706713780919,0.09169399761802415,0.014313069519785046,0.26973288666760176,0.013267113332398217
0.04,triple,16,1359787981,1000,245,0.245,0.07346938775510205,0.09169399761802415,-0.018224609862922098,0.26973288666760176,-0.02473288666760176
0.04,triple,17,2065788458,1000,265,0.265,0.0830188679245283,0.09169399761802415,-0.008675129693495848,0.26973288666760176,-0.004732886667601743
0.04,triple,18,579684964,1000,268,0.268,0.08582089552238806,0.09169399761802415,-0.005873102095636087,0.26973288666760176,-0.0017328866676017407
0.04,triple,19,3177696816,1000,236,0.236,0.11440677966101695,0.09169399761802415,0.022712782042992805,0.26973288666760176,-0.03373288666760177
0.04,triple,20,3213507999,1000,255,0.255,0.08627450980392157,0.09169399761802415,-0.005419487814102578,0.26973288666760176,-0.014732886667601752
0.04,triple,21,3932802860,1000,299,0.299,0.10702341137123746,0.09169399761802415,0.015329413753213311,0.26973288666760176,0.02926711333239823
0.04,triple,22,2039632596,1000,254,0.254,0.08267716535433071,0.09169399761802415,-0.00901683226369343,0.26973288666760176,-0.015732886667601753
0.04,triple,23,1465801726,1000,281,0.281,0.08540925266903915,0.09169399761802415,-0.006284744948984997,0.26973288666760176,0.01126711333239827
0.04,triple,24,3120807420,1000,284,0.284,0.0880281690140845,0.09169399761802415,-0.0036658286039396443,0.26973288666760176,0.014267113332398218
0.04,triple,25,2680589969,1000,266,0.266,0.03383458646616541,0.09169399761802415,-0.05785941115185873,0.26973288666760176,-0.0037328866676017425
0.04,triple,26,4271796611,1000,256,0.256,0.078125,0.09169399761802415,-0.013568997618024145,0.26973288666760176,-0.013732886667601751
0.04,triple,27,460457569,1000,249,0.249,0.11646586345381527,0.09169399761802415,0.02477186583579112,0.26973288666760176,-0.020732886667601758
0.04,triple,28,558113551,1000,289,0.289,0.09342560553633218,0.09169399761802415,0.0017316079183080368,0.26973288666760176,0.019267113332398222
0.04,triple,29,1739265927,1000,276,0.276,0.06521739130434782,0.09169399761802415,-0.02647660631367632,0.26973288666760176,0.006267113332398266
0.04,triple,30,3855182655,1000,280,0.28,0.10357142857142858,0.09169399761802415,0.011877430953404433,0.26973288666760176,0.01026711333239827
0.04,triple,31,1319352014,1000,271,0.271,0.13284132841328414,0.09169399761802415,0.04114733079525999,0.26973288666760176,0.001267113332398262
0.04,triple,32,1147276325,1000,255,0.255,0.08235294117647059,0.09169399761802415,-0.009341056441553558,0.26973288666760176,-0.014732886667601752
0.04,triple,33,684918977,1000,287,0.287,0.09059233449477352,0.09169399761802415,-0.0011016631232506208,0.26973288666760176,0.01726711333239822
0.04,triple,34,999697700,1000,292,0.292,0.0958904109589041,0.09169399761802415,0.004196413340879959,0.26973288666760176,0.022267113332398225
0.04,triple,35,2788532261,1000,266,0.266,0.07894736842105263,0.09169399761802415,-0.012746629196971518,0.26973288666760176,-0.0037328866676017425
0.04,triple,36,1609499879,1000,278,0.278,0.06474820143884892,0.09169399761802415,-0.026945796179175224,0.26973288666760176,0.008267113332398268
0.04,triple,37,2929617165,1000,283,0.283,0.0812720848056537,0.09169399761802415,-0.01042191281237044,0.26973288666760176,0.013267113332398217
0.04,triple,38,3945620473,1000,276,0.276,0.06884057971014493,0.09169399761802415,-0.022853417907879217,0.26973288666760176,0.006267113332398266
0.04,triple,39,876348758,1000,281,0.281,0.08896797153024912,0.09169399761802415,-0.0027260260877750297,0.26973288666760176,0.01126711333239827
0.04,triple,40,2328207074,1000,259,0.259,0.10038610038610038,0.09169399761802415,0.008692102768076235,0.26973288666760176,-0.010732886667601749
0.04,triple,41,2823076258,1000,285,0.285,0.08421052631578947,0.09169399761802415,-0.007483471302234673,0.26973288666760176,0.015267113332398219
0.04,triple,42,3738106969,1000,287,0.287,0.10801393728222997,0.09169399761802415,0.01631993966420582,0.26973288666760176,0.01726711333239822
0.04,triple,43,3962130163,1000,270,0.27,0.06666666666666667,0.09169399761802415,-0.02502733095135748,0.26973288666760176,0.00026711333239826107
0.04,triple,44,863458974,1000,268,0.268,0.08582089552238806,0.09169399761802415,-0.005873102095636087,0.26973288666760176,-0.0017328866676017407
0.04,triple,45,366398073,1000,274,0.274,0.10218978102189781,0.09169399761802415,0.010495783403873665,0.26973288666760176,0.004267113332398265
0.04,triple,46,2025261671,1000,245,0.245,0.08979591836734693,0.09169399761802415,-0.001898079250677212,0.26973288666760176,-0.02473288666760176
0.04,triple,47,3354823346,1000,278,0.278,0.07553956834532374,0.09169399761802415,-0.016154429272700402,0.26973288666760176,0.008267113332398268
0.04,triple,48,4127542036,1000,271,0.271,0.07380073800738007,0.09169399761802415,-0.01789325961064407,0.26973288666760176,0.001267113332398262
0.04,triple,49,1517915711,1000,272,0.272,0.10661764705882353,0.09169399761802415,0.01492364944079938,0.26973288666760176,0.002267113332398263
0.04,triple,50,832715831,1000,267,0.267,0.11610486891385768,0.09169399761802415,0.02441087129583354,0.26973288666760176,-0.0027328866676017416
0.05,triple,1,1095373518,1000,275,0.275,0.09090909090909091,0.11145644657331528,-0.020547355664224373,0.2743253260461723,0.000674673953827698
0.05,triple,2,737840206,1000,253,0.253,0.15019762845849802,0.11145644657331528,0.03874118188518273,0.2743253260461723,-0.02132532604617232
0.05,triple,3,602446611,1000,248,0.248,0.12903225806451613,0.11145644657331528,0.01757581149120084,0.2743253260461723,-0.026325326046172326
0.05,triple,4,3643957404,1000,284,0.284,0.11619718309859155,0.11145644657331528,0.004740736525276262,0.2743253260461723,0.00967467395382765
0.05,triple,5,1433912158,1000,282,0.282,0.1595744680851064,0.11145644657331528,0.048118021511791106,0.2743253260461723,0.007674673953827649
0.05,triple,6,797529928,1000,268,0.268,0.10820895522388059,0.11145644657331528,-0.0032474913494346946,0.2743253260461723,-0.006325326046172308
0.05,triple,7,3407753984,1000,275,0.275,0.12,0.11145644657331528,0.00854355342668471,0.2743253260461723,0.000674673953827698
0.05,triple,8,1922545795,1000,290,0.29,0.09310344827586207,0.11145644657331528,-0.01835299829745321,0.2743253260461723,0.015674673953827656
0.05,triple,9,2408593396,1000,257,0.257,0.10116731517509728,0.11145644657331528,-0.010289131398218007,0.2743253260461723,-0.017325326046172318
0.05,triple,10,3634546403,1000,269,0.269,0.13382899628252787,0.11145644657331528,0.022372549709212583,0.2743253260461723,-0.005325326046172307
0.05,triple,11,150756466,1000,276,0.276,0.13768115942028986,0.11145644657331528,0.02622471284697457,0.2743253260461723,0.001674673953827699
0.05,triple,12,941925726,1000,272,0.272,0.08088235294117647,0.11145644657331528,-0.03057409363213881,0.2743253260461723,-0.0023253260461723047
0.05,triple,13,942932584,1000,279,0.279,0.12544802867383512,0.11145644657331528,0.013991582100519831,0.2743253260461723,0.004674673953827702
0.05,triple,14,2357143723,1000,264,0.264,0.14015151515151514,0.11145644657331528,0.028695068578199853,0.2743253260461723,-0.010325326046172312
0.05,triple,15,3591437524,1000,260,0.26,0.12692307692307692,0.11145644657331528,0.015466630349761631,0.2743253260461723,-0.014325326046172315
0.05,triple,16,1779701121,1000,271,0.271,0.12177121771217712,0.11145644657331528,0.010314771138861839,0.2743253260461723,-0.0033253260461723055
0.05,triple,17,1414185940,1000,269,0.269,0.09293680297397769,0.11145644657331528,-0.018519643599337596,0.2743253260461723,-0.005325326046172307
0.05,triple,18,1820517415,1000,268,0.268,0.1044776119402985,0.11145644657331528,-0.006978834633016781,0.2743253260461723,-0.006325326046172308
0.05,triple,19,2128141377,1000,263,0.263,0.11026615969581749,0.11145644657331528,-0.0011902868774977954,0.2743253260461723,-0.011325326046172313
0.05,triple,20,694828068,1000,286,0.286,0.12237762237762238,0.11145644657331528,0.010921175804307098,0.2743253260461723,0.011674673953827652
0.05,triple,21,3372858833,1000,287,0.287,0.07665505226480836,0.11145644657331528,-0.03480139430850693,0.2743253260461723,0.012674673953827653
0.05,triple,22,3710936296,1000,271,0.271,0.11439114391143912,0.11145644657331528,0.0029346973381238345,0.2743253260461723,-0.0033253260461723055
0.05,triple,23,2407184016,1000,293,0.293,0.11945392491467577,0.11145644657331528,0.007997478341360484,0.2743253260461723,0.01867467395382766
0.05,triple,24,479641179,1000,290,0.29,0.11379310344827587,0.11145644657331528,0.0023366568749605826,0.2743253260461723,0.015674673953827656
0.05,triple,25,1714951919,1000,270,0.27,0.12222222222222222,0.11145644657331528,0.010765775648906933,0.2743253260461723,-0.004325326046172306
0.05,triple,26,963451411,1000,278,0.278,0.0683453237410072,0.11145644657331528,-0.043111122832308085,0.2743253260461723,0.0036746739538277007
0.05,triple,27,1367904041,1000,261,0.261,0.10727969348659004,0.11145644657331528,-0.004176753086725243,0.2743253260461723,-0.013325326046172314
0.05,triple,28,3807710044,1000,273,0.273,0.13553113553113552,0.11145644657331528,0.024074688957820237,0.2743253260461723,-0.0013253260461723038
0.05,triple,29,1938112169,1000,293,0.293,0.09215017064846416,0.11145644657331528,-0.019306275924851124,0.2743253260461723,0.01867467395382766
0.05,triple,30,331334896,1000,267,0.267,0.09737827715355805,0.11145644657331528,-0.01407816941975723,0.2743253260461723,-0.007325326046172309
0.05,triple,31,1461705814,1000,283,0.283,0.10600706713780919,0.11145644657331528,-0.005449379435506094,0.2743253260461723,0.00867467395382765
0.05,triple,32,1515104145,1000,277,0.277,0.12274368231046931,0.11145644657331528,0.011287235737154025,0.2743253260461723,0.0026746739538277
0.05,triple,33,676973143,1000,270,0.27,0.11851851851851852,0.11145644657331528,0.007062071945203238,0.2743253260461723,-0.004325326046172306
0.05,triple,34,4012318484,1000,284,0.284,0.11267605633802817,0.11145644657331528,0.0012196097647128867,0.2743253260461723,0.00967467395382765
0.05,triple,35,2384608038,1000,285,0.285,0.12280701754385964,0.11145644657331528,0.011350570970544357,0.2743253260461723,0.010674673953827651
0.05,triple,36,1753626903,1000,284,0.284,0.1443661971830986,0.11145644657331528,0.03290975060978331,0.2743253260461723,0.00967467395382765
0.05,triple,37,3845860815,1000,274,0.274,0.0948905109489051,0.11145644657331528,-0.01656593562441018,0.2743253260461723,-0.0003253260461723029
0.05,triple,38,3955898744,1000,271,0.271,0.05904059040590406,0.11145644657331528,-0.05241585616741123,0.2743253260461723,-0.0033253260461723055
0.05,triple,39,618273995,1000,289,0.289,0.11418685121107267,0.11145644657331528,0.0027304046377573804,0.2743253260461723,0.014674673953827655
0.05,triple,40,1307810699,1000,287,0.287,0.10801393728222997,0.11145644657331528,-0.003442509291085319,0.2743253260461723,0.012674673953827653
0.05,triple,41,2940472248,1000,277,0.277,0.11552346570397112,0.11145644657331528,0.004067019130655838,0.2743253260461723,0.0026746739538277
0.05,triple,42,1402478399,1000,250,0.25,0.16,0.11145644657331528,0.04854355342668472,0.2743253260461723,-0.024325326046172324
0.05,triple,43,2109637780,1000,275,0.275,0.10545454545454545,0.11145644657331528,-0.006001901118769831,0.2743253260461723,0.000674673953827698
0.05,triple,44,697073025,1000,260,0.26,0.12307692307692308,0.11145644657331528,0.011620476503607799,0.2743253260461723,-0.014325326046172315
0.05,triple,45,3750839876,1000,261,0.261,0.13026819923371646,0.11145644657331528,0.01881175266040118,0.2743253260461723,-0.013325326046172314
0.05,triple,46,516519720,1000,293,0.293,0.10238907849829351,0.11145644657331528,-0.009067368075021773,0.2743253260461723,0.01867467395382766
0.05,triple,47,459261456,1000,296,0.296,0.13851351351351351,0.11145644657331528,0.02705706694019823,0.2743253260461723,0.02167467395382766
0.05,triple,48,1636675172,1000,294,0.294,0.10204081632653061,0.11145644657331528,-0.00941563024678467,0.2743253260461723,0.01967467395382766
0.05,triple,49,536568747,1000,261,0.261,0.09578544061302682,0.11145644657331528,-0.01567100596028846,0.2743253260461723,-0.013325326046172314
0.05,triple,50,4065715830,1000,261,0.261,0.12260536398467432,0.11145644657331528,0.011148917411359038,0.2743253260461723,-0.013325326046172314
0.06,triple,1,2004266805,1000,277,0.277,0.16606498194945848,0.13014769527798165,0.03591728667147684,0.2787829596858934,-0.0017829596858933705
0.06,triple,2,262505093,1000,286,0.286,0.13986013986013987,0.13014769527798165,0.009712444582158225,0.2787829596858934,0.007217040314106582
0.06,triple,3,193568695,1000,278,0.278,0.16546762589928057,0.13014769527798165,0.03531993062129893,0.2787829596858934,-0.0007829596858933696
0.06,triple,4,2447257615,1000,261,0.261,0.13026819923371646,0.13014769527798165,0.00012050395573481865,0.2787829596858934,-0.017782959685893385
0.06,triple,5,1759610094,1000,265,0.265,0.10943396226415095,0.13014769527798165,-0.0207137330138307,0.2787829596858934,-0.013782959685893381
0.06,triple,6,1589017317,1000,277,0.277,0.10469314079422383,0.13014769527798165,-0.025454554483757816,0.2787829596858934,-0.0017829596858933705
0.06,triple,7,2855845045,1000,248,0.248,0.14919354838709678,0.13014769527798165,0.019045853109115135,0.2787829596858934,-0.030782959685893396
0.06,triple,8,4286884158,1000,253,0.253,0.1422924901185771,0.13014769527798165,0.012144794840595441,0.2787829596858934,-0.025782959685893392
0.06,triple,9,340941129,1000,285,0.285,0.1368421052631579,0.13014769527798165,0.006694409985176258,0.2787829596858934,0.006217040314106581
0.06,triple,10,3370900618,1000,291,0.291,0.13402061855670103,0.13014769527798165,0.0038729232787193812,0.2787829596858934,0.012217040314106586
0.06,triple,11,585860364,1000,300,0.3,0.12,0.13014769527798165,-0.01014769527798165,0.2787829596858934,0.021217040314106594
0.06,triple,12,419338642,1000,305,0.305,0.11147540983606558,0.13014769527798165,-0.01867228544191607,0.2787829596858934,0.0262170403141066
0.06,triple,13,2731288092,1000,297,0.297,0.16161616161616163,0.13014769527798165,0.031468466338179985,0.2787829596858934,0.018217040314106592
0.06,triple,14,1767306534,1000,277,0.277,0.13357400722021662,0.13014769527798165,0.003426311942234972,0.2787829596858934,-0.0017829596858933705
0.06,triple,15,594256004,1000,305,0.305,0.09836065573770492,0.13014769527798165,-0.03178703954027673,0.2787829596858934,0.0262170403141066
0.06,triple,16,1095428607,1000,280,0.28,0.08928571428571429,0.13014769527798165,-0.04086198099226736,0.2787829596858934,0.0012170403141066322
0.06,triple,17,2376659154,1000,287,0.287,0.17421602787456447,0.13014769527798165,0.04406833259658283,0.2787829596858934,0.008217040314106583
0.06,triple,18,3566824839,1000,261,0.261,0.10344827586206896,0.13014769527798165,-0.02669941941591268,0.2787829596858934,-0.017782959685893385
0.06,triple,19,3008216076,1000,288,0.288,0.15625,0.13014769527798165,0.026102304722018355,0.2787829596858934,0.009217040314106584
0.06,triple,20,3701573976,1000,276,0.276,0.14492753623188406,0.13014769527798165,0.014779840953902418,0.2787829596858934,-0.0027829596858933714
0.06,triple,21,2508314912,1000,297,0.297,0.13804713804713806,0.13014769527798165,0.007899442769156412,0.2787829596858934,0.018217040314106592
0.06,triple,22,1604225457,1000,270,0.27,0.13333333333333333,0.13014769527798165,0.003185638055351686,0.2787829596858934,-0.008782959685893377
0.06,triple,23,172336458,1000,264,0.264,0.13636363636363635,0.13014769527798165,0.006215941085654708,0.2787829596858934,-0.014782959685893382
0.06,triple,24,1136668435,1000,280,0.28,0.14642857142857144,0.13014769527798165,0.01628087615058979,0.2787829596858934,0.0012170403141066322
0.06,triple,25,1422416367,1000,261,0.261,0.1111111111111111,0.13014769527798165,-0.01903658416687054,0.2787829596858934,-0.017782959685893385
0.06,triple,26,1787895742,1000,273,0.273,0.10622710622710622,0.13014769527798165,-0.02392058905087542,0.2787829596858934,-0.005782959685893374
0.06,triple,27,2644332489,1000,275,0.275,0.13818181818181818,0.13014769527798165,0.008034122903836538,0.2787829596858934,-0.0037829596858933723
0.06,triple,28,2614188268,1000,278,0.278,0.11510791366906475,0.13014769527798165,-0.015039781608916891,0.2787829596858934,-0.0007829596858933696
0.06,triple,29,3420971610,1000,292,0.292,0.136986301369863,0.13014769527798165,0.006838606091881361,0.2787829596858934,0.013217040314106587
0.06,triple,30,2535480851,1000,278,0.278,0.11870503597122302,0.13014769527798165,-0.011442659306758626,0.2787829596858934,-0.0007829596858933696
0.06,triple,31,2848602915,1000,281,0.281,0.12455516014234876,0.13014769527798165,-0.0055925351356328895,0.2787829596858934,0.002217040314106633
0.06,triple,32,691030457,1000,271,0.271,0.12546125461254612,0.13014769527798165,-0.004686440665435526,0.2787829596858934,-0.007782959685893376
0.06,triple,33,4059400370,1000,270,0.27,0.15555555555555556,0.13014769527798165,0.025407860277573913,0.2787829596858934,-0.008782959685893377
0.06,triple,34,1049233478,1000,294,0.294,0.12244897959183673,0.13014769527798165,-0.0076987156861449135,0.2787829596858934,0.015217040314106589
0.06,triple,35,1697355830,1000,260,0.26,0.1576923076923077,0.13014769527798165,0.027544612414326042,0.2787829596858934,-0.018782959685893386
0.06,triple,36,1493228579,1000,273,0.273,0.14652014652014653,0.13014769527798165,0.01637245124216488,0.2787829596858934,-0.005782959685893374
0.06,triple,37,434884474,1000,294,0.294,0.1326530612244898,0.13014769527798165,0.002505365946508159,0.2787829596858934,0.015217040314106589
0.06,triple,38,202103441,1000,252,0.252,0.13095238095238096,0.13014769527798165,0.0008046856743993136,0.2787829596858934,-0.026782959685893393
0.06,triple,39,3542166417,1000,224,0.224,0.13392857142857142,0.13014769527798165,0.003780876150589779,0.2787829596858934,-0.05478295968589339
0.06,triple,40,126381940,1000,272,0.272,0.12867647058823528,0.13014769527798165,-0.0014712246897463643,0.2787829596858934,-0.006782959685893375
0.06,triple,41,3980275477,1000,273,0.273,0.11721611721611722,0.13014769527798165,-0.01293157806186443,0.2787829596858934,-0.005782959685893374
0.06,triple,42,3449774182,1000,239,0.239,0.15481171548117154,0.13014769527798165,0.02466402020318989,0.2787829596858934,-0.039782959685893404
0.06,triple,43,4249819517,1000,258,0.258,0.10077519379844961,0.13014769527798165,-0.029372501479532034,0.2787829596858934,-0.020782959685893387
0.06,triple,44,2484869717,1000,290,0.29,0.1310344827586207,0.13014769527798165,0.0008867874806390563,0.2787829596858934,0.011217040314106586
0.06,triple,45,1737951835,1000,284,0.284,0.11619718309859155,0.13014769527798165,-0.013950512179390098,0.2787829596858934,0.00521704031410658
0.06,triple,46,2058265818,1000,285,0.285,0.13333333333333333,0.13014769527798165,0.003185638055351686,0.2787829596858934,0.006217040314106581
0.06,triple,47,3326098794,1000,295,0.295,0.09830508474576272,0.13014769527798165,-0.03184261053221893,0.2787829596858934,0.01621704031410659
0.06,triple,48,2908773274,1000,276,0.276,0.13768115942028986,0.13014769527798165,0.0075334641423082105,0.2787829596858934,-0.0027829596858933714
0.06,triple,49,481581050,1000,278,0.278,0.1510791366906475,0.13014769527798165,0.02093144141266584,0.2787829596858934,-0.0007829596858933696
0.06,triple,50,4044626499,1000,276,0.276,0.15579710144927536,0.13014769527798165,0.025649406171293715,0.2787829596858934,-0.0027829596858933714
0.07,triple,1,1814443681,1000,293,0.293,0.15017064846416384,0.14784734050371398,0.002323307960449855,0.28310655058285517,0.009893449417144817
0.07,triple,2,1038959017,1000,304,0.304,0.14473684210526316,0.14784734050371398,-0.003110498398450817,0.28310655058285517,0.020893449417144827
0.07,triple,3,2805809263,1000,303,0.303,0.10561056105610561,0.14784734050371398,-0.04223677944760837,0.28310655058285517,0.019893449417144826
0.07,triple,4,2455504278,1000,281,0.281,0.15658362989323843,0.14784734050371398,0.008736289389524449,0.28310655058285517,-0.002106550582855138
0.07,triple,5,2849556597,1000,298,0.298,0.14093959731543623,0.14784734050371398,-0.0069077431882777485,0.28310655058285517,0.014893449417144822
0.07,triple,6,592143555,1000,305,0.305,0.14098360655737704,0.14784734050371398,-0.006863733946336936,0.28310655058285517,0.021893449417144828
0.07,triple,7,3188161515,1000,261,0.261,0.13793103448275862,0.14784734050371398,-0.009916306020955362,0.28310655058285517,-0.022106550582855156
0.07,triple,8,2943058838,1000,254,0.254,0.15748031496062992,0.14784734050371398,0.009632974456915938,0.28310655058285517,-0.029106550582855162
0.07,triple,9,3734680079,1000,278,0.278,0.12589928057553956,0.14784734050371398,-0.021948059928174418,0.28310655058285517,-0.0051065505828551405
0.07,triple,10,3225155362,1000,293,0.293,0.15358361774744028,0.14784734050371398,0.005736277243726301,0.28310655058285517,0.009893449417144817
0.07,triple,11,1828446051,1000,288,0.288,0.16666666666666666,0.14784734050371398,0.018819326162952676,0.28310655058285517,0.004893449417144813
0.07,triple,12,247173921,1000,291,0.291,0.1718213058419244,0.14784734050371398,0.023973965338210418,0.28310655058285517,0.007893449417144816
0.07,triple,13,3408030618,1000,293,0.293,0.16040955631399317,0.14784734050371398,0.012562215810279193,0.28310655058285517,0.009893449417144817
0.07,triple,14,4205062470,1000,264,0.264,0.1590909090909091,0.14784734050371398,0.011243568587195107,0.28310655058285517,-0.019106550582855153
0.07,triple,15,3942538381,1000,317,0.317,0.1640378548895899,0.14784734050371398,0.01619051438587593,0.28310655058285517,0.03389344941714484
0.07,triple,16,1781182342,1000,309,0.309,0.14563106796116504,0.14784734050371398,-0.0022162725425489416,0.28310655058285517,0.02589344941714483
0.07,triple,17,42247487,1000,295,0.295,0.13898305084745763,0.14784734050371398,-0.008864289656256352,0.28310655058285517,0.011893449417144819
0.07,triple,18,785105442,1000,277,0.277,0.1407942238267148,0.14784734050371398,-0.007053116676999177,0.28310655058285517,-0.006106550582855141
0.07,triple,19,3779039268,1000,263,0.263,0.1520912547528517,0.14784734050371398,0.004243914249137726,0.28310655058285517,-0.020106550582855154
0.07,triple,20,2148306735,1000,261,0.261,0.1685823754789272,0.14784734050371398,0.02073503497521323,0.28310655058285517,-0.022106550582855156
0.07,triple,21,3504897002,1000,296,0.296,0.17229729729729729,0.14784734050371398,0.024449956793583305,0.28310655058285517,0.01289344941714482
0.07,triple,22,1009360955,1000,241,0.241,0.17012448132780084,0.14784734050371398,0.022277140824086855,0.28310655058285517,-0.04210655058285517
0.07,triple,23,2638313906,1000,255,0.255,0.16470588235294117,0.14784734050371398,0.016858541849227193,0.28310655058285517,-0.02810655058285516
0.07,triple,24,1822793459,1000,298,0.298,0.11409395973154363,0.14784734050371398,-0.033753380772170355,0.28310655058285517,0.014893449417144822
0.07,triple,25,2072568650,1000,277,0.277,0.148014440433213,0.14784734050371398,0.00016709992949900943,0.28310655058285517,-0.006106550582855141
0.07,triple,26,3955883272,1000,291,0.291,0.15120274914089346,0.14784734050371398,0.00335540863717948,0.28310655058285517,0.007893449417144816
0.07,triple,27,3743205144,1000,273,0.273,0.1684981684981685,0.14784734050371398,0.02065082799445453,0.28310655058285517,-0.010106550582855145
0.07,triple,28,3477318208,1000,287,0.287,0.17073170731707318,0.14784734050371398,0.022884366813359203,0.28310655058285517,0.003893449417144812
0.07,triple,29,60710128,1000,288,0.288,0.1527777777777778,0.14784734050371398,0.004930437274063809,0.28310655058285517,0.004893449417144813
0.07,triple,30,2559582976,1000,316,0.316,0.1550632911392405,0.14784734050371398,0.007215950635526519,0.28310655058285517,0.03289344941714484
0.07,triple,31,556709842,1000,286,0.286,0.1958041958041958,0.14784734050371398,0.04795685530048183,0.28310655058285517,0.002893449417144811
0.07,triple,32,2024393139,1000,269,0.269,0.15985130111524162,0.14784734050371398,0.012003960611527642,0.28310655058285517,-0.014106550582855149
0.07,triple,33,1920637149,1000,282,0.282,0.13829787234042554,0.14784734050371398,-0.009549468163288444,0.28310655058285517,-0.0011065505828551925
0.07,triple,34,2258172378,1000,291,0.291,0.13402061855670103,0.14784734050371398,-0.013826721947012954,0.28310655058285517,0.007893449417144816
0.07,triple,35,2435452292,1000,278,0.278,0.1510791366906475,0.14784734050371398,0.0032317961869335055,0.28310655058285517,-0.0051065505828551405
0.07,triple,36,1836129885,1000,275,0.275,0.12727272727272726,0.14784734050371398,-0.02057461323098672,0.28310655058285517,-0.008106550582855143
0.07,triple,37,2276178508,1000,260,0.26,0.14615384615384616,0.14784734050371398,-0.001693494349867819,0.28310655058285517,-0.023106550582855157
0.07,triple,38,3996224692,1000,263,0.263,0.155893536121673,0.14784734050371398,0.008046195617959023,0.28310655058285517,-0.020106550582855154
0.07,triple,39,3043787352,1000,273,0.273,0.12087912087912088,0.14784734050371398,-0.0269682196245931,0.28310655058285517,-0.010106550582855145
0.07,triple,40,4035628778,1000,277,0.277,0.1588447653429603,0.14784734050371398,0.010997424839246317,0.28310655058285517,-0.006106550582855141
0.07,triple,41,1495428073,1000,269,0.269,0.12639405204460966,0.14784734050371398,-0.021453288459104325,0.28310655058285517,-0.014106550582855149
0.07,triple,42,908209008,1000,260,0.26,0.15,0.14784734050371398,0.0021526594962860135,0.28310655058285517,-0.023106550582855157
0.07,triple,43,189810026,1000,272,0.272,0.1213235294117647,0.14784734050371398,-0.026523811091949276,0.28310655058285517,-0.011106550582855146
0.07,triple,44,627387743,1000,292,0.292,0.14383561643835616,0.14784734050371398,-0.0040117240653578246,0.28310655058285517,0.008893449417144816
0.07,triple,45,2642523175,1000,282,0.282,0.13829787234042554,0.14784734050371398,-0.009549468163288444,0.28310655058285517,-0.0011065505828551925
0.07,triple,46,2117816477,1000,298,0.298,0.15771812080536912,0.14784734050371398,0.009870780301655141,0.28310655058285517,0.014893449417144822
0.07,triple,47,2683305089,1000,270,0.27,0.13703703703703704,0.14784734050371398,-0.01081030346667694,0.28310655058285517,-0.013106550582855148
0.07,triple,48,3838432171,1000,268,0.268,0.14925373134328357,0.14784734050371398,0.0014063908395695879,0.28310655058285517,-0.01510655058285515
0.07,triple,49,1272526222,1000,281,0.281,0.1387900355871886,0.14784734050371398,-0.009057304916525372,0.28310655058285517,-0.002106550582855138
0.07,triple,50,1795015639,1000,285,0.285,0.1543859649122807,0.14784734050371398,0.006538624408566729,0.28310655058285517,0.0018934494171448102
0.08,triple,1,2711640350,1000,296,0.296,0.18243243243243243,0.16462715982799106,0.01780527260444137,0.28729686728931997,0.008703132710680017
0.08,triple,2,1029325074,1000,276,0.276,0.15942028985507245,0.16462715982799106,-0.00520686997291861,0.28729686728931997,-0.011296867289319945
0.08,triple,3,1589025773,1000,274,0.274,0.20802919708029197,0.16462715982799106,0.04340203725230091,0.28729686728931997,-0.013296867289319947
0.08,triple,4,3086546219,1000,305,0.305,0.17704918032786884,0.16462715982799106,0.012422020499877784,0.28729686728931997,0.017703132710680025
0.08,triple,5,1754973370,1000,299,0.299,0.18394648829431437,0.16462715982799106,0.01931932846632331,0.28729686728931997,0.01170313271068002
0.08,triple,6,2658996130,1000,262,0.262,0.16030534351145037,0.16462715982799106,-0.004321816316540689,0.28729686728931997,-0.025296867289319958
0.08,triple,7,3909429046,1000,279,0.279,0.14336917562724014,0.16462715982799106,-0.021257984200750923,0.28729686728931997,-0.008296867289319942
0.08,triple,8,2168956508,1000,290,0.29,0.16896551724137931,0.16462715982799106,0.004338357413388255,0.28729686728931997,0.002703132710680012
0.08,triple,9,734211589,1000,288,0.288,0.16666666666666666,0.16462715982799106,0.0020395068386755977,0.28729686728931997,0.00070313271068001
0.08,triple,10,608105463,1000,279,0.279,0.1935483870967742,0.16462715982799106,0.02892122726878313,0.28729686728931997,-0.008296867289319942
0.08,triple,11,1509602194,1000,286,0.286,0.17132867132867133,0.16462715982799106,0.006701511500680268,0.28729686728931997,-0.0012968672893199917
0.08,triple,12,3983696176,1000,263,0.263,0.1596958174904943,0.16462715982799106,-0.004931342337496758,0.28729686728931997,-0.024296867289319957
0.08,triple,13,1824275253,1000,302,0.302,0.12251655629139073,0.16462715982799106,-0.04211060353660033,0.28729686728931997,0.014703132710680022
0.08,triple,14,368993140,1000,281,0.281,0.1387900355871886,0.16462715982799106,-0.02583712424080245,0.28729686728931997,-0.006296867289319941
0.08,triple,15,3036880466,1000,268,0.268,0.20522388059701493,0.16462715982799106,0.040596720769023875,0.28729686728931997,-0.019296867289319952
0.08,triple,16,726404701,1000,278,0.278,0.1474820143884892,0.16462715982799106,-0.017145145439501852,0.28729686728931997,-0.009296867289319943
0.08,triple,17,1457423613,1000,296,0.296,0.1554054054054054,0.16462715982799106,-0.00922175442258566,0.28729686728931997,0.008703132710680017
0.08,triple,18,3928648000,1000,263,0.263,0.1482889733840304,0.16462715982799106,-0.01633818644396065,0.28729686728931997,-0.024296867289319957
0.08,triple,19,567769349,1000,266,0.266,0.14661654135338345,0.16462715982799106,-0.01801061847460761,0.28729686728931997,-0.021296867289319954
0.08,triple,20,3694928704,1000,305,0.305,0.17704918032786884,0.16462715982799106,0.012422020499877784,0.28729686728931997,0.017703132710680025
0.08,triple,21,82546378,1000,287,0.287,0.16376306620209058,0.16462715982799106,-0.0008640936259004806,0.28729686728931997,-0.00029686728931999085
0.08,triple,22,1642415624,1000,267,0.267,0.149812734082397,0.16462715982799106,-0.014814425745594051,0.28729686728931997,-0.020296867289319953
0.08,triple,23,4128982195,1000,301,0.301,0.16611295681063123,0.16462715982799106,0.0014857969826401751,0.28729686728931997,0.013703132710680022
0.08,triple,24,2394263611,1000,310,0.31,0.14193548387096774,0.16462715982799106,-0.022691675957023316,0.28729686728931997,0.02270313271068003
0.08,triple,25,3755680839,1000,280,0.28,0.18571428571428572,0.16462715982799106,0.02108712588629466,0.28729686728931997,-0.0072968672893199416
0.08,triple,26,2738703008,1000,310,0.31,0.13548387096774195,0.16462715982799106,-0.02914328886024911,0.28729686728931997,0.02270313271068003
0.08,triple,27,2614202966,1000,314,0.314,0.16878980891719744,0.16462715982799106,0.004162649089206383,0.28729686728931997,0.026703132710680033
0.08,triple,28,2039490430,1000,285,0.285,0.14385964912280702,0.16462715982799106,-0.02076751070518404,0.28729686728931997,-0.0022968672893199926
0.08,triple,29,666292842,1000,282,0.282,0.1453900709219858,0.16462715982799106,-0.019237088906005256,0.28729686728931997,-0.005296867289319995
0.08,triple,30,2878486723,1000,272,0.272,0.14338235294117646,0.16462715982799106,-0.0212448068868146,0.28729686728931997,-0.015296867289319949
0.08,triple,31,352197845,1000,282,0.282,0.1595744680851064,0.16462715982799106,-0.0050526917428846685,0.28729686728931997,-0.005296867289319995
0.08,triple,32,2519921009,1000,283,0.283,0.15901060070671377,0.16462715982799106,-0.005616559121277287,0.28729686728931997,-0.004296867289319994
0.08,triple,33,2984844090,1000,313,0.313,0.1501597444089457,0.16462715982799106,-0.014467415419045365,0.28729686728931997,0.025703132710680032
0.08,triple,34,1348041989,1000,269,0.269,0.1895910780669145,0.16462715982799106,0.024963918238923438,0.28729686728931997,-0.01829686728931995
0.08,triple,35,3179816969,1000,305,0.305,0.18360655737704917,0.16462715982799106,0.018979397549058113,0.28729686728931997,0.017703132710680025
0.08,triple,36,2109875206,1000,267,0.267,0.15730337078651685,0.16462715982799106,-0.00732378904147421,0.28729686728931997,-0.020296867289319953
0.08,triple,37,2158091724,1000,317,0.317,0.14195583596214512,0.16462715982799106,-0.022671323865845944,0.28729686728931997,0.029703132710680036
0.08,triple,38,81822809,1000,291,0.291,0.14776632302405499,0.16462715982799106,-0.016860836803936075,0.28729686728931997,0.0037031327106800127
0.08,triple,39,1053754851,1000,288,0.288,0.16319444444444445,0.16462715982799106,-0.0014327153835466122,0.28729686728931997,0.00070313271068001
0.08,triple,40,633782393,1000,257,0.257,0.19844357976653695,0.16462715982799106,0.033816419938545894,0.28729686728931997,-0.030296867289319962
0.08,triple,41,2232202458,1000,314,0.314,0.1624203821656051,0.16462715982799106,-0.0022067776623859725,0.28729686728931997,0.026703132710680033
0.08,triple,42,2735210181,1000,297,0.297,0.1447811447811448,0.16462715982799106,-0.01984601504684627,0.28729686728931997,0.009703132710680018
0.08,triple,43,1510929523,1000,296,0.296,0.16891891891891891,0.16462715982799106,0.004291759090927855,0.28729686728931997,0.008703132710680017
0.08,triple,44,320153736,1000,326,0.326,0.17484662576687116,0.16462715982799106,0.010219465938880096,0.28729686728931997,0.038703132710680044
0.08,triple,45,3381246928,1000,311,0.311,0.13504823151125403,0.16462715982799106,-0.02957892831673703,0.28729686728931997,0.02370313271068003
0.08,triple,46,140650308,1000,295,0.295,0.16610169491525423,0.16462715982799106,0.001474535087263168,0.28729686728931997,0.007703132710680016
0.08,triple,47,3599245791,1000,304,0.304,0.11513157894736842,0.16462715982799106,-0.04949558088062264,0.28729686728931997,0.016703132710680024
0.08,triple,48,3782610108,1000,305,0.305,0.15081967213114755,0.16462715982799106,-0.013807487696843507,0.28729686728931997,0.017703132710680025
0.08,triple,49,1637015675,1000,287,0.287,0.14634146341463414,0.16462715982799106,-0.018285696413356922,0.28729686728931997,-0.00029686728931999085
0.08,triple,50,1906976659,1000,273,0.273,0.15384615384615385,0.16462715982799106,-0.010781005981837205,0.28729686728931997,-0.014296867289319948
0.09,triple,1,192069195,1000,283,0.283,0.19081272084805653,0.18055204503380926,0.010260675814247278,0.29135468403219145,-0.008354684032191473
0.09,triple,2,2003718956,1000,301,0.301,0.2059800664451827,0.18055204503380926,0.025428021411373458,0.29135468403219145,0.009645315967808543
0.09,triple,3,4213768807,1000,290,0.29,0.17586206896551723,0.18055204503380926,-0.004689976068292023,0.29135468403219145,-0.0013546840321914666
0.09,triple,4,1594425171,1000,302,0.302,0.15562913907284767,0.18055204503380926,-0.024922905960961583,0.29135468403219145,0.010645315967808544
0.09,triple,5,916833826,1000,267,0.267,0.15355805243445692,0.18055204503380926,-0.02699399259935234,0.29135468403219145,-0.02435468403219143
0.09,triple,6,289306524,1000,280,0.28,0.17857142857142858,0.18055204503380926,-0.00198061646238068,0.29135468403219145,-0.01135468403219142
0.09,triple,7,2016421437,1000,273,0.273,0.18315018315018314,0.18055204503380926,0.0025981381163738826,0.29135468403219145,-0.018354684032191426
0.09,triple,8,327844169,1000,301,0.301,0.12956810631229235,0.18055204503380926,-0.05098393872151691,0.29135468403219145,0.009645315967808543
0.09,triple,9,4001458613,1000,293,0.293,0.16040955631399317,0.18055204503380926,-0.020142488719816082,0.29135468403219145,0.001645315967808536
0.09,triple,10,1297334924,1000,279,0.279,0.15412186379928317,0.18055204503380926,-0.02643018123452609,0.29135468403219145,-0.01235468403219142
0.09,triple,11,256271889,1000,273,0.273,0.16483516483516483,0.18055204503380926,-0.015716880198644423,0.29135468403219145,-0.018354684032191426
0.09,triple,12,1286686306,1000,313,0.313,0.1757188498402556,0.18055204503380926,-0.004833195193553658,0.29135468403219145,0.021645315967808554
0.09,triple,13,2506139811,1000,279,0.279,0.2114695340501792,0.18055204503380926,0.030917489016369953,0.29135468403219145,-0.01235468403219142
0.09,triple,14,399964281,1000,300,0.3,0.19,0.18055204503380926,0.009447954966190747,0.29135468403219145,0.008645315967808542
0.09,triple,15,2153331081,1000,301,0.301,0.2026578073089701,0.18055204503380926,0.02210576227516084,0.29135468403219145,0.009645315967808543
0.09,triple,16,3855357834,1000,272,0.272,0.19852941176470587,0.18055204503380926,0.017977366730896616,0.29135468403219145,-0.019354684032191427
0.09,triple,17,1854798514,1000,298,0.298,0.18791946308724833,0.18055204503380926,0.007367418053439073,0.29135468403219145,0.0066453159678085405
0.09,triple,18,2597121606,1000,278,0.278,0.20503597122302158,0.18055204503380926,0.02448392618921233,0.29135468403219145,-0.013354684032191422
0.09,triple,19,1590452612,1000,315,0.315,0.17777777777777778,0.18055204503380926,-0.0027742672560314707,0.29135468403219145,0.023645315967808556
0.09,triple,20,2732567934,1000,291,0.291,0.19243986254295534,0.18055204503380926,0.011887817509146081,0.29135468403219145,-0.0003546840321914657
0.09,triple,21,3901789591,1000,289,0.289,0.18685121107266436,0.18055204503380926,0.0062991660388551085,0.29135468403219145,-0.0023546840321914675
0.09,triple,22,2031576534,1000,290,0.29,0.2206896551724138,0.18055204503380926,0.040137610138604535,0.29135468403219145,-0.0013546840321914666
0.09,triple,23,3590886223,1000,319,0.319,0.21003134796238246,0.18055204503380926,0.029479302928573203,0.29135468403219145,0.02764531596780856
0.09,triple,24,2816285698,1000,300,0.3,0.19666666666666666,0.18055204503380926,0.0161146216328574,0.29135468403219145,0.008645315967808542
0.09,triple,25,3040597600,1000,310,0.31,0.16129032258064516,0.18055204503380926,-0.0192617224531641,0.29135468403219145,0.01864531596780855
0.09,triple,26,1244833498,1000,296,0.296,0.19256756756756757,0.18055204503380926,0.012015522533758316,0.29135468403219145,0.004645315967808539
0.09,triple,27,2903633852,1000,284,0.284,0.16901408450704225,0.18055204503380926,-0.011537960526767005,0.29135468403219145,-0.007354684032191472
0.09,triple,28,3799382299,1000,307,0.307,0.19543973941368079,0.18055204503380926,0.01488769437987153,0.29135468403219145,0.01564531596780855
0.09,triple,29,921977829,1000,277,0.277,0.1624548736462094,0.18055204503380926,-0.018097171387599864,0.29135468403219145,-0.014354684032191423
0.09,triple,30,3030295348,1000,267,0.267,0.18352059925093633,0.18055204503380926,0.0029685542171270785,0.29135468403219145,-0.02435468403219143
0.09,triple,31,712928424,1000,297,0.297,0.14814814814814814,0.18055204503380926,-0.032403896885661115,0.29135468403219145,0.00564531596780854
0.09,triple,32,3239030590,1000,274,0.274,0.15328467153284672,0.18055204503380926,-0.027267373500962533,0.29135468403219145,-0.017354684032191425
0.09,triple,33,2202679348,1000,285,0.285,0.17543859649122806,0.18055204503380926,-0.005113448542581195,0.29135468403219145,-0.006354684032191471
0.09,triple,34,3701491362,1000,316,0.316,0.18354430379746836,0.18055204503380926,0.002992258763659106,0.29135468403219145,0.024645315967808556
0.09,triple,35,1856277665,1000,310,0.31,0.18064516129032257,0.18055204503380926,9.311625651331479e-05,0.29135468403219145,0.01864531596780855
0.09,triple,36,3754012220,1000,275,0.275,0.1890909090909091,0.18055204503380926,0.008538864057099832,0.29135468403219145,-0.016354684032191424
0.09,triple,37,4173871848,1000,296,0.296,0.21283783783783783,0.18055204503380926,0.032285792804028574,0.29135468403219145,0.004645315967808539
0.09,triple,38,470081697,1000,318,0.318,0.1949685534591195,0.18055204503380926,0.014416508425310254,0.29135468403219145,0.02664531596780856
0.09,triple,39,136530207,1000,295,0.295,0.17288135593220338,0.18055204503380926,-0.007670689101605871,0.29135468403219145,0.003645315967808538
0.09,triple,40,2797867268,1000,288,0.288,0.18055555555555555,0.18055204503380926,3.5105217462971794e-06,0.29135468403219145,-0.0033546840321914684
0.09,triple,41,1763440545,1000,294,0.294,0.16666666666666666,0.18055204503380926,-0.013885378367142598,0.29135468403219145,0.002645315967808537
0.09,triple,42,2129794823,1000,278,0.278,0.21223021582733814,0.18055204503380926,0.03167817079352889,0.29135468403219145,-0.013354684032191422
0.09,triple,43,3157071800,1000,308,0.308,0.21103896103896103,0.18055204503380926,0.03048691600515177,0.29135468403219145,0.01664531596780855
0.09,triple,44,1594100247,1000,299,0.299,0.18394648829431437,0.18055204503380926,0.0033944432605051145,0.29135468403219145,0.007645315967808541
0.09,triple,45,662588365,1000,288,0.288,0.1701388888888889,0.18055204503380926,-0.01041315614492036,0.29135468403219145,-0.0033546840321914684
0.09,triple,46,2142985257,1000,275,0.275,0.16727272727272727,0.18055204503380926,-0.013279317761081988,0.29135468403219145,-0.016354684032191424
0.09,triple,47,2689753743,1000,279,0.279,0.18996415770609318,0.18055204503380926,0.009412112672283923,0.29135468403219145,-0.01235468403219142
0.09,triple,48,2471751952,1000,280,0.28,0.14285714285714285,0.18055204503380926,-0.037694902176666406,0.29135468403219145,-0.01135468403219142
0.09,triple,49,1945581639,1000,284,0.284,0.1795774647887324,0.18055204503380926,-0.0009745802450768504,0.29135468403219145,-0.007354684032191472
0.09,triple,50,1710415626,1000,295,0.295,0.18983050847457628,0.18055204503380926,0.00927846344076702,0.29135468403219145,0.003645315967808538
0.1,triple,1,3811796428,1000,317,0.317,0.17034700315457413,0.1956808047991031,-0.025333801644528975,0.295280780835622,0.021719219164378023
0.1,triple,2,2561893883,1000,297,0.297,0.20875420875420875,0.1956808047991031,0.013073403955105645,0.295280780835622,0.0017192191643780053
0.1,triple,3,3439861315,1000,307,0.307,0.15960912052117263,0.1956808047991031,-0.03607168427793048,0.295280780835622,0.011719219164378014
0.1,triple,4,2550185439,1000,295,0.295,0.18305084745762712,0.1956808047991031,-0.012629957341475984,0.295280780835622,-0.0002807808356219965
0.1,triple,5,3047810476,1000,292,0.292,0.18493150684931506,0.1956808047991031,-0.010749297949788045,0.295280780835622,-0.003280780835621999
0.1,triple,6,3088615691,1000,297,0.297,0.21548821548821548,0.1956808047991031,0.019807410689112376,0.295280780835622,0.0017192191643780053
0.1,triple,7,598848497,1000,293,0.293,0.19795221843003413,0.1956808047991031,0.0022714136309310295,0.295280780835622,-0.0022807808356219983
0.1,triple,8,2769278970,1000,280,0.28,0.23214285714285715,0.1956808047991031,0.03646205234375405,0.295280780835622,-0.015280780835621954
0.1,triple,9,3544157852,1000,282,0.282,0.22340425531914893,0.1956808047991031,0.027723450520045823,0.295280780835622,-0.013280780835622008
0.1,triple,10,3372254414,1000,305,0.305,0.17049180327868851,0.1956808047991031,-0.02518900152041459,0.295280780835622,0.009719219164378012
0.1,triple,11,1509059917,1000,289,0.289,0.19377162629757785,0.1956808047991031,-0.0019091785015252494,0.295280780835622,-0.006280780835622002
0.1,triple,12,3686818445,1000,308,0.308,0.17532467532467533,0.1956808047991031,-0.020356129474427775,0.295280780835622,0.012719219164378015
0.1,triple,13,2509695573,1000,299,0.299,0.2040133779264214,0.1956808047991031,0.008332573127318305,0.295280780835622,0.003719219164378007
0.1,triple,14,3368956613,1000,292,0.292,0.2054794520547945,0.1956808047991031,0.009798647255691406,0.295280780835622,-0.003280780835621999
0.1,triple,15,3527313282,1000,318,0.318,0.22012578616352202,0.1956808047991031,0.024444981364418916,0.295280780835622,0.022719219164378024
0.1,triple,16,2995316507,1000,281,0.281,0.15658362989323843,0.1956808047991031,-0.03909717490586467,0.295280780835622,-0.014280780835621953
0.1,triple,17,802067549,1000,273,0.273,0.18681318681318682,0.1956808047991031,-0.008867617985916287,0.295280780835622,-0.02228078083562196
0.1,triple,18,3866205366,1000,299,0.299,0.15719063545150502,0.1956808047991031,-0.03849016934759808,0.295280780835622,0.003719219164378007
0.1,triple,19,2952963994,1000,307,0.307,0.18241042345276873,0.1956808047991031,-0.013270381346334376,0.295280780835622,0.011719219164378014
0.1,triple,20,3085173111,1000,289,0.289,0.2041522491349481,0.1956808047991031,0.008471444335844985,0.295280780835622,-0.006280780835622002
0.1,triple,21,1025825394,1000,300,0.3,0.18,0.1956808047991031,-0.01568080479910311,0.295280780835622,0.004719219164378008
0.1,triple,22,3823125824,1000,301,0.301,0.2159468438538206,0.1956808047991031,0.020266039054717494,0.295280780835622,0.005719219164378009
0.1,triple,23,3297226639,1000,284,0.284,0.13732394366197184,0.1956808047991031,-0.05835686113713126,0.295280780835622,-0.011280780835622006
0.1,triple,24,1260862303,1000,288,0.288,0.1840277777777778,0.1956808047991031,-0.011653027021325313,0.295280780835622,-0.007280780835622003
0.1,triple,25,2868031753,1000,288,0.288,0.19444444444444445,0.1956808047991031,-0.0012363603546586555,0.295280780835622,-0.007280780835622003
0.1,triple,26,181093270,1000,285,0.285,0.24561403508771928,0.1956808047991031,0.04993323028861618,0.295280780835622,-0.010280780835622005
0.1,triple,27,373970958,1000,317,0.317,0.2082018927444795,0.1956808047991031,0.012521087945376402,0.295280780835622,0.021719219164378023
0.1,triple,28,221560599,1000,291,0.291,0.18556701030927836,0.1956808047991031,-0.010113794489824746,0.295280780835622,-0.004280780835622
0.1,triple,29,2902387424,1000,280,0.28,0.225,0.1956808047991031,0.029319195200896903,0.295280780835622,-0.015280780835621954
0.1,triple,30,2822225028,1000,291,0.291,0.18900343642611683,0.1956808047991031,-0.00667736837298627,0.295280780835622,-0.004280780835622
0.1,triple,31,3678854088,1000,311,0.311,0.2057877813504823,0.1956808047991031,0.01010697655137921,0.295280780835622,0.015719219164378018
0.1,triple,32,1892337524,1000,306,0.306,0.22875816993464052,0.1956808047991031,0.03307736513553741,0.295280780835622,0.010719219164378013
0.1,triple,33,1195892838,1000,288,0.288,0.2013888888888889,0.1956808047991031,0.005708084089785792,0.295280780835622,-0.007280780835622003
0.1,triple,34,3902336591,1000,298,0.298,0.2080536912751678,0.1956808047991031,0.012372886476064687,0.295280780835622,0.002719219164378006
0.1,triple,35,3695418302,1000,280,0.28,0.19642857142857142,0.1956808047991031,0.0007477666294683216,0.295280780835622,-0.015280780835621954
0.1,triple,36,3804105428,1000,294,0.294,0.1870748299319728,0.1956808047991031,-0.0086059748671303,0.295280780835622,-0.0012807808356219974
0.1,triple,37,1280821178,1000,305,0.305,0.1737704918032787,0.1956808047991031,-0.02191031299582441,0.295280780835622,0.009719219164378012
0.1,triple,38,2059463520,1000,286,0.286,0.1958041958041958,0.1956808047991031,0.0001233910050927045,0.295280780835622,-0.009280780835622005
0.1,triple,39,420589600,1000,315,0.315,0.18412698412698414,0.1956808047991031,-0.011553820672118964,0.295280780835622,0.01971921916437802
0.1,triple,40,2872710956,1000,305,0.305,0.17049180327868851,0.1956808047991031,-0.02518900152041459,0.295280780835622,0.009719219164378012
0.1,triple,41,2452481286,1000,297,0.297,0.23232323232323232,0.1956808047991031,0.03664242752412922,0.295280780835622,0.0017192191643780053
0.1,triple,42,2825915514,1000,283,0.283,0.19081272084805653,0.1956808047991031,-0.00486808395104657,0.295280780835622,-0.012280780835622007
0.1,triple,43,3174863474,1000,297,0.297,0.19528619528619529,0.1956808047991031,-0.00039460951290781754,0.295280780835622,0.0017192191643780053
0.1,triple,44,4108926324,1000,315,0.315,0.23492063492063492,0.1956808047991031,0.039239830121531816,0.295280780835622,0.01971921916437802
0.1,triple,45,2528936924,1000,295,0.295,0.20677966101694914,0.1956808047991031,0.011098856217846037,0.295280780835622,-0.0002807808356219965
0.1,triple,46,1657319080,1000,294,0.294,0.21768707482993196,0.1956808047991031,0.02200627003082886,0.295280780835622,-0.0012807808356219974
0.1,triple,47,4127568842,1000,266,0.266,0.21052631578947367,0.1956808047991031,0.01484551099037057,0.295280780835622,-0.029280780835621967
0.1,triple,48,3663045474,1000,260,0.26,0.20384615384615384,0.1956808047991031,0.00816534904705074,0.295280780835622,-0.03528078083562197
0.1,triple,49,369764428,1000,303,0.303,0.19801980198019803,0.1956808047991031,0.002338997181094926,0.295280780835622,0.007719219164378011
0.1,triple,50,1240156594,1000,275,0.275,0.20363636363636364,0.1956808047991031,0.00795555883726054,0.295280780835622,-0.02028078083562196
